"Pais","Country","Year","icd10_code","age_group","freq_muerte","mediana","media","banda","desviacion","exceso"
"Belice",2045,"2015",1001,"0-4",9,7,7.25,8.7,2,2
"Belice",2045,"2015",1001,"10-14",2,1,1.25,1.5,1,1
"Belice",2045,"2015",1001,"15-19",3,2,2,2.4,1,1
"Belice",2045,"2015",1001,"20-24",4,5,5.5,6.6,-1,0
"Belice",2045,"2015",1001,"25-29",5,7.5,8.25,9.9,-2.5,0
"Belice",2045,"2015",1001,"30-34",16,15,16.25,19.5,1,0
"Belice",2045,"2015",1001,"35-39",20,20.5,21.75,26.1,-0.5,0
"Belice",2045,"2015",1001,"40-44",19,18,17,20.4,1,0
"Belice",2045,"2015",1001,"45-49",17,16.5,16.25,19.5,0.5,0
"Belice",2045,"2015",1001,"5-9",2,1,1,1.2,1,1
"Belice",2045,"2015",1001,"50-54",14,14,14,16.8,0,0
"Belice",2045,"2015",1001,"55-59",10,12,12,14.4,-2,0
"Belice",2045,"2015",1001,"60-64",13,14,13.5,16.2,-1,0
"Belice",2045,"2015",1001,"65-69",7,7,8,9.6,0,0
"Belice",2045,"2015",1001,"70-74",7,7,7.75,9.3,0,0
"Belice",2045,"2015",1001,"75-79",1,6.5,5.5,6.6,-5.5,0
"Belice",2045,"2015",1001,"80-84",2,2.5,3,3.6,-0.5,0
"Belice",2045,"2015",1001,"85-89",3,3.5,3.5,4.2,-0.5,0
"Belice",2045,"2015",1001,"90-94",1,1.5,1.75,2.1,-0.5,0
"Belice",2045,"2015",1001,"95+",0,0,0.5,0.6,0,0
"Belice",2045,"2015",1026,"0-4",2,1,1.5,1.8,1,1
"Belice",2045,"2015",1026,"10-14",1,1,0.75,0.9,0,0
"Belice",2045,"2015",1026,"15-19",2,2,2.25,2.7,0,0
"Belice",2045,"2015",1026,"20-24",1,1.5,1.75,2.1,-0.5,0
"Belice",2045,"2015",1026,"25-29",2,2.5,2.5,3,-0.5,0
"Belice",2045,"2015",1026,"30-34",4,5.5,6,7.2,-1.5,0
"Belice",2045,"2015",1026,"35-39",5,7.5,7,8.4,-2.5,0
"Belice",2045,"2015",1026,"40-44",10,10,10.75,12.9,0,0
"Belice",2045,"2015",1026,"45-49",16,13,12.75,15.3,3,3
"Belice",2045,"2015",1026,"5-9",2,1,1,1.2,1,1
"Belice",2045,"2015",1026,"50-54",22,16.5,16,19.2,5.5,5.5
"Belice",2045,"2015",1026,"55-59",27,19.5,20.5,24.6,7.5,7.5
"Belice",2045,"2015",1026,"60-64",23,24.5,26,31.2,-1.5,0
"Belice",2045,"2015",1026,"65-69",15,26,23.5,28.2,-11,0
"Belice",2045,"2015",1026,"70-74",21,20,19,22.8,1,0
"Belice",2045,"2015",1026,"75-79",23,22.5,23,27.6,0.5,0
"Belice",2045,"2015",1026,"80-84",20,19.5,18.75,22.5,0.5,0
"Belice",2045,"2015",1026,"85-89",18,13.5,13.75,16.5,4.5,4.5
"Belice",2045,"2015",1026,"90-94",4,5.5,6.25,7.5,-1.5,0
"Belice",2045,"2015",1026,"95+",2,1.5,1.5,1.8,0.5,0.5
"Belice",2045,"2015",1048,"0-4",0,0,0,0,0,0
"Belice",2045,"2015",1048,"10-14",0,0,0,0,0,0
"Belice",2045,"2015",1048,"15-19",2,1,1,1.2,1,1
"Belice",2045,"2015",1048,"20-24",0,0,0.25,0.3,0,0
"Belice",2045,"2015",1048,"25-29",1,1,0.75,0.9,0,0
"Belice",2045,"2015",1048,"30-34",1,0,0.25,0.3,1,1
"Belice",2045,"2015",1048,"35-39",1,0.5,0.5,0.6,0.5,0.5
"Belice",2045,"2015",1048,"40-44",0,0.5,0.75,0.9,-0.5,0
"Belice",2045,"2015",1048,"45-49",0,1,0.75,0.9,-1,0
"Belice",2045,"2015",1048,"5-9",0,0,0.25,0.3,0,0
"Belice",2045,"2015",1048,"50-54",1,1.5,1.5,1.8,-0.5,0
"Belice",2045,"2015",1048,"55-59",0,0.5,0.75,0.9,-0.5,0
"Belice",2045,"2015",1048,"60-64",0,0.5,1.5,1.8,-0.5,0
"Belice",2045,"2015",1048,"65-69",0,0.5,0.5,0.6,-0.5,0
"Belice",2045,"2015",1048,"70-74",2,0.5,0.75,0.9,1.5,1.5
"Belice",2045,"2015",1048,"75-79",0,1,1.25,1.5,-1,0
"Belice",2045,"2015",1048,"80-84",2,1.5,2,2.4,0.5,0
"Belice",2045,"2015",1048,"85-89",1,1,1.25,1.5,0,0
"Belice",2045,"2015",1048,"90-94",0,1,1.5,1.8,-1,0
"Belice",2045,"2015",1048,"95+",0,0.5,0.5,0.6,-0.5,0
"Belice",2045,"2015",1051,"0-4",2,2,1.75,2.1,0,0
"Belice",2045,"2015",1051,"10-14",1,0.5,0.5,0.6,0.5,0.5
"Belice",2045,"2015",1051,"15-19",1,0.5,0.5,0.6,0.5,0.5
"Belice",2045,"2015",1051,"20-24",1,1,1.5,1.8,0,0
"Belice",2045,"2015",1051,"25-29",2,2,2.25,2.7,0,0
"Belice",2045,"2015",1051,"30-34",1,1.5,1.75,2.1,-0.5,0
"Belice",2045,"2015",1051,"35-39",4,4,3.5,4.2,0,0
"Belice",2045,"2015",1051,"40-44",2,4.5,4.5,5.4,-2.5,0
"Belice",2045,"2015",1051,"45-49",5,9,9.75,11.7,-4,0
"Belice",2045,"2015",1051,"5-9",0,0,0,0,0,0
"Belice",2045,"2015",1051,"50-54",17,19,19.25,23.1,-2,0
"Belice",2045,"2015",1051,"55-59",26,19,20.25,24.3,7,7
"Belice",2045,"2015",1051,"60-64",26,27.5,25.75,30.9,-1.5,0
"Belice",2045,"2015",1051,"65-69",26,29.5,31,37.2,-3.5,0
"Belice",2045,"2015",1051,"70-74",25,23,23.25,27.9,2,0
"Belice",2045,"2015",1051,"75-79",19,22,22.5,27,-3,0
"Belice",2045,"2015",1051,"80-84",16,21,24.75,29.7,-5,0
"Belice",2045,"2015",1051,"85-89",18,17,17,20.4,1,0
"Belice",2045,"2015",1051,"90-94",5,7,7,8.4,-2,0
"Belice",2045,"2015",1051,"95+",2,4.5,4.25,5.1,-2.5,0
"Belice",2045,"2015",1055,"0-4",0,0,0,0,0,0
"Belice",2045,"2015",1055,"10-14",0,0,0,0,0,0
"Belice",2045,"2015",1055,"15-19",0,0,0,0,0,0
"Belice",2045,"2015",1055,"20-24",0,0,0,0,0,0
"Belice",2045,"2015",1055,"25-29",0,0,0,0,0,0
"Belice",2045,"2015",1055,"30-34",0,0,0,0,0,0
"Belice",2045,"2015",1055,"35-39",0,0,0.25,0.3,0,0
"Belice",2045,"2015",1055,"40-44",0,0,0,0,0,0
"Belice",2045,"2015",1055,"45-49",1,0.5,0.5,0.6,0.5,0.5
"Belice",2045,"2015",1055,"5-9",0,0,0,0,0,0
"Belice",2045,"2015",1055,"50-54",0,0,0.25,0.3,0,0
"Belice",2045,"2015",1055,"55-59",2,2.5,2.5,3,-0.5,0
"Belice",2045,"2015",1055,"60-64",0,0.5,0.5,0.6,-0.5,0
"Belice",2045,"2015",1055,"65-69",0,1.5,1.25,1.5,-1.5,0
"Belice",2045,"2015",1055,"70-74",1,0.5,0.75,0.9,0.5,0.5
"Belice",2045,"2015",1055,"75-79",1,1,1,1.2,0,0
"Belice",2045,"2015",1055,"80-84",0,0,0.5,0.6,0,0
"Belice",2045,"2015",1055,"85-89",0,0.5,0.75,0.9,-0.5,0
"Belice",2045,"2015",1055,"90-94",1,1,0.75,0.9,0,0
"Belice",2045,"2015",1055,"95+",0,0,0.25,0.3,0,0
"Belice",2045,"2015",1058,"0-4",4,3,3,3.6,1,1
"Belice",2045,"2015",1058,"10-14",0,1,1.5,1.8,-1,0
"Belice",2045,"2015",1058,"15-19",1,1,1.25,1.5,0,0
"Belice",2045,"2015",1058,"20-24",1,1,1.25,1.5,0,0
"Belice",2045,"2015",1058,"25-29",2,1.5,1.25,1.5,0.5,0.5
"Belice",2045,"2015",1058,"30-34",4,2,2,2.4,2,2
"Belice",2045,"2015",1058,"35-39",1,1.5,1.5,1.8,-0.5,0
"Belice",2045,"2015",1058,"40-44",1,0.5,0.5,0.6,0.5,0.5
"Belice",2045,"2015",1058,"45-49",1,1,1.25,1.5,0,0
"Belice",2045,"2015",1058,"5-9",1,1,1.25,1.5,0,0
"Belice",2045,"2015",1058,"50-54",0,1.5,1.75,2.1,-1.5,0
"Belice",2045,"2015",1058,"55-59",4,1.5,2,2.4,2.5,2.5
"Belice",2045,"2015",1058,"60-64",2,2,2,2.4,0,0
"Belice",2045,"2015",1058,"65-69",0,1,1,1.2,-1,0
"Belice",2045,"2015",1058,"70-74",5,2,2.25,2.7,3,3
"Belice",2045,"2015",1058,"75-79",3,3.5,3.5,4.2,-0.5,0
"Belice",2045,"2015",1058,"80-84",4,2.5,2.75,3.3,1.5,1.5
"Belice",2045,"2015",1058,"85-89",3,3,3.25,3.9,0,0
"Belice",2045,"2015",1058,"90-94",0,1,1.25,1.5,-1,0
"Belice",2045,"2015",1058,"95+",1,0.5,0.5,0.6,0.5,0.5
"Belice",2045,"2015",1064,"0-4",3,2.5,2,2.4,0.5,0.5
"Belice",2045,"2015",1064,"10-14",0,0.5,0.75,0.9,-0.5,0
"Belice",2045,"2015",1064,"15-19",0,0,0.5,0.6,0,0
"Belice",2045,"2015",1064,"20-24",2,2,1.75,2.1,0,0
"Belice",2045,"2015",1064,"25-29",3,2.5,2.5,3,0.5,0
"Belice",2045,"2015",1064,"30-34",4,3.5,4,4.8,0.5,0
"Belice",2045,"2015",1064,"35-39",2,5.5,5.25,6.3,-3.5,0
"Belice",2045,"2015",1064,"40-44",10,11,10.75,12.9,-1,0
"Belice",2045,"2015",1064,"45-49",13,15,15.25,18.3,-2,0
"Belice",2045,"2015",1064,"5-9",0,0,0.25,0.3,0,0
"Belice",2045,"2015",1064,"50-54",14,19,18,21.6,-5,0
"Belice",2045,"2015",1064,"55-59",33,30,29.75,35.7,3,0
"Belice",2045,"2015",1064,"60-64",30,36,34.75,41.7,-6,0
"Belice",2045,"2015",1064,"65-69",41,41,39.25,47.1,0,0
"Belice",2045,"2015",1064,"70-74",22,38,35.5,42.6,-16,0
"Belice",2045,"2015",1064,"75-79",46,51.5,52.5,63,-5.5,0
"Belice",2045,"2015",1064,"80-84",67,57.5,57.25,68.7,9.5,0
"Belice",2045,"2015",1064,"85-89",51,57,56.75,68.1,-6,0
"Belice",2045,"2015",1064,"90-94",39,26,28.5,34.2,13,13
"Belice",2045,"2015",1064,"95+",17,16,15.75,18.9,1,0
"Belice",2045,"2015",1072,"0-4",12,11.5,11.75,14.1,0.5,0
"Belice",2045,"2015",1072,"10-14",0,1,1,1.2,-1,0
"Belice",2045,"2015",1072,"15-19",2,2,2.25,2.7,0,0
"Belice",2045,"2015",1072,"20-24",2,2.5,2.5,3,-0.5,0
"Belice",2045,"2015",1072,"25-29",3,3,3.5,4.2,0,0
"Belice",2045,"2015",1072,"30-34",4,3.5,3.5,4.2,0.5,0
"Belice",2045,"2015",1072,"35-39",3,2.5,3,3.6,0.5,0
"Belice",2045,"2015",1072,"40-44",5,5.5,5.25,6.3,-0.5,0
"Belice",2045,"2015",1072,"45-49",5,5,6,7.2,0,0
"Belice",2045,"2015",1072,"5-9",1,1,1,1.2,0,0
"Belice",2045,"2015",1072,"50-54",10,10,8.5,10.2,0,0
"Belice",2045,"2015",1072,"55-59",9,8.5,8.5,10.2,0.5,0
"Belice",2045,"2015",1072,"60-64",13,7,8.25,9.9,6,6
"Belice",2045,"2015",1072,"65-69",11,13.5,12.5,15,-2.5,0
"Belice",2045,"2015",1072,"70-74",12,14.5,15,18,-2.5,0
"Belice",2045,"2015",1072,"75-79",19,19,18.75,22.5,0,0
"Belice",2045,"2015",1072,"80-84",26,23.5,23.5,28.2,2.5,0
"Belice",2045,"2015",1072,"85-89",19,18.5,20,24,0.5,0
"Belice",2045,"2015",1072,"90-94",19,15,15,18,4,4
"Belice",2045,"2015",1072,"95+",10,9.5,9.25,11.1,0.5,0
"Belice",2045,"2015",1078,"0-4",3,2,1.75,2.1,1,1
"Belice",2045,"2015",1078,"10-14",0,0,0,0,0,0
"Belice",2045,"2015",1078,"15-19",3,1.5,1.5,1.8,1.5,1.5
"Belice",2045,"2015",1078,"20-24",1,1,1,1.2,0,0
"Belice",2045,"2015",1078,"25-29",6,2.5,3.25,3.9,3.5,3.5
"Belice",2045,"2015",1078,"30-34",3,4,4,4.8,-1,0
"Belice",2045,"2015",1078,"35-39",3,4.5,4,4.8,-1.5,0
"Belice",2045,"2015",1078,"40-44",3,3.5,4.25,5.1,-0.5,0
"Belice",2045,"2015",1078,"45-49",12,7.5,7.5,9,4.5,4.5
"Belice",2045,"2015",1078,"5-9",3,0.5,1,1.2,2.5,2.5
"Belice",2045,"2015",1078,"50-54",14,11,11,13.2,3,3
"Belice",2045,"2015",1078,"55-59",11,14.5,15,18,-3.5,0
"Belice",2045,"2015",1078,"60-64",13,11,11.75,14.1,2,0
"Belice",2045,"2015",1078,"65-69",4,9,8.5,10.2,-5,0
"Belice",2045,"2015",1078,"70-74",4,8.5,9.25,11.1,-4.5,0
"Belice",2045,"2015",1078,"75-79",4,6,6.75,8.1,-2,0
"Belice",2045,"2015",1078,"80-84",6,5.5,5.25,6.3,0.5,0
"Belice",2045,"2015",1078,"85-89",3,6,5.75,6.9,-3,0
"Belice",2045,"2015",1078,"90-94",1,2,2,2.4,-1,0
"Belice",2045,"2015",1078,"95+",2,1,1,1.2,1,1
"Belice",2045,"2015",1082,"0-4",0,0,0,0,0,0
"Belice",2045,"2015",1082,"10-14",0,0,0,0,0,0
"Belice",2045,"2015",1082,"15-19",0,0,0,0,0,0
"Belice",2045,"2015",1082,"20-24",1,0,0.25,0.3,1,1
"Belice",2045,"2015",1082,"25-29",0,0,0.25,0.3,0,0
"Belice",2045,"2015",1082,"30-34",0,0,0,0,0,0
"Belice",2045,"2015",1082,"35-39",0,0,0,0,0,0
"Belice",2045,"2015",1082,"40-44",0,0,0,0,0,0
"Belice",2045,"2015",1082,"45-49",0,0,0,0,0,0
"Belice",2045,"2015",1082,"5-9",0,0,0,0,0,0
"Belice",2045,"2015",1082,"50-54",0,0,0,0,0,0
"Belice",2045,"2015",1082,"55-59",0,0,0.25,0.3,0,0
"Belice",2045,"2015",1082,"60-64",0,0,0.5,0.6,0,0
"Belice",2045,"2015",1082,"65-69",0,0.5,0.5,0.6,-0.5,0
"Belice",2045,"2015",1082,"70-74",0,0.5,1.25,1.5,-0.5,0
"Belice",2045,"2015",1082,"75-79",0,0.5,1,1.2,-0.5,0
"Belice",2045,"2015",1082,"80-84",0,0.5,0.75,0.9,-0.5,0
"Belice",2045,"2015",1082,"85-89",0,1,1,1.2,-1,0
"Belice",2045,"2015",1082,"90-94",2,1.5,1.5,1.8,0.5,0.5
"Belice",2045,"2015",1082,"95+",0,0.5,0.5,0.6,-0.5,0
"Belice",2045,"2015",1083,"0-4",0,0,0,0,0,0
"Belice",2045,"2015",1083,"10-14",0,0,0,0,0,0
"Belice",2045,"2015",1083,"15-19",1,1,1,1.2,0,0
"Belice",2045,"2015",1083,"20-24",0,0,0.25,0.3,0,0
"Belice",2045,"2015",1083,"25-29",2,0,0.5,0.6,2,2
"Belice",2045,"2015",1083,"30-34",1,0.5,0.5,0.6,0.5,0.5
"Belice",2045,"2015",1083,"35-39",0,2,1.75,2.1,-2,0
"Belice",2045,"2015",1083,"40-44",0,0,0.25,0.3,0,0
"Belice",2045,"2015",1083,"45-49",1,1,0.75,0.9,0,0
"Belice",2045,"2015",1083,"5-9",0,0,0,0,0,0
"Belice",2045,"2015",1083,"50-54",0,0,0,0,0,0
"Belice",2045,"2015",1083,"55-59",0,0.5,0.5,0.6,-0.5,0
"Belice",2045,"2015",1083,"60-64",0,0,0.25,0.3,0,0
"Belice",2045,"2015",1083,"65-69",0,0,0,0,0,0
"Belice",2045,"2015",1083,"70-74",0,0,0.25,0.3,0,0
"Belice",2045,"2015",1083,"75-79",0,0,0.25,0.3,0,0
"Belice",2045,"2015",1083,"80-84",0,0,0.5,0.6,0,0
"Belice",2045,"2015",1083,"85-89",0,0,0.25,0.3,0,0
"Belice",2045,"2015",1083,"90-94",0,0,0,0,0,0
"Belice",2045,"2015",1083,"95+",0,0,0.25,0.3,0,0
"Belice",2045,"2015",1084,"0-4",0,0,0.25,0.3,0,0
"Belice",2045,"2015",1084,"10-14",1,1,0.75,0.9,0,0
"Belice",2045,"2015",1084,"15-19",0,0,0.5,0.6,0,0
"Belice",2045,"2015",1084,"20-24",0,0,0,0,0,0
"Belice",2045,"2015",1084,"25-29",4,1,1.75,2.1,3,3
"Belice",2045,"2015",1084,"30-34",0,0,0.25,0.3,0,0
"Belice",2045,"2015",1084,"35-39",1,1,1.5,1.8,0,0
"Belice",2045,"2015",1084,"40-44",1,1,1,1.2,0,0
"Belice",2045,"2015",1084,"45-49",1,2.5,3,3.6,-1.5,0
"Belice",2045,"2015",1084,"5-9",1,0,0.25,0.3,1,1
"Belice",2045,"2015",1084,"50-54",0,1,1.5,1.8,-1,0
"Belice",2045,"2015",1084,"55-59",3,4,4,4.8,-1,0
"Belice",2045,"2015",1084,"60-64",1,4,4,4.8,-3,0
"Belice",2045,"2015",1084,"65-69",2,3,3,3.6,-1,0
"Belice",2045,"2015",1084,"70-74",3,4,4,4.8,-1,0
"Belice",2045,"2015",1084,"75-79",4,4,3.75,4.5,0,0
"Belice",2045,"2015",1084,"80-84",5,6,5.5,6.6,-1,0
"Belice",2045,"2015",1084,"85-89",4,5.5,5.75,6.9,-1.5,0
"Belice",2045,"2015",1084,"90-94",4,4.5,4.5,5.4,-0.5,0
"Belice",2045,"2015",1084,"95+",3,1.5,1.5,1.8,1.5,1.5
"Belice",2045,"2015",1092,"0-4",75,58,60.5,72.6,17,17
"Belice",2045,"2015",1092,"10-14",0,0,0,0,0,0
"Belice",2045,"2015",1092,"15-19",0,0,0,0,0,0
"Belice",2045,"2015",1092,"20-24",0,0,0,0,0,0
"Belice",2045,"2015",1092,"25-29",0,0,0,0,0,0
"Belice",2045,"2015",1092,"30-34",0,0,0,0,0,0
"Belice",2045,"2015",1092,"35-39",0,0,0,0,0,0
"Belice",2045,"2015",1092,"40-44",0,0,0,0,0,0
"Belice",2045,"2015",1092,"45-49",0,0,0,0,0,0
"Belice",2045,"2015",1092,"5-9",0,0,0,0,0,0
"Belice",2045,"2015",1092,"50-54",0,0,0,0,0,0
"Belice",2045,"2015",1092,"55-59",0,0,0,0,0,0
"Belice",2045,"2015",1092,"60-64",0,0,0,0,0,0
"Belice",2045,"2015",1092,"65-69",0,0,0,0,0,0
"Belice",2045,"2015",1092,"70-74",0,0,0,0,0,0
"Belice",2045,"2015",1092,"75-79",0,0,0,0,0,0
"Belice",2045,"2015",1092,"80-84",0,0,0,0,0,0
"Belice",2045,"2015",1092,"85-89",0,0,0,0,0,0
"Belice",2045,"2015",1092,"90-94",0,0,0,0,0,0
"Belice",2045,"2015",1092,"95+",0,0,0,0,0,0
"Belice",2045,"2015",1093,"0-4",28,27,26.5,31.8,1,0
"Belice",2045,"2015",1093,"10-14",1,0.5,0.75,0.9,0.5,0.5
"Belice",2045,"2015",1093,"15-19",0,0,0.25,0.3,0,0
"Belice",2045,"2015",1093,"20-24",0,0.5,0.75,0.9,-0.5,0
"Belice",2045,"2015",1093,"25-29",1,0,0.25,0.3,1,1
"Belice",2045,"2015",1093,"30-34",1,0.5,0.5,0.6,0.5,0.5
"Belice",2045,"2015",1093,"35-39",1,1,0.75,0.9,0,0
"Belice",2045,"2015",1093,"40-44",0,0,0,0,0,0
"Belice",2045,"2015",1093,"45-49",0,0,0,0,0,0
"Belice",2045,"2015",1093,"5-9",1,0.5,1,1.2,0.5,0
"Belice",2045,"2015",1093,"50-54",0,0,0,0,0,0
"Belice",2045,"2015",1093,"55-59",1,0,0.25,0.3,1,1
"Belice",2045,"2015",1093,"60-64",0,0,0,0,0,0
"Belice",2045,"2015",1093,"65-69",0,0,0,0,0,0
"Belice",2045,"2015",1093,"70-74",0,0,0,0,0,0
"Belice",2045,"2015",1093,"75-79",0,0,0,0,0,0
"Belice",2045,"2015",1093,"80-84",0,0,0,0,0,0
"Belice",2045,"2015",1093,"85-89",0,0,0.25,0.3,0,0
"Belice",2045,"2015",1093,"90-94",0,0,0,0,0,0
"Belice",2045,"2015",1093,"95+",0,0,0,0,0,0
"Belice",2045,"2015",1094,"0-4",2,2,2.75,3.3,0,0
"Belice",2045,"2015",1094,"10-14",0,0,0,0,0,0
"Belice",2045,"2015",1094,"15-19",0,0,0,0,0,0
"Belice",2045,"2015",1094,"20-24",0,0.5,0.5,0.6,-0.5,0
"Belice",2045,"2015",1094,"25-29",3,0.5,1,1.2,2.5,2.5
"Belice",2045,"2015",1094,"30-34",1,1,1,1.2,0,0
"Belice",2045,"2015",1094,"35-39",0,0,0.25,0.3,0,0
"Belice",2045,"2015",1094,"40-44",0,0,0.25,0.3,0,0
"Belice",2045,"2015",1094,"45-49",0,0.5,0.5,0.6,-0.5,0
"Belice",2045,"2015",1094,"5-9",0,0,0,0,0,0
"Belice",2045,"2015",1094,"50-54",2,1,1,1.2,1,1
"Belice",2045,"2015",1094,"55-59",1,0.5,0.5,0.6,0.5,0.5
"Belice",2045,"2015",1094,"60-64",0,0.5,0.5,0.6,-0.5,0
"Belice",2045,"2015",1094,"65-69",0,1,1,1.2,-1,0
"Belice",2045,"2015",1094,"70-74",2,1,1,1.2,1,1
"Belice",2045,"2015",1094,"75-79",1,1,1,1.2,0,0
"Belice",2045,"2015",1094,"80-84",3,2,2,2.4,1,1
"Belice",2045,"2015",1094,"85-89",1,1,1.75,2.1,0,0
"Belice",2045,"2015",1094,"90-94",2,2.5,2.25,2.7,-0.5,0
"Belice",2045,"2015",1094,"95+",1,3,3,3.6,-2,0
"Belice",2045,"2015",1096,"0-4",1,1.5,2.25,2.7,-0.5,0
"Belice",2045,"2015",1096,"10-14",3,2,1.75,2.1,1,1
"Belice",2045,"2015",1096,"15-19",6,6.5,7.25,8.7,-0.5,0
"Belice",2045,"2015",1096,"20-24",9,10,10.5,12.6,-1,0
"Belice",2045,"2015",1096,"25-29",13,14.5,13,15.6,-1.5,0
"Belice",2045,"2015",1096,"30-34",11,11.5,10.75,12.9,-0.5,0
"Belice",2045,"2015",1096,"35-39",11,7.5,8.25,9.9,3.5,3.5
"Belice",2045,"2015",1096,"40-44",7,6.5,6.25,7.5,0.5,0
"Belice",2045,"2015",1096,"45-49",7,8,8,9.6,-1,0
"Belice",2045,"2015",1096,"5-9",3,1.5,1.75,2.1,1.5,1.5
"Belice",2045,"2015",1096,"50-54",5,5,5,6,0,0
"Belice",2045,"2015",1096,"55-59",2,5,4.75,5.7,-3,0
"Belice",2045,"2015",1096,"60-64",3,4,4,4.8,-1,0
"Belice",2045,"2015",1096,"65-69",5,4,3.75,4.5,1,1
"Belice",2045,"2015",1096,"70-74",2,1.5,1.25,1.5,0.5,0.5
"Belice",2045,"2015",1096,"75-79",0,0,0.25,0.3,0,0
"Belice",2045,"2015",1096,"80-84",0,1,0.75,0.9,-1,0
"Belice",2045,"2015",1096,"85-89",0,0.5,0.75,0.9,-0.5,0
"Belice",2045,"2015",1096,"90-94",0,0,0,0,0,0
"Belice",2045,"2015",1096,"95+",0,0,0,0,0,0
"Belice",2045,"2015",1102,"0-4",2,1.5,1.75,2.1,0.5,0
"Belice",2045,"2015",1102,"10-14",0,0.5,0.5,0.6,-0.5,0
"Belice",2045,"2015",1102,"15-19",11,12,11.25,13.5,-1,0
"Belice",2045,"2015",1102,"20-24",16,23.5,22.25,26.7,-7.5,0
"Belice",2045,"2015",1102,"25-29",24,24,21,25.2,0,0
"Belice",2045,"2015",1102,"30-34",13,17,18.5,22.2,-4,0
"Belice",2045,"2015",1102,"35-39",11,13.5,13.5,16.2,-2.5,0
"Belice",2045,"2015",1102,"40-44",7,14.5,13,15.6,-7.5,0
"Belice",2045,"2015",1102,"45-49",8,7,7.25,8.7,1,0
"Belice",2045,"2015",1102,"5-9",0,0.5,0.5,0.6,-0.5,0
"Belice",2045,"2015",1102,"50-54",6,8.5,8.25,9.9,-2.5,0
"Belice",2045,"2015",1102,"55-59",5,4.5,4,4.8,0.5,0.5
"Belice",2045,"2015",1102,"60-64",6,5,4.5,5.4,1,1
"Belice",2045,"2015",1102,"65-69",2,2,2,2.4,0,0
"Belice",2045,"2015",1102,"70-74",0,1,1.25,1.5,-1,0
"Belice",2045,"2015",1102,"75-79",1,0.5,0.75,0.9,0.5,0.5
"Belice",2045,"2015",1102,"80-84",0,0.5,0.5,0.6,-0.5,0
"Belice",2045,"2015",1102,"85-89",0,0,0.25,0.3,0,0
"Belice",2045,"2015",1102,"90-94",0,0,0.25,0.3,0,0
"Belice",2045,"2015",1102,"95+",1,0,0.25,0.3,1,1
"Belice",2045,"2016",1001,"0-4",6,7,7.25,8.7,-1,0
"Belice",2045,"2016",1001,"10-14",1,1,1.25,1.5,0,0
"Belice",2045,"2016",1001,"15-19",2,2,2,2.4,0,0
"Belice",2045,"2016",1001,"20-24",6,5,5.5,6.6,1,0
"Belice",2045,"2016",1001,"25-29",9,7.5,8.25,9.9,1.5,0
"Belice",2045,"2016",1001,"30-34",25,15,16.25,19.5,10,10
"Belice",2045,"2016",1001,"35-39",17,20.5,21.75,26.1,-3.5,0
"Belice",2045,"2016",1001,"40-44",19,18,17,20.4,1,0
"Belice",2045,"2016",1001,"45-49",14,16.5,16.25,19.5,-2.5,0
"Belice",2045,"2016",1001,"5-9",1,1,1,1.2,0,0
"Belice",2045,"2016",1001,"50-54",15,14,14,16.8,1,0
"Belice",2045,"2016",1001,"55-59",14,12,12,14.4,2,0
"Belice",2045,"2016",1001,"60-64",8,14,13.5,16.2,-6,0
"Belice",2045,"2016",1001,"65-69",5,7,8,9.6,-2,0
"Belice",2045,"2016",1001,"70-74",7,7,7.75,9.3,0,0
"Belice",2045,"2016",1001,"75-79",6,6.5,5.5,6.6,-0.5,0
"Belice",2045,"2016",1001,"80-84",3,2.5,3,3.6,0.5,0
"Belice",2045,"2016",1001,"85-89",2,3.5,3.5,4.2,-1.5,0
"Belice",2045,"2016",1001,"90-94",2,1.5,1.75,2.1,0.5,0
"Belice",2045,"2016",1001,"95+",0,0,0.5,0.6,0,0
"Belice",2045,"2016",1026,"0-4",0,1,1.5,1.8,-1,0
"Belice",2045,"2016",1026,"10-14",1,1,0.75,0.9,0,0
"Belice",2045,"2016",1026,"15-19",2,2,2.25,2.7,0,0
"Belice",2045,"2016",1026,"20-24",2,1.5,1.75,2.1,0.5,0
"Belice",2045,"2016",1026,"25-29",1,2.5,2.5,3,-1.5,0
"Belice",2045,"2016",1026,"30-34",4,5.5,6,7.2,-1.5,0
"Belice",2045,"2016",1026,"35-39",8,7.5,7,8.4,0.5,0
"Belice",2045,"2016",1026,"40-44",14,10,10.75,12.9,4,4
"Belice",2045,"2016",1026,"45-49",8,13,12.75,15.3,-5,0
"Belice",2045,"2016",1026,"5-9",1,1,1,1.2,0,0
"Belice",2045,"2016",1026,"50-54",13,16.5,16,19.2,-3.5,0
"Belice",2045,"2016",1026,"55-59",16,19.5,20.5,24.6,-3.5,0
"Belice",2045,"2016",1026,"60-64",25,24.5,26,31.2,0.5,0
"Belice",2045,"2016",1026,"65-69",27,26,23.5,28.2,1,0
"Belice",2045,"2016",1026,"70-74",21,20,19,22.8,1,0
"Belice",2045,"2016",1026,"75-79",25,22.5,23,27.6,2.5,0
"Belice",2045,"2016",1026,"80-84",19,19.5,18.75,22.5,-0.5,0
"Belice",2045,"2016",1026,"85-89",10,13.5,13.75,16.5,-3.5,0
"Belice",2045,"2016",1026,"90-94",4,5.5,6.25,7.5,-1.5,0
"Belice",2045,"2016",1026,"95+",0,1.5,1.5,1.8,-1.5,0
"Belice",2045,"2016",1048,"0-4",0,0,0,0,0,0
"Belice",2045,"2016",1048,"10-14",0,0,0,0,0,0
"Belice",2045,"2016",1048,"15-19",2,1,1,1.2,1,1
"Belice",2045,"2016",1048,"20-24",0,0,0.25,0.3,0,0
"Belice",2045,"2016",1048,"25-29",1,1,0.75,0.9,0,0
"Belice",2045,"2016",1048,"30-34",0,0,0.25,0.3,0,0
"Belice",2045,"2016",1048,"35-39",1,0.5,0.5,0.6,0.5,0.5
"Belice",2045,"2016",1048,"40-44",0,0.5,0.75,0.9,-0.5,0
"Belice",2045,"2016",1048,"45-49",1,1,0.75,0.9,0,0
"Belice",2045,"2016",1048,"5-9",1,0,0.25,0.3,1,1
"Belice",2045,"2016",1048,"50-54",0,1.5,1.5,1.8,-1.5,0
"Belice",2045,"2016",1048,"55-59",1,0.5,0.75,0.9,0.5,0.5
"Belice",2045,"2016",1048,"60-64",0,0.5,1.5,1.8,-0.5,0
"Belice",2045,"2016",1048,"65-69",1,0.5,0.5,0.6,0.5,0.5
"Belice",2045,"2016",1048,"70-74",0,0.5,0.75,0.9,-0.5,0
"Belice",2045,"2016",1048,"75-79",1,1,1.25,1.5,0,0
"Belice",2045,"2016",1048,"80-84",1,1.5,2,2.4,-0.5,0
"Belice",2045,"2016",1048,"85-89",1,1,1.25,1.5,0,0
"Belice",2045,"2016",1048,"90-94",4,1,1.5,1.8,3,3
"Belice",2045,"2016",1048,"95+",0,0.5,0.5,0.6,-0.5,0
"Belice",2045,"2016",1051,"0-4",0,2,1.75,2.1,-2,0
"Belice",2045,"2016",1051,"10-14",0,0.5,0.5,0.6,-0.5,0
"Belice",2045,"2016",1051,"15-19",0,0.5,0.5,0.6,-0.5,0
"Belice",2045,"2016",1051,"20-24",1,1,1.5,1.8,0,0
"Belice",2045,"2016",1051,"25-29",2,2,2.25,2.7,0,0
"Belice",2045,"2016",1051,"30-34",1,1.5,1.75,2.1,-0.5,0
"Belice",2045,"2016",1051,"35-39",4,4,3.5,4.2,0,0
"Belice",2045,"2016",1051,"40-44",5,4.5,4.5,5.4,0.5,0
"Belice",2045,"2016",1051,"45-49",16,9,9.75,11.7,7,7
"Belice",2045,"2016",1051,"5-9",0,0,0,0,0,0
"Belice",2045,"2016",1051,"50-54",22,19,19.25,23.1,3,0
"Belice",2045,"2016",1051,"55-59",21,19,20.25,24.3,2,0
"Belice",2045,"2016",1051,"60-64",17,27.5,25.75,30.9,-10.5,0
"Belice",2045,"2016",1051,"65-69",27,29.5,31,37.2,-2.5,0
"Belice",2045,"2016",1051,"70-74",29,23,23.25,27.9,6,6
"Belice",2045,"2016",1051,"75-79",22,22,22.5,27,0,0
"Belice",2045,"2016",1051,"80-84",23,21,24.75,29.7,2,0
"Belice",2045,"2016",1051,"85-89",15,17,17,20.4,-2,0
"Belice",2045,"2016",1051,"90-94",9,7,7,8.4,2,2
"Belice",2045,"2016",1051,"95+",6,4.5,4.25,5.1,1.5,1.5
"Belice",2045,"2016",1055,"0-4",0,0,0,0,0,0
"Belice",2045,"2016",1055,"10-14",0,0,0,0,0,0
"Belice",2045,"2016",1055,"15-19",0,0,0,0,0,0
"Belice",2045,"2016",1055,"20-24",0,0,0,0,0,0
"Belice",2045,"2016",1055,"25-29",0,0,0,0,0,0
"Belice",2045,"2016",1055,"30-34",0,0,0,0,0,0
"Belice",2045,"2016",1055,"35-39",0,0,0.25,0.3,0,0
"Belice",2045,"2016",1055,"40-44",0,0,0,0,0,0
"Belice",2045,"2016",1055,"45-49",0,0.5,0.5,0.6,-0.5,0
"Belice",2045,"2016",1055,"5-9",0,0,0,0,0,0
"Belice",2045,"2016",1055,"50-54",0,0,0.25,0.3,0,0
"Belice",2045,"2016",1055,"55-59",5,2.5,2.5,3,2.5,2.5
"Belice",2045,"2016",1055,"60-64",1,0.5,0.5,0.6,0.5,0.5
"Belice",2045,"2016",1055,"65-69",1,1.5,1.25,1.5,-0.5,0
"Belice",2045,"2016",1055,"70-74",0,0.5,0.75,0.9,-0.5,0
"Belice",2045,"2016",1055,"75-79",0,1,1,1.2,-1,0
"Belice",2045,"2016",1055,"80-84",0,0,0.5,0.6,0,0
"Belice",2045,"2016",1055,"85-89",0,0.5,0.75,0.9,-0.5,0
"Belice",2045,"2016",1055,"90-94",0,1,0.75,0.9,-1,0
"Belice",2045,"2016",1055,"95+",0,0,0.25,0.3,0,0
"Belice",2045,"2016",1058,"0-4",3,3,3,3.6,0,0
"Belice",2045,"2016",1058,"10-14",1,1,1.5,1.8,0,0
"Belice",2045,"2016",1058,"15-19",1,1,1.25,1.5,0,0
"Belice",2045,"2016",1058,"20-24",1,1,1.25,1.5,0,0
"Belice",2045,"2016",1058,"25-29",0,1.5,1.25,1.5,-1.5,0
"Belice",2045,"2016",1058,"30-34",3,2,2,2.4,1,1
"Belice",2045,"2016",1058,"35-39",2,1.5,1.5,1.8,0.5,0.5
"Belice",2045,"2016",1058,"40-44",0,0.5,0.5,0.6,-0.5,0
"Belice",2045,"2016",1058,"45-49",1,1,1.25,1.5,0,0
"Belice",2045,"2016",1058,"5-9",3,1,1.25,1.5,2,2
"Belice",2045,"2016",1058,"50-54",4,1.5,1.75,2.1,2.5,2.5
"Belice",2045,"2016",1058,"55-59",1,1.5,2,2.4,-0.5,0
"Belice",2045,"2016",1058,"60-64",2,2,2,2.4,0,0
"Belice",2045,"2016",1058,"65-69",1,1,1,1.2,0,0
"Belice",2045,"2016",1058,"70-74",1,2,2.25,2.7,-1,0
"Belice",2045,"2016",1058,"75-79",2,3.5,3.5,4.2,-1.5,0
"Belice",2045,"2016",1058,"80-84",3,2.5,2.75,3.3,0.5,0
"Belice",2045,"2016",1058,"85-89",3,3,3.25,3.9,0,0
"Belice",2045,"2016",1058,"90-94",1,1,1.25,1.5,0,0
"Belice",2045,"2016",1058,"95+",0,0.5,0.5,0.6,-0.5,0
"Belice",2045,"2016",1064,"0-4",0,2.5,2,2.4,-2.5,0
"Belice",2045,"2016",1064,"10-14",0,0.5,0.75,0.9,-0.5,0
"Belice",2045,"2016",1064,"15-19",0,0,0.5,0.6,0,0
"Belice",2045,"2016",1064,"20-24",2,2,1.75,2.1,0,0
"Belice",2045,"2016",1064,"25-29",1,2.5,2.5,3,-1.5,0
"Belice",2045,"2016",1064,"30-34",8,3.5,4,4.8,4.5,4.5
"Belice",2045,"2016",1064,"35-39",6,5.5,5.25,6.3,0.5,0
"Belice",2045,"2016",1064,"40-44",12,11,10.75,12.9,1,0
"Belice",2045,"2016",1064,"45-49",18,15,15.25,18.3,3,0
"Belice",2045,"2016",1064,"5-9",0,0,0.25,0.3,0,0
"Belice",2045,"2016",1064,"50-54",20,19,18,21.6,1,0
"Belice",2045,"2016",1064,"55-59",27,30,29.75,35.7,-3,0
"Belice",2045,"2016",1064,"60-64",37,36,34.75,41.7,1,0
"Belice",2045,"2016",1064,"65-69",34,41,39.25,47.1,-7,0
"Belice",2045,"2016",1064,"70-74",36,38,35.5,42.6,-2,0
"Belice",2045,"2016",1064,"75-79",61,51.5,52.5,63,9.5,0
"Belice",2045,"2016",1064,"80-84",42,57.5,57.25,68.7,-15.5,0
"Belice",2045,"2016",1064,"85-89",59,57,56.75,68.1,2,0
"Belice",2045,"2016",1064,"90-94",25,26,28.5,34.2,-1,0
"Belice",2045,"2016",1064,"95+",13,16,15.75,18.9,-3,0
"Belice",2045,"2016",1072,"0-4",10,11.5,11.75,14.1,-1.5,0
"Belice",2045,"2016",1072,"10-14",1,1,1,1.2,0,0
"Belice",2045,"2016",1072,"15-19",2,2,2.25,2.7,0,0
"Belice",2045,"2016",1072,"20-24",3,2.5,2.5,3,0.5,0
"Belice",2045,"2016",1072,"25-29",7,3,3.5,4.2,4,4
"Belice",2045,"2016",1072,"30-34",3,3.5,3.5,4.2,-0.5,0
"Belice",2045,"2016",1072,"35-39",2,2.5,3,3.6,-0.5,0
"Belice",2045,"2016",1072,"40-44",6,5.5,5.25,6.3,0.5,0
"Belice",2045,"2016",1072,"45-49",5,5,6,7.2,0,0
"Belice",2045,"2016",1072,"5-9",2,1,1,1.2,1,1
"Belice",2045,"2016",1072,"50-54",3,10,8.5,10.2,-7,0
"Belice",2045,"2016",1072,"55-59",8,8.5,8.5,10.2,-0.5,0
"Belice",2045,"2016",1072,"60-64",7,7,8.25,9.9,0,0
"Belice",2045,"2016",1072,"65-69",6,13.5,12.5,15,-7.5,0
"Belice",2045,"2016",1072,"70-74",20,14.5,15,18,5.5,5.5
"Belice",2045,"2016",1072,"75-79",13,19,18.75,22.5,-6,0
"Belice",2045,"2016",1072,"80-84",27,23.5,23.5,28.2,3.5,0
"Belice",2045,"2016",1072,"85-89",18,18.5,20,24,-0.5,0
"Belice",2045,"2016",1072,"90-94",10,15,15,18,-5,0
"Belice",2045,"2016",1072,"95+",6,9.5,9.25,11.1,-3.5,0
"Belice",2045,"2016",1078,"0-4",1,2,1.75,2.1,-1,0
"Belice",2045,"2016",1078,"10-14",0,0,0,0,0,0
"Belice",2045,"2016",1078,"15-19",1,1.5,1.5,1.8,-0.5,0
"Belice",2045,"2016",1078,"20-24",1,1,1,1.2,0,0
"Belice",2045,"2016",1078,"25-29",2,2.5,3.25,3.9,-0.5,0
"Belice",2045,"2016",1078,"30-34",5,4,4,4.8,1,1
"Belice",2045,"2016",1078,"35-39",6,4.5,4,4.8,1.5,1.5
"Belice",2045,"2016",1078,"40-44",9,3.5,4.25,5.1,5.5,5.5
"Belice",2045,"2016",1078,"45-49",11,7.5,7.5,9,3.5,3.5
"Belice",2045,"2016",1078,"5-9",0,0.5,1,1.2,-0.5,0
"Belice",2045,"2016",1078,"50-54",12,11,11,13.2,1,0
"Belice",2045,"2016",1078,"55-59",23,14.5,15,18,8.5,8.5
"Belice",2045,"2016",1078,"60-64",9,11,11.75,14.1,-2,0
"Belice",2045,"2016",1078,"65-69",8,9,8.5,10.2,-1,0
"Belice",2045,"2016",1078,"70-74",6,8.5,9.25,11.1,-2.5,0
"Belice",2045,"2016",1078,"75-79",6,6,6.75,8.1,0,0
"Belice",2045,"2016",1078,"80-84",4,5.5,5.25,6.3,-1.5,0
"Belice",2045,"2016",1078,"85-89",8,6,5.75,6.9,2,2
"Belice",2045,"2016",1078,"90-94",3,2,2,2.4,1,1
"Belice",2045,"2016",1078,"95+",1,1,1,1.2,0,0
"Belice",2045,"2016",1082,"0-4",0,0,0,0,0,0
"Belice",2045,"2016",1082,"10-14",0,0,0,0,0,0
"Belice",2045,"2016",1082,"15-19",0,0,0,0,0,0
"Belice",2045,"2016",1082,"20-24",0,0,0.25,0.3,0,0
"Belice",2045,"2016",1082,"25-29",0,0,0.25,0.3,0,0
"Belice",2045,"2016",1082,"30-34",0,0,0,0,0,0
"Belice",2045,"2016",1082,"35-39",0,0,0,0,0,0
"Belice",2045,"2016",1082,"40-44",0,0,0,0,0,0
"Belice",2045,"2016",1082,"45-49",0,0,0,0,0,0
"Belice",2045,"2016",1082,"5-9",0,0,0,0,0,0
"Belice",2045,"2016",1082,"50-54",0,0,0,0,0,0
"Belice",2045,"2016",1082,"55-59",0,0,0.25,0.3,0,0
"Belice",2045,"2016",1082,"60-64",0,0,0.5,0.6,0,0
"Belice",2045,"2016",1082,"65-69",0,0.5,0.5,0.6,-0.5,0
"Belice",2045,"2016",1082,"70-74",0,0.5,1.25,1.5,-0.5,0
"Belice",2045,"2016",1082,"75-79",0,0.5,1,1.2,-0.5,0
"Belice",2045,"2016",1082,"80-84",2,0.5,0.75,0.9,1.5,1.5
"Belice",2045,"2016",1082,"85-89",2,1,1,1.2,1,1
"Belice",2045,"2016",1082,"90-94",0,1.5,1.5,1.8,-1.5,0
"Belice",2045,"2016",1082,"95+",0,0.5,0.5,0.6,-0.5,0
"Belice",2045,"2016",1083,"0-4",0,0,0,0,0,0
"Belice",2045,"2016",1083,"10-14",0,0,0,0,0,0
"Belice",2045,"2016",1083,"15-19",2,1,1,1.2,1,1
"Belice",2045,"2016",1083,"20-24",1,0,0.25,0.3,1,1
"Belice",2045,"2016",1083,"25-29",0,0,0.5,0.6,0,0
"Belice",2045,"2016",1083,"30-34",1,0.5,0.5,0.6,0.5,0.5
"Belice",2045,"2016",1083,"35-39",3,2,1.75,2.1,1,1
"Belice",2045,"2016",1083,"40-44",0,0,0.25,0.3,0,0
"Belice",2045,"2016",1083,"45-49",0,1,0.75,0.9,-1,0
"Belice",2045,"2016",1083,"5-9",0,0,0,0,0,0
"Belice",2045,"2016",1083,"50-54",0,0,0,0,0,0
"Belice",2045,"2016",1083,"55-59",0,0.5,0.5,0.6,-0.5,0
"Belice",2045,"2016",1083,"60-64",1,0,0.25,0.3,1,1
"Belice",2045,"2016",1083,"65-69",0,0,0,0,0,0
"Belice",2045,"2016",1083,"70-74",0,0,0.25,0.3,0,0
"Belice",2045,"2016",1083,"75-79",0,0,0.25,0.3,0,0
"Belice",2045,"2016",1083,"80-84",0,0,0.5,0.6,0,0
"Belice",2045,"2016",1083,"85-89",0,0,0.25,0.3,0,0
"Belice",2045,"2016",1083,"90-94",0,0,0,0,0,0
"Belice",2045,"2016",1083,"95+",0,0,0.25,0.3,0,0
"Belice",2045,"2016",1084,"0-4",1,0,0.25,0.3,1,1
"Belice",2045,"2016",1084,"10-14",1,1,0.75,0.9,0,0
"Belice",2045,"2016",1084,"15-19",2,0,0.5,0.6,2,2
"Belice",2045,"2016",1084,"20-24",0,0,0,0,0,0
"Belice",2045,"2016",1084,"25-29",1,1,1.75,2.1,0,0
"Belice",2045,"2016",1084,"30-34",1,0,0.25,0.3,1,1
"Belice",2045,"2016",1084,"35-39",1,1,1.5,1.8,0,0
"Belice",2045,"2016",1084,"40-44",0,1,1,1.2,-1,0
"Belice",2045,"2016",1084,"45-49",2,2.5,3,3.6,-0.5,0
"Belice",2045,"2016",1084,"5-9",0,0,0.25,0.3,0,0
"Belice",2045,"2016",1084,"50-54",1,1,1.5,1.8,0,0
"Belice",2045,"2016",1084,"55-59",4,4,4,4.8,0,0
"Belice",2045,"2016",1084,"60-64",2,4,4,4.8,-2,0
"Belice",2045,"2016",1084,"65-69",4,3,3,3.6,1,1
"Belice",2045,"2016",1084,"70-74",4,4,4,4.8,0,0
"Belice",2045,"2016",1084,"75-79",2,4,3.75,4.5,-2,0
"Belice",2045,"2016",1084,"80-84",9,6,5.5,6.6,3,3
"Belice",2045,"2016",1084,"85-89",6,5.5,5.75,6.9,0.5,0
"Belice",2045,"2016",1084,"90-94",2,4.5,4.5,5.4,-2.5,0
"Belice",2045,"2016",1084,"95+",0,1.5,1.5,1.8,-1.5,0
"Belice",2045,"2016",1087,"0-4",0,0,0,0,0,0
"Belice",2045,"2016",1087,"10-14",0,0,0,0,0,0
"Belice",2045,"2016",1087,"15-19",0,0,0.333333333333333,0.4,0,0
"Belice",2045,"2016",1087,"20-24",1,1,1.33333333333333,1.6,0,0
"Belice",2045,"2016",1087,"25-29",0,1,1.33333333333333,1.6,-1,0
"Belice",2045,"2016",1087,"30-34",0,0,0.333333333333333,0.4,0,0
"Belice",2045,"2016",1087,"35-39",0,0,0,0,0,0
"Belice",2045,"2016",1087,"40-44",0,0,0.333333333333333,0.4,0,0
"Belice",2045,"2016",1087,"45-49",0,0,0,0,0,0
"Belice",2045,"2016",1087,"5-9",0,0,0,0,0,0
"Belice",2045,"2016",1087,"50-54",0,0,0,0,0,0
"Belice",2045,"2016",1087,"55-59",0,0,0,0,0,0
"Belice",2045,"2016",1087,"60-64",0,0,0,0,0,0
"Belice",2045,"2016",1087,"65-69",0,0,0,0,0,0
"Belice",2045,"2016",1087,"70-74",0,0,0,0,0,0
"Belice",2045,"2016",1087,"75-79",0,0,0,0,0,0
"Belice",2045,"2016",1087,"80-84",0,0,0,0,0,0
"Belice",2045,"2016",1087,"85-89",0,0,0,0,0,0
"Belice",2045,"2016",1087,"90-94",0,0,0,0,0,0
"Belice",2045,"2016",1087,"95+",0,0,0,0,0,0
"Belice",2045,"2016",1092,"0-4",64,58,60.5,72.6,6,0
"Belice",2045,"2016",1092,"10-14",0,0,0,0,0,0
"Belice",2045,"2016",1092,"15-19",0,0,0,0,0,0
"Belice",2045,"2016",1092,"20-24",0,0,0,0,0,0
"Belice",2045,"2016",1092,"25-29",0,0,0,0,0,0
"Belice",2045,"2016",1092,"30-34",0,0,0,0,0,0
"Belice",2045,"2016",1092,"35-39",0,0,0,0,0,0
"Belice",2045,"2016",1092,"40-44",0,0,0,0,0,0
"Belice",2045,"2016",1092,"45-49",0,0,0,0,0,0
"Belice",2045,"2016",1092,"5-9",0,0,0,0,0,0
"Belice",2045,"2016",1092,"50-54",0,0,0,0,0,0
"Belice",2045,"2016",1092,"55-59",0,0,0,0,0,0
"Belice",2045,"2016",1092,"60-64",0,0,0,0,0,0
"Belice",2045,"2016",1092,"65-69",0,0,0,0,0,0
"Belice",2045,"2016",1092,"70-74",0,0,0,0,0,0
"Belice",2045,"2016",1092,"75-79",0,0,0,0,0,0
"Belice",2045,"2016",1092,"80-84",0,0,0,0,0,0
"Belice",2045,"2016",1092,"85-89",0,0,0,0,0,0
"Belice",2045,"2016",1092,"90-94",0,0,0,0,0,0
"Belice",2045,"2016",1092,"95+",0,0,0,0,0,0
"Belice",2045,"2016",1093,"0-4",23,27,26.5,31.8,-4,0
"Belice",2045,"2016",1093,"10-14",0,0.5,0.75,0.9,-0.5,0
"Belice",2045,"2016",1093,"15-19",0,0,0.25,0.3,0,0
"Belice",2045,"2016",1093,"20-24",1,0.5,0.75,0.9,0.5,0.5
"Belice",2045,"2016",1093,"25-29",0,0,0.25,0.3,0,0
"Belice",2045,"2016",1093,"30-34",0,0.5,0.5,0.6,-0.5,0
"Belice",2045,"2016",1093,"35-39",0,1,0.75,0.9,-1,0
"Belice",2045,"2016",1093,"40-44",0,0,0,0,0,0
"Belice",2045,"2016",1093,"45-49",0,0,0,0,0,0
"Belice",2045,"2016",1093,"5-9",0,0.5,1,1.2,-0.5,0
"Belice",2045,"2016",1093,"50-54",0,0,0,0,0,0
"Belice",2045,"2016",1093,"55-59",0,0,0.25,0.3,0,0
"Belice",2045,"2016",1093,"60-64",0,0,0,0,0,0
"Belice",2045,"2016",1093,"65-69",0,0,0,0,0,0
"Belice",2045,"2016",1093,"70-74",0,0,0,0,0,0
"Belice",2045,"2016",1093,"75-79",0,0,0,0,0,0
"Belice",2045,"2016",1093,"80-84",0,0,0,0,0,0
"Belice",2045,"2016",1093,"85-89",1,0,0.25,0.3,1,1
"Belice",2045,"2016",1093,"90-94",0,0,0,0,0,0
"Belice",2045,"2016",1093,"95+",0,0,0,0,0,0
"Belice",2045,"2016",1094,"0-4",1,2,2.75,3.3,-1,0
"Belice",2045,"2016",1094,"10-14",0,0,0,0,0,0
"Belice",2045,"2016",1094,"15-19",0,0,0,0,0,0
"Belice",2045,"2016",1094,"20-24",0,0.5,0.5,0.6,-0.5,0
"Belice",2045,"2016",1094,"25-29",0,0.5,1,1.2,-0.5,0
"Belice",2045,"2016",1094,"30-34",2,1,1,1.2,1,1
"Belice",2045,"2016",1094,"35-39",0,0,0.25,0.3,0,0
"Belice",2045,"2016",1094,"40-44",1,0,0.25,0.3,1,1
"Belice",2045,"2016",1094,"45-49",1,0.5,0.5,0.6,0.5,0.5
"Belice",2045,"2016",1094,"5-9",0,0,0,0,0,0
"Belice",2045,"2016",1094,"50-54",0,1,1,1.2,-1,0
"Belice",2045,"2016",1094,"55-59",0,0.5,0.5,0.6,-0.5,0
"Belice",2045,"2016",1094,"60-64",1,0.5,0.5,0.6,0.5,0.5
"Belice",2045,"2016",1094,"65-69",2,1,1,1.2,1,1
"Belice",2045,"2016",1094,"70-74",0,1,1,1.2,-1,0
"Belice",2045,"2016",1094,"75-79",0,1,1,1.2,-1,0
"Belice",2045,"2016",1094,"80-84",3,2,2,2.4,1,1
"Belice",2045,"2016",1094,"85-89",1,1,1.75,2.1,0,0
"Belice",2045,"2016",1094,"90-94",3,2.5,2.25,2.7,0.5,0.5
"Belice",2045,"2016",1094,"95+",3,3,3,3.6,0,0
"Belice",2045,"2016",1096,"0-4",2,1.5,2.25,2.7,0.5,0
"Belice",2045,"2016",1096,"10-14",1,2,1.75,2.1,-1,0
"Belice",2045,"2016",1096,"15-19",11,6.5,7.25,8.7,4.5,4.5
"Belice",2045,"2016",1096,"20-24",16,10,10.5,12.6,6,6
"Belice",2045,"2016",1096,"25-29",17,14.5,13,15.6,2.5,2.5
"Belice",2045,"2016",1096,"30-34",13,11.5,10.75,12.9,1.5,1.5
"Belice",2045,"2016",1096,"35-39",8,7.5,8.25,9.9,0.5,0
"Belice",2045,"2016",1096,"40-44",6,6.5,6.25,7.5,-0.5,0
"Belice",2045,"2016",1096,"45-49",9,8,8,9.6,1,0
"Belice",2045,"2016",1096,"5-9",0,1.5,1.75,2.1,-1.5,0
"Belice",2045,"2016",1096,"50-54",4,5,5,6,-1,0
"Belice",2045,"2016",1096,"55-59",7,5,4.75,5.7,2,2
"Belice",2045,"2016",1096,"60-64",2,4,4,4.8,-2,0
"Belice",2045,"2016",1096,"65-69",3,4,3.75,4.5,-1,0
"Belice",2045,"2016",1096,"70-74",2,1.5,1.25,1.5,0.5,0.5
"Belice",2045,"2016",1096,"75-79",0,0,0.25,0.3,0,0
"Belice",2045,"2016",1096,"80-84",1,1,0.75,0.9,0,0
"Belice",2045,"2016",1096,"85-89",2,0.5,0.75,0.9,1.5,1.5
"Belice",2045,"2016",1096,"90-94",0,0,0,0,0,0
"Belice",2045,"2016",1096,"95+",0,0,0,0,0,0
"Belice",2045,"2016",1102,"0-4",1,1.5,1.75,2.1,-0.5,0
"Belice",2045,"2016",1102,"10-14",1,0.5,0.5,0.6,0.5,0.5
"Belice",2045,"2016",1102,"15-19",13,12,11.25,13.5,1,0
"Belice",2045,"2016",1102,"20-24",22,23.5,22.25,26.7,-1.5,0
"Belice",2045,"2016",1102,"25-29",24,24,21,25.2,0,0
"Belice",2045,"2016",1102,"30-34",27,17,18.5,22.2,10,10
"Belice",2045,"2016",1102,"35-39",13,13.5,13.5,16.2,-0.5,0
"Belice",2045,"2016",1102,"40-44",14,14.5,13,15.6,-0.5,0
"Belice",2045,"2016",1102,"45-49",5,7,7.25,8.7,-2,0
"Belice",2045,"2016",1102,"5-9",1,0.5,0.5,0.6,0.5,0.5
"Belice",2045,"2016",1102,"50-54",10,8.5,8.25,9.9,1.5,1.5
"Belice",2045,"2016",1102,"55-59",1,4.5,4,4.8,-3.5,0
"Belice",2045,"2016",1102,"60-64",7,5,4.5,5.4,2,2
"Belice",2045,"2016",1102,"65-69",1,2,2,2.4,-1,0
"Belice",2045,"2016",1102,"70-74",0,1,1.25,1.5,-1,0
"Belice",2045,"2016",1102,"75-79",0,0.5,0.75,0.9,-0.5,0
"Belice",2045,"2016",1102,"80-84",1,0.5,0.5,0.6,0.5,0.5
"Belice",2045,"2016",1102,"85-89",1,0,0.25,0.3,1,1
"Belice",2045,"2016",1102,"90-94",0,0,0.25,0.3,0,0
"Belice",2045,"2016",1102,"95+",0,0,0.25,0.3,0,0
"Belice",2045,"2017",1001,"0-4",6,7,7.25,8.7,-1,0
"Belice",2045,"2017",1001,"10-14",1,1,1.25,1.5,0,0
"Belice",2045,"2017",1001,"15-19",2,2,2,2.4,0,0
"Belice",2045,"2017",1001,"20-24",8,5,5.5,6.6,3,3
"Belice",2045,"2017",1001,"25-29",13,7.5,8.25,9.9,5.5,5.5
"Belice",2045,"2017",1001,"30-34",14,15,16.25,19.5,-1,0
"Belice",2045,"2017",1001,"35-39",21,20.5,21.75,26.1,0.5,0
"Belice",2045,"2017",1001,"40-44",13,18,17,20.4,-5,0
"Belice",2045,"2017",1001,"45-49",18,16.5,16.25,19.5,1.5,0
"Belice",2045,"2017",1001,"5-9",0,1,1,1.2,-1,0
"Belice",2045,"2017",1001,"50-54",14,14,14,16.8,0,0
"Belice",2045,"2017",1001,"55-59",16,12,12,14.4,4,4
"Belice",2045,"2017",1001,"60-64",18,14,13.5,16.2,4,4
"Belice",2045,"2017",1001,"65-69",13,7,8,9.6,6,6
"Belice",2045,"2017",1001,"70-74",5,7,7.75,9.3,-2,0
"Belice",2045,"2017",1001,"75-79",8,6.5,5.5,6.6,1.5,1.5
"Belice",2045,"2017",1001,"80-84",6,2.5,3,3.6,3.5,3.5
"Belice",2045,"2017",1001,"85-89",4,3.5,3.5,4.2,0.5,0
"Belice",2045,"2017",1001,"90-94",3,1.5,1.75,2.1,1.5,1.5
"Belice",2045,"2017",1001,"95+",2,0,0.5,0.6,2,2
"Belice",2045,"2017",1026,"0-4",4,1,1.5,1.8,3,3
"Belice",2045,"2017",1026,"10-14",0,1,0.75,0.9,-1,0
"Belice",2045,"2017",1026,"15-19",3,2,2.25,2.7,1,1
"Belice",2045,"2017",1026,"20-24",0,1.5,1.75,2.1,-1.5,0
"Belice",2045,"2017",1026,"25-29",4,2.5,2.5,3,1.5,1.5
"Belice",2045,"2017",1026,"30-34",7,5.5,6,7.2,1.5,0
"Belice",2045,"2017",1026,"35-39",7,7.5,7,8.4,-0.5,0
"Belice",2045,"2017",1026,"40-44",10,10,10.75,12.9,0,0
"Belice",2045,"2017",1026,"45-49",10,13,12.75,15.3,-3,0
"Belice",2045,"2017",1026,"5-9",1,1,1,1.2,0,0
"Belice",2045,"2017",1026,"50-54",20,16.5,16,19.2,3.5,3.5
"Belice",2045,"2017",1026,"55-59",20,19.5,20.5,24.6,0.5,0
"Belice",2045,"2017",1026,"60-64",24,24.5,26,31.2,-0.5,0
"Belice",2045,"2017",1026,"65-69",26,26,23.5,28.2,0,0
"Belice",2045,"2017",1026,"70-74",15,20,19,22.8,-5,0
"Belice",2045,"2017",1026,"75-79",22,22.5,23,27.6,-0.5,0
"Belice",2045,"2017",1026,"80-84",22,19.5,18.75,22.5,2.5,0
"Belice",2045,"2017",1026,"85-89",12,13.5,13.75,16.5,-1.5,0
"Belice",2045,"2017",1026,"90-94",7,5.5,6.25,7.5,1.5,0
"Belice",2045,"2017",1026,"95+",3,1.5,1.5,1.8,1.5,1.5
"Belice",2045,"2017",1048,"0-4",0,0,0,0,0,0
"Belice",2045,"2017",1048,"10-14",0,0,0,0,0,0
"Belice",2045,"2017",1048,"15-19",0,1,1,1.2,-1,0
"Belice",2045,"2017",1048,"20-24",0,0,0.25,0.3,0,0
"Belice",2045,"2017",1048,"25-29",0,1,0.75,0.9,-1,0
"Belice",2045,"2017",1048,"30-34",0,0,0.25,0.3,0,0
"Belice",2045,"2017",1048,"35-39",0,0.5,0.5,0.6,-0.5,0
"Belice",2045,"2017",1048,"40-44",1,0.5,0.75,0.9,0.5,0.5
"Belice",2045,"2017",1048,"45-49",1,1,0.75,0.9,0,0
"Belice",2045,"2017",1048,"5-9",0,0,0.25,0.3,0,0
"Belice",2045,"2017",1048,"50-54",3,1.5,1.5,1.8,1.5,1.5
"Belice",2045,"2017",1048,"55-59",2,0.5,0.75,0.9,1.5,1.5
"Belice",2045,"2017",1048,"60-64",1,0.5,1.5,1.8,0.5,0
"Belice",2045,"2017",1048,"65-69",1,0.5,0.5,0.6,0.5,0.5
"Belice",2045,"2017",1048,"70-74",1,0.5,0.75,0.9,0.5,0.5
"Belice",2045,"2017",1048,"75-79",1,1,1.25,1.5,0,0
"Belice",2045,"2017",1048,"80-84",4,1.5,2,2.4,2.5,2.5
"Belice",2045,"2017",1048,"85-89",2,1,1.25,1.5,1,1
"Belice",2045,"2017",1048,"90-94",2,1,1.5,1.8,1,1
"Belice",2045,"2017",1048,"95+",1,0.5,0.5,0.6,0.5,0.5
"Belice",2045,"2017",1051,"0-4",3,2,1.75,2.1,1,1
"Belice",2045,"2017",1051,"10-14",0,0.5,0.5,0.6,-0.5,0
"Belice",2045,"2017",1051,"15-19",0,0.5,0.5,0.6,-0.5,0
"Belice",2045,"2017",1051,"20-24",1,1,1.5,1.8,0,0
"Belice",2045,"2017",1051,"25-29",2,2,2.25,2.7,0,0
"Belice",2045,"2017",1051,"30-34",3,1.5,1.75,2.1,1.5,1.5
"Belice",2045,"2017",1051,"35-39",2,4,3.5,4.2,-2,0
"Belice",2045,"2017",1051,"40-44",4,4.5,4.5,5.4,-0.5,0
"Belice",2045,"2017",1051,"45-49",9,9,9.75,11.7,0,0
"Belice",2045,"2017",1051,"5-9",0,0,0,0,0,0
"Belice",2045,"2017",1051,"50-54",21,19,19.25,23.1,2,0
"Belice",2045,"2017",1051,"55-59",17,19,20.25,24.3,-2,0
"Belice",2045,"2017",1051,"60-64",31,27.5,25.75,30.9,3.5,3.5
"Belice",2045,"2017",1051,"65-69",32,29.5,31,37.2,2.5,0
"Belice",2045,"2017",1051,"70-74",21,23,23.25,27.9,-2,0
"Belice",2045,"2017",1051,"75-79",22,22,22.5,27,0,0
"Belice",2045,"2017",1051,"80-84",41,21,24.75,29.7,20,20
"Belice",2045,"2017",1051,"85-89",19,17,17,20.4,2,0
"Belice",2045,"2017",1051,"90-94",6,7,7,8.4,-1,0
"Belice",2045,"2017",1051,"95+",6,4.5,4.25,5.1,1.5,1.5
"Belice",2045,"2017",1055,"0-4",0,0,0,0,0,0
"Belice",2045,"2017",1055,"10-14",0,0,0,0,0,0
"Belice",2045,"2017",1055,"15-19",0,0,0,0,0,0
"Belice",2045,"2017",1055,"20-24",0,0,0,0,0,0
"Belice",2045,"2017",1055,"25-29",0,0,0,0,0,0
"Belice",2045,"2017",1055,"30-34",0,0,0,0,0,0
"Belice",2045,"2017",1055,"35-39",1,0,0.25,0.3,1,1
"Belice",2045,"2017",1055,"40-44",0,0,0,0,0,0
"Belice",2045,"2017",1055,"45-49",0,0.5,0.5,0.6,-0.5,0
"Belice",2045,"2017",1055,"5-9",0,0,0,0,0,0
"Belice",2045,"2017",1055,"50-54",1,0,0.25,0.3,1,1
"Belice",2045,"2017",1055,"55-59",3,2.5,2.5,3,0.5,0
"Belice",2045,"2017",1055,"60-64",0,0.5,0.5,0.6,-0.5,0
"Belice",2045,"2017",1055,"65-69",2,1.5,1.25,1.5,0.5,0.5
"Belice",2045,"2017",1055,"70-74",2,0.5,0.75,0.9,1.5,1.5
"Belice",2045,"2017",1055,"75-79",1,1,1,1.2,0,0
"Belice",2045,"2017",1055,"80-84",0,0,0.5,0.6,0,0
"Belice",2045,"2017",1055,"85-89",1,0.5,0.75,0.9,0.5,0.5
"Belice",2045,"2017",1055,"90-94",1,1,0.75,0.9,0,0
"Belice",2045,"2017",1055,"95+",1,0,0.25,0.3,1,1
"Belice",2045,"2017",1058,"0-4",3,3,3,3.6,0,0
"Belice",2045,"2017",1058,"10-14",1,1,1.5,1.8,0,0
"Belice",2045,"2017",1058,"15-19",0,1,1.25,1.5,-1,0
"Belice",2045,"2017",1058,"20-24",2,1,1.25,1.5,1,1
"Belice",2045,"2017",1058,"25-29",1,1.5,1.25,1.5,-0.5,0
"Belice",2045,"2017",1058,"30-34",1,2,2,2.4,-1,0
"Belice",2045,"2017",1058,"35-39",2,1.5,1.5,1.8,0.5,0.5
"Belice",2045,"2017",1058,"40-44",1,0.5,0.5,0.6,0.5,0.5
"Belice",2045,"2017",1058,"45-49",2,1,1.25,1.5,1,1
"Belice",2045,"2017",1058,"5-9",1,1,1.25,1.5,0,0
"Belice",2045,"2017",1058,"50-54",1,1.5,1.75,2.1,-0.5,0
"Belice",2045,"2017",1058,"55-59",1,1.5,2,2.4,-0.5,0
"Belice",2045,"2017",1058,"60-64",2,2,2,2.4,0,0
"Belice",2045,"2017",1058,"65-69",2,1,1,1.2,1,1
"Belice",2045,"2017",1058,"70-74",0,2,2.25,2.7,-2,0
"Belice",2045,"2017",1058,"75-79",5,3.5,3.5,4.2,1.5,1.5
"Belice",2045,"2017",1058,"80-84",2,2.5,2.75,3.3,-0.5,0
"Belice",2045,"2017",1058,"85-89",6,3,3.25,3.9,3,3
"Belice",2045,"2017",1058,"90-94",3,1,1.25,1.5,2,2
"Belice",2045,"2017",1058,"95+",1,0.5,0.5,0.6,0.5,0.5
"Belice",2045,"2017",1064,"0-4",3,2.5,2,2.4,0.5,0.5
"Belice",2045,"2017",1064,"10-14",1,0.5,0.75,0.9,0.5,0.5
"Belice",2045,"2017",1064,"15-19",2,0,0.5,0.6,2,2
"Belice",2045,"2017",1064,"20-24",2,2,1.75,2.1,0,0
"Belice",2045,"2017",1064,"25-29",2,2.5,2.5,3,-0.5,0
"Belice",2045,"2017",1064,"30-34",1,3.5,4,4.8,-2.5,0
"Belice",2045,"2017",1064,"35-39",5,5.5,5.25,6.3,-0.5,0
"Belice",2045,"2017",1064,"40-44",14,11,10.75,12.9,3,3
"Belice",2045,"2017",1064,"45-49",14,15,15.25,18.3,-1,0
"Belice",2045,"2017",1064,"5-9",0,0,0.25,0.3,0,0
"Belice",2045,"2017",1064,"50-54",19,19,18,21.6,0,0
"Belice",2045,"2017",1064,"55-59",26,30,29.75,35.7,-4,0
"Belice",2045,"2017",1064,"60-64",35,36,34.75,41.7,-1,0
"Belice",2045,"2017",1064,"65-69",41,41,39.25,47.1,0,0
"Belice",2045,"2017",1064,"70-74",44,38,35.5,42.6,6,6
"Belice",2045,"2017",1064,"75-79",51,51.5,52.5,63,-0.5,0
"Belice",2045,"2017",1064,"80-84",48,57.5,57.25,68.7,-9.5,0
"Belice",2045,"2017",1064,"85-89",55,57,56.75,68.1,-2,0
"Belice",2045,"2017",1064,"90-94",23,26,28.5,34.2,-3,0
"Belice",2045,"2017",1064,"95+",15,16,15.75,18.9,-1,0
"Belice",2045,"2017",1072,"0-4",14,11.5,11.75,14.1,2.5,0
"Belice",2045,"2017",1072,"10-14",2,1,1,1.2,1,1
"Belice",2045,"2017",1072,"15-19",2,2,2.25,2.7,0,0
"Belice",2045,"2017",1072,"20-24",1,2.5,2.5,3,-1.5,0
"Belice",2045,"2017",1072,"25-29",1,3,3.5,4.2,-2,0
"Belice",2045,"2017",1072,"30-34",1,3.5,3.5,4.2,-2.5,0
"Belice",2045,"2017",1072,"35-39",5,2.5,3,3.6,2.5,2.5
"Belice",2045,"2017",1072,"40-44",4,5.5,5.25,6.3,-1.5,0
"Belice",2045,"2017",1072,"45-49",4,5,6,7.2,-1,0
"Belice",2045,"2017",1072,"5-9",0,1,1,1.2,-1,0
"Belice",2045,"2017",1072,"50-54",11,10,8.5,10.2,1,1
"Belice",2045,"2017",1072,"55-59",8,8.5,8.5,10.2,-0.5,0
"Belice",2045,"2017",1072,"60-64",7,7,8.25,9.9,0,0
"Belice",2045,"2017",1072,"65-69",16,13.5,12.5,15,2.5,2.5
"Belice",2045,"2017",1072,"70-74",11,14.5,15,18,-3.5,0
"Belice",2045,"2017",1072,"75-79",19,19,18.75,22.5,0,0
"Belice",2045,"2017",1072,"80-84",21,23.5,23.5,28.2,-2.5,0
"Belice",2045,"2017",1072,"85-89",16,18.5,20,24,-2.5,0
"Belice",2045,"2017",1072,"90-94",11,15,15,18,-4,0
"Belice",2045,"2017",1072,"95+",12,9.5,9.25,11.1,2.5,2.5
"Belice",2045,"2017",1078,"0-4",3,2,1.75,2.1,1,1
"Belice",2045,"2017",1078,"10-14",0,0,0,0,0,0
"Belice",2045,"2017",1078,"15-19",2,1.5,1.5,1.8,0.5,0.5
"Belice",2045,"2017",1078,"20-24",0,1,1,1.2,-1,0
"Belice",2045,"2017",1078,"25-29",2,2.5,3.25,3.9,-0.5,0
"Belice",2045,"2017",1078,"30-34",6,4,4,4.8,2,2
"Belice",2045,"2017",1078,"35-39",1,4.5,4,4.8,-3.5,0
"Belice",2045,"2017",1078,"40-44",4,3.5,4.25,5.1,0.5,0
"Belice",2045,"2017",1078,"45-49",3,7.5,7.5,9,-4.5,0
"Belice",2045,"2017",1078,"5-9",1,0.5,1,1.2,0.5,0
"Belice",2045,"2017",1078,"50-54",10,11,11,13.2,-1,0
"Belice",2045,"2017",1078,"55-59",8,14.5,15,18,-6.5,0
"Belice",2045,"2017",1078,"60-64",17,11,11.75,14.1,6,6
"Belice",2045,"2017",1078,"65-69",10,9,8.5,10.2,1,0
"Belice",2045,"2017",1078,"70-74",11,8.5,9.25,11.1,2.5,0
"Belice",2045,"2017",1078,"75-79",6,6,6.75,8.1,0,0
"Belice",2045,"2017",1078,"80-84",6,5.5,5.25,6.3,0.5,0
"Belice",2045,"2017",1078,"85-89",5,6,5.75,6.9,-1,0
"Belice",2045,"2017",1078,"90-94",2,2,2,2.4,0,0
"Belice",2045,"2017",1078,"95+",0,1,1,1.2,-1,0
"Belice",2045,"2017",1082,"0-4",0,0,0,0,0,0
"Belice",2045,"2017",1082,"10-14",0,0,0,0,0,0
"Belice",2045,"2017",1082,"15-19",0,0,0,0,0,0
"Belice",2045,"2017",1082,"20-24",0,0,0.25,0.3,0,0
"Belice",2045,"2017",1082,"25-29",1,0,0.25,0.3,1,1
"Belice",2045,"2017",1082,"30-34",0,0,0,0,0,0
"Belice",2045,"2017",1082,"35-39",0,0,0,0,0,0
"Belice",2045,"2017",1082,"40-44",0,0,0,0,0,0
"Belice",2045,"2017",1082,"45-49",0,0,0,0,0,0
"Belice",2045,"2017",1082,"5-9",0,0,0,0,0,0
"Belice",2045,"2017",1082,"50-54",0,0,0,0,0,0
"Belice",2045,"2017",1082,"55-59",1,0,0.25,0.3,1,1
"Belice",2045,"2017",1082,"60-64",0,0,0.5,0.6,0,0
"Belice",2045,"2017",1082,"65-69",1,0.5,0.5,0.6,0.5,0.5
"Belice",2045,"2017",1082,"70-74",4,0.5,1.25,1.5,3.5,3.5
"Belice",2045,"2017",1082,"75-79",3,0.5,1,1.2,2.5,2.5
"Belice",2045,"2017",1082,"80-84",1,0.5,0.75,0.9,0.5,0.5
"Belice",2045,"2017",1082,"85-89",0,1,1,1.2,-1,0
"Belice",2045,"2017",1082,"90-94",1,1.5,1.5,1.8,-0.5,0
"Belice",2045,"2017",1082,"95+",1,0.5,0.5,0.6,0.5,0.5
"Belice",2045,"2017",1083,"0-4",0,0,0,0,0,0
"Belice",2045,"2017",1083,"10-14",0,0,0,0,0,0
"Belice",2045,"2017",1083,"15-19",1,1,1,1.2,0,0
"Belice",2045,"2017",1083,"20-24",0,0,0.25,0.3,0,0
"Belice",2045,"2017",1083,"25-29",0,0,0.5,0.6,0,0
"Belice",2045,"2017",1083,"30-34",0,0.5,0.5,0.6,-0.5,0
"Belice",2045,"2017",1083,"35-39",3,2,1.75,2.1,1,1
"Belice",2045,"2017",1083,"40-44",1,0,0.25,0.3,1,1
"Belice",2045,"2017",1083,"45-49",1,1,0.75,0.9,0,0
"Belice",2045,"2017",1083,"5-9",0,0,0,0,0,0
"Belice",2045,"2017",1083,"50-54",0,0,0,0,0,0
"Belice",2045,"2017",1083,"55-59",1,0.5,0.5,0.6,0.5,0.5
"Belice",2045,"2017",1083,"60-64",0,0,0.25,0.3,0,0
"Belice",2045,"2017",1083,"65-69",0,0,0,0,0,0
"Belice",2045,"2017",1083,"70-74",1,0,0.25,0.3,1,1
"Belice",2045,"2017",1083,"75-79",1,0,0.25,0.3,1,1
"Belice",2045,"2017",1083,"80-84",2,0,0.5,0.6,2,2
"Belice",2045,"2017",1083,"85-89",1,0,0.25,0.3,1,1
"Belice",2045,"2017",1083,"90-94",0,0,0,0,0,0
"Belice",2045,"2017",1083,"95+",1,0,0.25,0.3,1,1
"Belice",2045,"2017",1084,"0-4",0,0,0.25,0.3,0,0
"Belice",2045,"2017",1084,"10-14",1,1,0.75,0.9,0,0
"Belice",2045,"2017",1084,"15-19",0,0,0.5,0.6,0,0
"Belice",2045,"2017",1084,"20-24",0,0,0,0,0,0
"Belice",2045,"2017",1084,"25-29",1,1,1.75,2.1,0,0
"Belice",2045,"2017",1084,"30-34",0,0,0.25,0.3,0,0
"Belice",2045,"2017",1084,"35-39",3,1,1.5,1.8,2,2
"Belice",2045,"2017",1084,"40-44",2,1,1,1.2,1,1
"Belice",2045,"2017",1084,"45-49",3,2.5,3,3.6,0.5,0
"Belice",2045,"2017",1084,"5-9",0,0,0.25,0.3,0,0
"Belice",2045,"2017",1084,"50-54",1,1,1.5,1.8,0,0
"Belice",2045,"2017",1084,"55-59",5,4,4,4.8,1,1
"Belice",2045,"2017",1084,"60-64",6,4,4,4.8,2,2
"Belice",2045,"2017",1084,"65-69",2,3,3,3.6,-1,0
"Belice",2045,"2017",1084,"70-74",4,4,4,4.8,0,0
"Belice",2045,"2017",1084,"75-79",4,4,3.75,4.5,0,0
"Belice",2045,"2017",1084,"80-84",1,6,5.5,6.6,-5,0
"Belice",2045,"2017",1084,"85-89",8,5.5,5.75,6.9,2.5,2.5
"Belice",2045,"2017",1084,"90-94",7,4.5,4.5,5.4,2.5,2.5
"Belice",2045,"2017",1084,"95+",2,1.5,1.5,1.8,0.5,0.5
"Belice",2045,"2017",1087,"0-4",0,0,0,0,0,0
"Belice",2045,"2017",1087,"10-14",0,0,0,0,0,0
"Belice",2045,"2017",1087,"15-19",1,0,0.333333333333333,0.4,1,1
"Belice",2045,"2017",1087,"20-24",1,1,1.33333333333333,1.6,0,0
"Belice",2045,"2017",1087,"25-29",3,1,1.33333333333333,1.6,2,2
"Belice",2045,"2017",1087,"30-34",0,0,0.333333333333333,0.4,0,0
"Belice",2045,"2017",1087,"35-39",0,0,0,0,0,0
"Belice",2045,"2017",1087,"40-44",1,0,0.333333333333333,0.4,1,1
"Belice",2045,"2017",1087,"45-49",0,0,0,0,0,0
"Belice",2045,"2017",1087,"5-9",0,0,0,0,0,0
"Belice",2045,"2017",1087,"50-54",0,0,0,0,0,0
"Belice",2045,"2017",1087,"55-59",0,0,0,0,0,0
"Belice",2045,"2017",1087,"60-64",0,0,0,0,0,0
"Belice",2045,"2017",1087,"65-69",0,0,0,0,0,0
"Belice",2045,"2017",1087,"70-74",0,0,0,0,0,0
"Belice",2045,"2017",1087,"75-79",0,0,0,0,0,0
"Belice",2045,"2017",1087,"80-84",0,0,0,0,0,0
"Belice",2045,"2017",1087,"85-89",0,0,0,0,0,0
"Belice",2045,"2017",1087,"90-94",0,0,0,0,0,0
"Belice",2045,"2017",1087,"95+",0,0,0,0,0,0
"Belice",2045,"2017",1092,"0-4",52,58,60.5,72.6,-6,0
"Belice",2045,"2017",1092,"10-14",0,0,0,0,0,0
"Belice",2045,"2017",1092,"15-19",0,0,0,0,0,0
"Belice",2045,"2017",1092,"20-24",0,0,0,0,0,0
"Belice",2045,"2017",1092,"25-29",0,0,0,0,0,0
"Belice",2045,"2017",1092,"30-34",0,0,0,0,0,0
"Belice",2045,"2017",1092,"35-39",0,0,0,0,0,0
"Belice",2045,"2017",1092,"40-44",0,0,0,0,0,0
"Belice",2045,"2017",1092,"45-49",0,0,0,0,0,0
"Belice",2045,"2017",1092,"5-9",0,0,0,0,0,0
"Belice",2045,"2017",1092,"50-54",0,0,0,0,0,0
"Belice",2045,"2017",1092,"55-59",0,0,0,0,0,0
"Belice",2045,"2017",1092,"60-64",0,0,0,0,0,0
"Belice",2045,"2017",1092,"65-69",0,0,0,0,0,0
"Belice",2045,"2017",1092,"70-74",0,0,0,0,0,0
"Belice",2045,"2017",1092,"75-79",0,0,0,0,0,0
"Belice",2045,"2017",1092,"80-84",0,0,0,0,0,0
"Belice",2045,"2017",1092,"85-89",0,0,0,0,0,0
"Belice",2045,"2017",1092,"90-94",0,0,0,0,0,0
"Belice",2045,"2017",1092,"95+",0,0,0,0,0,0
"Belice",2045,"2017",1093,"0-4",26,27,26.5,31.8,-1,0
"Belice",2045,"2017",1093,"10-14",0,0.5,0.75,0.9,-0.5,0
"Belice",2045,"2017",1093,"15-19",1,0,0.25,0.3,1,1
"Belice",2045,"2017",1093,"20-24",0,0.5,0.75,0.9,-0.5,0
"Belice",2045,"2017",1093,"25-29",0,0,0.25,0.3,0,0
"Belice",2045,"2017",1093,"30-34",1,0.5,0.5,0.6,0.5,0.5
"Belice",2045,"2017",1093,"35-39",1,1,0.75,0.9,0,0
"Belice",2045,"2017",1093,"40-44",0,0,0,0,0,0
"Belice",2045,"2017",1093,"45-49",0,0,0,0,0,0
"Belice",2045,"2017",1093,"5-9",3,0.5,1,1.2,2.5,2.5
"Belice",2045,"2017",1093,"50-54",0,0,0,0,0,0
"Belice",2045,"2017",1093,"55-59",0,0,0.25,0.3,0,0
"Belice",2045,"2017",1093,"60-64",0,0,0,0,0,0
"Belice",2045,"2017",1093,"65-69",0,0,0,0,0,0
"Belice",2045,"2017",1093,"70-74",0,0,0,0,0,0
"Belice",2045,"2017",1093,"75-79",0,0,0,0,0,0
"Belice",2045,"2017",1093,"80-84",0,0,0,0,0,0
"Belice",2045,"2017",1093,"85-89",0,0,0.25,0.3,0,0
"Belice",2045,"2017",1093,"90-94",0,0,0,0,0,0
"Belice",2045,"2017",1093,"95+",0,0,0,0,0,0
"Belice",2045,"2017",1094,"0-4",6,2,2.75,3.3,4,4
"Belice",2045,"2017",1094,"10-14",0,0,0,0,0,0
"Belice",2045,"2017",1094,"15-19",0,0,0,0,0,0
"Belice",2045,"2017",1094,"20-24",1,0.5,0.5,0.6,0.5,0.5
"Belice",2045,"2017",1094,"25-29",1,0.5,1,1.2,0.5,0
"Belice",2045,"2017",1094,"30-34",1,1,1,1.2,0,0
"Belice",2045,"2017",1094,"35-39",1,0,0.25,0.3,1,1
"Belice",2045,"2017",1094,"40-44",0,0,0.25,0.3,0,0
"Belice",2045,"2017",1094,"45-49",0,0.5,0.5,0.6,-0.5,0
"Belice",2045,"2017",1094,"5-9",0,0,0,0,0,0
"Belice",2045,"2017",1094,"50-54",2,1,1,1.2,1,1
"Belice",2045,"2017",1094,"55-59",0,0.5,0.5,0.6,-0.5,0
"Belice",2045,"2017",1094,"60-64",0,0.5,0.5,0.6,-0.5,0
"Belice",2045,"2017",1094,"65-69",1,1,1,1.2,0,0
"Belice",2045,"2017",1094,"70-74",1,1,1,1.2,0,0
"Belice",2045,"2017",1094,"75-79",2,1,1,1.2,1,1
"Belice",2045,"2017",1094,"80-84",1,2,2,2.4,-1,0
"Belice",2045,"2017",1094,"85-89",4,1,1.75,2.1,3,3
"Belice",2045,"2017",1094,"90-94",3,2.5,2.25,2.7,0.5,0.5
"Belice",2045,"2017",1094,"95+",5,3,3,3.6,2,2
"Belice",2045,"2017",1096,"0-4",5,1.5,2.25,2.7,3.5,3.5
"Belice",2045,"2017",1096,"10-14",3,2,1.75,2.1,1,1
"Belice",2045,"2017",1096,"15-19",7,6.5,7.25,8.7,0.5,0
"Belice",2045,"2017",1096,"20-24",11,10,10.5,12.6,1,0
"Belice",2045,"2017",1096,"25-29",6,14.5,13,15.6,-8.5,0
"Belice",2045,"2017",1096,"30-34",12,11.5,10.75,12.9,0.5,0
"Belice",2045,"2017",1096,"35-39",7,7.5,8.25,9.9,-0.5,0
"Belice",2045,"2017",1096,"40-44",7,6.5,6.25,7.5,0.5,0
"Belice",2045,"2017",1096,"45-49",9,8,8,9.6,1,0
"Belice",2045,"2017",1096,"5-9",4,1.5,1.75,2.1,2.5,2.5
"Belice",2045,"2017",1096,"50-54",6,5,5,6,1,0
"Belice",2045,"2017",1096,"55-59",4,5,4.75,5.7,-1,0
"Belice",2045,"2017",1096,"60-64",6,4,4,4.8,2,2
"Belice",2045,"2017",1096,"65-69",2,4,3.75,4.5,-2,0
"Belice",2045,"2017",1096,"70-74",0,1.5,1.25,1.5,-1.5,0
"Belice",2045,"2017",1096,"75-79",0,0,0.25,0.3,0,0
"Belice",2045,"2017",1096,"80-84",1,1,0.75,0.9,0,0
"Belice",2045,"2017",1096,"85-89",0,0.5,0.75,0.9,-0.5,0
"Belice",2045,"2017",1096,"90-94",0,0,0,0,0,0
"Belice",2045,"2017",1096,"95+",0,0,0,0,0,0
"Belice",2045,"2017",1102,"0-4",0,1.5,1.75,2.1,-1.5,0
"Belice",2045,"2017",1102,"10-14",0,0.5,0.5,0.6,-0.5,0
"Belice",2045,"2017",1102,"15-19",13,12,11.25,13.5,1,0
"Belice",2045,"2017",1102,"20-24",26,23.5,22.25,26.7,2.5,0
"Belice",2045,"2017",1102,"25-29",12,24,21,25.2,-12,0
"Belice",2045,"2017",1102,"30-34",13,17,18.5,22.2,-4,0
"Belice",2045,"2017",1102,"35-39",14,13.5,13.5,16.2,0.5,0
"Belice",2045,"2017",1102,"40-44",15,14.5,13,15.6,0.5,0
"Belice",2045,"2017",1102,"45-49",6,7,7.25,8.7,-1,0
"Belice",2045,"2017",1102,"5-9",0,0.5,0.5,0.6,-0.5,0
"Belice",2045,"2017",1102,"50-54",8,8.5,8.25,9.9,-0.5,0
"Belice",2045,"2017",1102,"55-59",6,4.5,4,4.8,1.5,1.5
"Belice",2045,"2017",1102,"60-64",4,5,4.5,5.4,-1,0
"Belice",2045,"2017",1102,"65-69",2,2,2,2.4,0,0
"Belice",2045,"2017",1102,"70-74",2,1,1.25,1.5,1,1
"Belice",2045,"2017",1102,"75-79",2,0.5,0.75,0.9,1.5,1.5
"Belice",2045,"2017",1102,"80-84",1,0.5,0.5,0.6,0.5,0.5
"Belice",2045,"2017",1102,"85-89",0,0,0.25,0.3,0,0
"Belice",2045,"2017",1102,"90-94",1,0,0.25,0.3,1,1
"Belice",2045,"2017",1102,"95+",0,0,0.25,0.3,0,0
"Belice",2045,"2018",1001,"0-4",8,7,7.25,8.7,1,0
"Belice",2045,"2018",1001,"10-14",1,1,1.25,1.5,0,0
"Belice",2045,"2018",1001,"15-19",1,2,2,2.4,-1,0
"Belice",2045,"2018",1001,"20-24",4,5,5.5,6.6,-1,0
"Belice",2045,"2018",1001,"25-29",6,7.5,8.25,9.9,-1.5,0
"Belice",2045,"2018",1001,"30-34",10,15,16.25,19.5,-5,0
"Belice",2045,"2018",1001,"35-39",29,20.5,21.75,26.1,8.5,8.5
"Belice",2045,"2018",1001,"40-44",17,18,17,20.4,-1,0
"Belice",2045,"2018",1001,"45-49",16,16.5,16.25,19.5,-0.5,0
"Belice",2045,"2018",1001,"5-9",1,1,1,1.2,0,0
"Belice",2045,"2018",1001,"50-54",13,14,14,16.8,-1,0
"Belice",2045,"2018",1001,"55-59",8,12,12,14.4,-4,0
"Belice",2045,"2018",1001,"60-64",15,14,13.5,16.2,1,0
"Belice",2045,"2018",1001,"65-69",7,7,8,9.6,0,0
"Belice",2045,"2018",1001,"70-74",12,7,7.75,9.3,5,5
"Belice",2045,"2018",1001,"75-79",7,6.5,5.5,6.6,0.5,0.5
"Belice",2045,"2018",1001,"80-84",1,2.5,3,3.6,-1.5,0
"Belice",2045,"2018",1001,"85-89",5,3.5,3.5,4.2,1.5,1.5
"Belice",2045,"2018",1001,"90-94",1,1.5,1.75,2.1,-0.5,0
"Belice",2045,"2018",1001,"95+",0,0,0.5,0.6,0,0
"Belice",2045,"2018",1026,"0-4",0,1,1.5,1.8,-1,0
"Belice",2045,"2018",1026,"10-14",1,1,0.75,0.9,0,0
"Belice",2045,"2018",1026,"15-19",2,2,2.25,2.7,0,0
"Belice",2045,"2018",1026,"20-24",4,1.5,1.75,2.1,2.5,2.5
"Belice",2045,"2018",1026,"25-29",3,2.5,2.5,3,0.5,0
"Belice",2045,"2018",1026,"30-34",9,5.5,6,7.2,3.5,3.5
"Belice",2045,"2018",1026,"35-39",8,7.5,7,8.4,0.5,0
"Belice",2045,"2018",1026,"40-44",9,10,10.75,12.9,-1,0
"Belice",2045,"2018",1026,"45-49",17,13,12.75,15.3,4,4
"Belice",2045,"2018",1026,"5-9",0,1,1,1.2,-1,0
"Belice",2045,"2018",1026,"50-54",9,16.5,16,19.2,-7.5,0
"Belice",2045,"2018",1026,"55-59",19,19.5,20.5,24.6,-0.5,0
"Belice",2045,"2018",1026,"60-64",32,24.5,26,31.2,7.5,7.5
"Belice",2045,"2018",1026,"65-69",26,26,23.5,28.2,0,0
"Belice",2045,"2018",1026,"70-74",19,20,19,22.8,-1,0
"Belice",2045,"2018",1026,"75-79",22,22.5,23,27.6,-0.5,0
"Belice",2045,"2018",1026,"80-84",14,19.5,18.75,22.5,-5.5,0
"Belice",2045,"2018",1026,"85-89",15,13.5,13.75,16.5,1.5,0
"Belice",2045,"2018",1026,"90-94",10,5.5,6.25,7.5,4.5,4.5
"Belice",2045,"2018",1026,"95+",1,1.5,1.5,1.8,-0.5,0
"Belice",2045,"2018",1048,"0-4",0,0,0,0,0,0
"Belice",2045,"2018",1048,"10-14",0,0,0,0,0,0
"Belice",2045,"2018",1048,"15-19",0,1,1,1.2,-1,0
"Belice",2045,"2018",1048,"20-24",1,0,0.25,0.3,1,1
"Belice",2045,"2018",1048,"25-29",1,1,0.75,0.9,0,0
"Belice",2045,"2018",1048,"30-34",0,0,0.25,0.3,0,0
"Belice",2045,"2018",1048,"35-39",0,0.5,0.5,0.6,-0.5,0
"Belice",2045,"2018",1048,"40-44",2,0.5,0.75,0.9,1.5,1.5
"Belice",2045,"2018",1048,"45-49",1,1,0.75,0.9,0,0
"Belice",2045,"2018",1048,"5-9",0,0,0.25,0.3,0,0
"Belice",2045,"2018",1048,"50-54",2,1.5,1.5,1.8,0.5,0.5
"Belice",2045,"2018",1048,"55-59",0,0.5,0.75,0.9,-0.5,0
"Belice",2045,"2018",1048,"60-64",5,0.5,1.5,1.8,4.5,4.5
"Belice",2045,"2018",1048,"65-69",0,0.5,0.5,0.6,-0.5,0
"Belice",2045,"2018",1048,"70-74",0,0.5,0.75,0.9,-0.5,0
"Belice",2045,"2018",1048,"75-79",3,1,1.25,1.5,2,2
"Belice",2045,"2018",1048,"80-84",1,1.5,2,2.4,-0.5,0
"Belice",2045,"2018",1048,"85-89",1,1,1.25,1.5,0,0
"Belice",2045,"2018",1048,"90-94",0,1,1.5,1.8,-1,0
"Belice",2045,"2018",1048,"95+",1,0.5,0.5,0.6,0.5,0.5
"Belice",2045,"2018",1051,"0-4",2,2,1.75,2.1,0,0
"Belice",2045,"2018",1051,"10-14",1,0.5,0.5,0.6,0.5,0.5
"Belice",2045,"2018",1051,"15-19",1,0.5,0.5,0.6,0.5,0.5
"Belice",2045,"2018",1051,"20-24",3,1,1.5,1.8,2,2
"Belice",2045,"2018",1051,"25-29",3,2,2.25,2.7,1,1
"Belice",2045,"2018",1051,"30-34",2,1.5,1.75,2.1,0.5,0
"Belice",2045,"2018",1051,"35-39",4,4,3.5,4.2,0,0
"Belice",2045,"2018",1051,"40-44",7,4.5,4.5,5.4,2.5,2.5
"Belice",2045,"2018",1051,"45-49",9,9,9.75,11.7,0,0
"Belice",2045,"2018",1051,"5-9",0,0,0,0,0,0
"Belice",2045,"2018",1051,"50-54",17,19,19.25,23.1,-2,0
"Belice",2045,"2018",1051,"55-59",17,19,20.25,24.3,-2,0
"Belice",2045,"2018",1051,"60-64",29,27.5,25.75,30.9,1.5,0
"Belice",2045,"2018",1051,"65-69",39,29.5,31,37.2,9.5,9.5
"Belice",2045,"2018",1051,"70-74",18,23,23.25,27.9,-5,0
"Belice",2045,"2018",1051,"75-79",27,22,22.5,27,5,0
"Belice",2045,"2018",1051,"80-84",19,21,24.75,29.7,-2,0
"Belice",2045,"2018",1051,"85-89",16,17,17,20.4,-1,0
"Belice",2045,"2018",1051,"90-94",8,7,7,8.4,1,0
"Belice",2045,"2018",1051,"95+",3,4.5,4.25,5.1,-1.5,0
"Belice",2045,"2018",1055,"0-4",0,0,0,0,0,0
"Belice",2045,"2018",1055,"10-14",0,0,0,0,0,0
"Belice",2045,"2018",1055,"15-19",0,0,0,0,0,0
"Belice",2045,"2018",1055,"20-24",0,0,0,0,0,0
"Belice",2045,"2018",1055,"25-29",0,0,0,0,0,0
"Belice",2045,"2018",1055,"30-34",0,0,0,0,0,0
"Belice",2045,"2018",1055,"35-39",0,0,0.25,0.3,0,0
"Belice",2045,"2018",1055,"40-44",0,0,0,0,0,0
"Belice",2045,"2018",1055,"45-49",1,0.5,0.5,0.6,0.5,0.5
"Belice",2045,"2018",1055,"5-9",0,0,0,0,0,0
"Belice",2045,"2018",1055,"50-54",0,0,0.25,0.3,0,0
"Belice",2045,"2018",1055,"55-59",0,2.5,2.5,3,-2.5,0
"Belice",2045,"2018",1055,"60-64",1,0.5,0.5,0.6,0.5,0.5
"Belice",2045,"2018",1055,"65-69",2,1.5,1.25,1.5,0.5,0.5
"Belice",2045,"2018",1055,"70-74",0,0.5,0.75,0.9,-0.5,0
"Belice",2045,"2018",1055,"75-79",2,1,1,1.2,1,1
"Belice",2045,"2018",1055,"80-84",2,0,0.5,0.6,2,2
"Belice",2045,"2018",1055,"85-89",2,0.5,0.75,0.9,1.5,1.5
"Belice",2045,"2018",1055,"90-94",1,1,0.75,0.9,0,0
"Belice",2045,"2018",1055,"95+",0,0,0.25,0.3,0,0
"Belice",2045,"2018",1058,"0-4",2,3,3,3.6,-1,0
"Belice",2045,"2018",1058,"10-14",4,1,1.5,1.8,3,3
"Belice",2045,"2018",1058,"15-19",3,1,1.25,1.5,2,2
"Belice",2045,"2018",1058,"20-24",1,1,1.25,1.5,0,0
"Belice",2045,"2018",1058,"25-29",2,1.5,1.25,1.5,0.5,0.5
"Belice",2045,"2018",1058,"30-34",0,2,2,2.4,-2,0
"Belice",2045,"2018",1058,"35-39",1,1.5,1.5,1.8,-0.5,0
"Belice",2045,"2018",1058,"40-44",0,0.5,0.5,0.6,-0.5,0
"Belice",2045,"2018",1058,"45-49",1,1,1.25,1.5,0,0
"Belice",2045,"2018",1058,"5-9",0,1,1.25,1.5,-1,0
"Belice",2045,"2018",1058,"50-54",2,1.5,1.75,2.1,0.5,0
"Belice",2045,"2018",1058,"55-59",2,1.5,2,2.4,0.5,0
"Belice",2045,"2018",1058,"60-64",2,2,2,2.4,0,0
"Belice",2045,"2018",1058,"65-69",1,1,1,1.2,0,0
"Belice",2045,"2018",1058,"70-74",3,2,2.25,2.7,1,1
"Belice",2045,"2018",1058,"75-79",4,3.5,3.5,4.2,0.5,0
"Belice",2045,"2018",1058,"80-84",2,2.5,2.75,3.3,-0.5,0
"Belice",2045,"2018",1058,"85-89",1,3,3.25,3.9,-2,0
"Belice",2045,"2018",1058,"90-94",1,1,1.25,1.5,0,0
"Belice",2045,"2018",1058,"95+",0,0.5,0.5,0.6,-0.5,0
"Belice",2045,"2018",1064,"0-4",2,2.5,2,2.4,-0.5,0
"Belice",2045,"2018",1064,"10-14",2,0.5,0.75,0.9,1.5,1.5
"Belice",2045,"2018",1064,"15-19",0,0,0.5,0.6,0,0
"Belice",2045,"2018",1064,"20-24",1,2,1.75,2.1,-1,0
"Belice",2045,"2018",1064,"25-29",4,2.5,2.5,3,1.5,1.5
"Belice",2045,"2018",1064,"30-34",3,3.5,4,4.8,-0.5,0
"Belice",2045,"2018",1064,"35-39",8,5.5,5.25,6.3,2.5,2.5
"Belice",2045,"2018",1064,"40-44",7,11,10.75,12.9,-4,0
"Belice",2045,"2018",1064,"45-49",16,15,15.25,18.3,1,0
"Belice",2045,"2018",1064,"5-9",1,0,0.25,0.3,1,1
"Belice",2045,"2018",1064,"50-54",19,19,18,21.6,0,0
"Belice",2045,"2018",1064,"55-59",33,30,29.75,35.7,3,0
"Belice",2045,"2018",1064,"60-64",37,36,34.75,41.7,1,0
"Belice",2045,"2018",1064,"65-69",41,41,39.25,47.1,0,0
"Belice",2045,"2018",1064,"70-74",40,38,35.5,42.6,2,0
"Belice",2045,"2018",1064,"75-79",52,51.5,52.5,63,0.5,0
"Belice",2045,"2018",1064,"80-84",72,57.5,57.25,68.7,14.5,14.5
"Belice",2045,"2018",1064,"85-89",62,57,56.75,68.1,5,0
"Belice",2045,"2018",1064,"90-94",27,26,28.5,34.2,1,0
"Belice",2045,"2018",1064,"95+",18,16,15.75,18.9,2,0
"Belice",2045,"2018",1072,"0-4",11,11.5,11.75,14.1,-0.5,0
"Belice",2045,"2018",1072,"10-14",1,1,1,1.2,0,0
"Belice",2045,"2018",1072,"15-19",3,2,2.25,2.7,1,1
"Belice",2045,"2018",1072,"20-24",4,2.5,2.5,3,1.5,1.5
"Belice",2045,"2018",1072,"25-29",3,3,3.5,4.2,0,0
"Belice",2045,"2018",1072,"30-34",6,3.5,3.5,4.2,2.5,2.5
"Belice",2045,"2018",1072,"35-39",2,2.5,3,3.6,-0.5,0
"Belice",2045,"2018",1072,"40-44",6,5.5,5.25,6.3,0.5,0
"Belice",2045,"2018",1072,"45-49",10,5,6,7.2,5,5
"Belice",2045,"2018",1072,"5-9",1,1,1,1.2,0,0
"Belice",2045,"2018",1072,"50-54",10,10,8.5,10.2,0,0
"Belice",2045,"2018",1072,"55-59",9,8.5,8.5,10.2,0.5,0
"Belice",2045,"2018",1072,"60-64",6,7,8.25,9.9,-1,0
"Belice",2045,"2018",1072,"65-69",17,13.5,12.5,15,3.5,3.5
"Belice",2045,"2018",1072,"70-74",17,14.5,15,18,2.5,0
"Belice",2045,"2018",1072,"75-79",24,19,18.75,22.5,5,5
"Belice",2045,"2018",1072,"80-84",20,23.5,23.5,28.2,-3.5,0
"Belice",2045,"2018",1072,"85-89",27,18.5,20,24,8.5,8.5
"Belice",2045,"2018",1072,"90-94",20,15,15,18,5,5
"Belice",2045,"2018",1072,"95+",9,9.5,9.25,11.1,-0.5,0
"Belice",2045,"2018",1078,"0-4",0,2,1.75,2.1,-2,0
"Belice",2045,"2018",1078,"10-14",0,0,0,0,0,0
"Belice",2045,"2018",1078,"15-19",0,1.5,1.5,1.8,-1.5,0
"Belice",2045,"2018",1078,"20-24",2,1,1,1.2,1,1
"Belice",2045,"2018",1078,"25-29",3,2.5,3.25,3.9,0.5,0
"Belice",2045,"2018",1078,"30-34",2,4,4,4.8,-2,0
"Belice",2045,"2018",1078,"35-39",6,4.5,4,4.8,1.5,1.5
"Belice",2045,"2018",1078,"40-44",1,3.5,4.25,5.1,-2.5,0
"Belice",2045,"2018",1078,"45-49",4,7.5,7.5,9,-3.5,0
"Belice",2045,"2018",1078,"5-9",0,0.5,1,1.2,-0.5,0
"Belice",2045,"2018",1078,"50-54",8,11,11,13.2,-3,0
"Belice",2045,"2018",1078,"55-59",18,14.5,15,18,3.5,0
"Belice",2045,"2018",1078,"60-64",8,11,11.75,14.1,-3,0
"Belice",2045,"2018",1078,"65-69",12,9,8.5,10.2,3,3
"Belice",2045,"2018",1078,"70-74",16,8.5,9.25,11.1,7.5,7.5
"Belice",2045,"2018",1078,"75-79",11,6,6.75,8.1,5,5
"Belice",2045,"2018",1078,"80-84",5,5.5,5.25,6.3,-0.5,0
"Belice",2045,"2018",1078,"85-89",7,6,5.75,6.9,1,1
"Belice",2045,"2018",1078,"90-94",2,2,2,2.4,0,0
"Belice",2045,"2018",1078,"95+",1,1,1,1.2,0,0
"Belice",2045,"2018",1082,"0-4",0,0,0,0,0,0
"Belice",2045,"2018",1082,"10-14",0,0,0,0,0,0
"Belice",2045,"2018",1082,"15-19",0,0,0,0,0,0
"Belice",2045,"2018",1082,"20-24",0,0,0.25,0.3,0,0
"Belice",2045,"2018",1082,"25-29",0,0,0.25,0.3,0,0
"Belice",2045,"2018",1082,"30-34",0,0,0,0,0,0
"Belice",2045,"2018",1082,"35-39",0,0,0,0,0,0
"Belice",2045,"2018",1082,"40-44",0,0,0,0,0,0
"Belice",2045,"2018",1082,"45-49",0,0,0,0,0,0
"Belice",2045,"2018",1082,"5-9",0,0,0,0,0,0
"Belice",2045,"2018",1082,"50-54",0,0,0,0,0,0
"Belice",2045,"2018",1082,"55-59",0,0,0.25,0.3,0,0
"Belice",2045,"2018",1082,"60-64",2,0,0.5,0.6,2,2
"Belice",2045,"2018",1082,"65-69",1,0.5,0.5,0.6,0.5,0.5
"Belice",2045,"2018",1082,"70-74",1,0.5,1.25,1.5,0.5,0
"Belice",2045,"2018",1082,"75-79",1,0.5,1,1.2,0.5,0
"Belice",2045,"2018",1082,"80-84",0,0.5,0.75,0.9,-0.5,0
"Belice",2045,"2018",1082,"85-89",2,1,1,1.2,1,1
"Belice",2045,"2018",1082,"90-94",3,1.5,1.5,1.8,1.5,1.5
"Belice",2045,"2018",1082,"95+",1,0.5,0.5,0.6,0.5,0.5
"Belice",2045,"2018",1083,"0-4",0,0,0,0,0,0
"Belice",2045,"2018",1083,"10-14",0,0,0,0,0,0
"Belice",2045,"2018",1083,"15-19",0,1,1,1.2,-1,0
"Belice",2045,"2018",1083,"20-24",0,0,0.25,0.3,0,0
"Belice",2045,"2018",1083,"25-29",0,0,0.5,0.6,0,0
"Belice",2045,"2018",1083,"30-34",0,0.5,0.5,0.6,-0.5,0
"Belice",2045,"2018",1083,"35-39",1,2,1.75,2.1,-1,0
"Belice",2045,"2018",1083,"40-44",0,0,0.25,0.3,0,0
"Belice",2045,"2018",1083,"45-49",1,1,0.75,0.9,0,0
"Belice",2045,"2018",1083,"5-9",0,0,0,0,0,0
"Belice",2045,"2018",1083,"50-54",0,0,0,0,0,0
"Belice",2045,"2018",1083,"55-59",1,0.5,0.5,0.6,0.5,0.5
"Belice",2045,"2018",1083,"60-64",0,0,0.25,0.3,0,0
"Belice",2045,"2018",1083,"65-69",0,0,0,0,0,0
"Belice",2045,"2018",1083,"70-74",0,0,0.25,0.3,0,0
"Belice",2045,"2018",1083,"75-79",0,0,0.25,0.3,0,0
"Belice",2045,"2018",1083,"80-84",0,0,0.5,0.6,0,0
"Belice",2045,"2018",1083,"85-89",0,0,0.25,0.3,0,0
"Belice",2045,"2018",1083,"90-94",0,0,0,0,0,0
"Belice",2045,"2018",1083,"95+",0,0,0.25,0.3,0,0
"Belice",2045,"2018",1084,"0-4",0,0,0.25,0.3,0,0
"Belice",2045,"2018",1084,"10-14",0,1,0.75,0.9,-1,0
"Belice",2045,"2018",1084,"15-19",0,0,0.5,0.6,0,0
"Belice",2045,"2018",1084,"20-24",0,0,0,0,0,0
"Belice",2045,"2018",1084,"25-29",1,1,1.75,2.1,0,0
"Belice",2045,"2018",1084,"30-34",0,0,0.25,0.3,0,0
"Belice",2045,"2018",1084,"35-39",1,1,1.5,1.8,0,0
"Belice",2045,"2018",1084,"40-44",1,1,1,1.2,0,0
"Belice",2045,"2018",1084,"45-49",6,2.5,3,3.6,3.5,3.5
"Belice",2045,"2018",1084,"5-9",0,0,0.25,0.3,0,0
"Belice",2045,"2018",1084,"50-54",4,1,1.5,1.8,3,3
"Belice",2045,"2018",1084,"55-59",4,4,4,4.8,0,0
"Belice",2045,"2018",1084,"60-64",7,4,4,4.8,3,3
"Belice",2045,"2018",1084,"65-69",4,3,3,3.6,1,1
"Belice",2045,"2018",1084,"70-74",5,4,4,4.8,1,1
"Belice",2045,"2018",1084,"75-79",5,4,3.75,4.5,1,1
"Belice",2045,"2018",1084,"80-84",7,6,5.5,6.6,1,1
"Belice",2045,"2018",1084,"85-89",5,5.5,5.75,6.9,-0.5,0
"Belice",2045,"2018",1084,"90-94",5,4.5,4.5,5.4,0.5,0
"Belice",2045,"2018",1084,"95+",1,1.5,1.5,1.8,-0.5,0
"Belice",2045,"2018",1087,"0-4",0,0,0,0,0,0
"Belice",2045,"2018",1087,"10-14",0,0,0,0,0,0
"Belice",2045,"2018",1087,"15-19",0,0,0.333333333333333,0.4,0,0
"Belice",2045,"2018",1087,"20-24",2,1,1.33333333333333,1.6,1,1
"Belice",2045,"2018",1087,"25-29",1,1,1.33333333333333,1.6,0,0
"Belice",2045,"2018",1087,"30-34",1,0,0.333333333333333,0.4,1,1
"Belice",2045,"2018",1087,"35-39",0,0,0,0,0,0
"Belice",2045,"2018",1087,"40-44",0,0,0.333333333333333,0.4,0,0
"Belice",2045,"2018",1087,"45-49",0,0,0,0,0,0
"Belice",2045,"2018",1087,"5-9",0,0,0,0,0,0
"Belice",2045,"2018",1087,"50-54",0,0,0,0,0,0
"Belice",2045,"2018",1087,"55-59",0,0,0,0,0,0
"Belice",2045,"2018",1087,"60-64",0,0,0,0,0,0
"Belice",2045,"2018",1087,"65-69",0,0,0,0,0,0
"Belice",2045,"2018",1087,"70-74",0,0,0,0,0,0
"Belice",2045,"2018",1087,"75-79",0,0,0,0,0,0
"Belice",2045,"2018",1087,"80-84",0,0,0,0,0,0
"Belice",2045,"2018",1087,"85-89",0,0,0,0,0,0
"Belice",2045,"2018",1087,"90-94",0,0,0,0,0,0
"Belice",2045,"2018",1087,"95+",0,0,0,0,0,0
"Belice",2045,"2018",1092,"0-4",51,58,60.5,72.6,-7,0
"Belice",2045,"2018",1092,"10-14",0,0,0,0,0,0
"Belice",2045,"2018",1092,"15-19",0,0,0,0,0,0
"Belice",2045,"2018",1092,"20-24",0,0,0,0,0,0
"Belice",2045,"2018",1092,"25-29",0,0,0,0,0,0
"Belice",2045,"2018",1092,"30-34",0,0,0,0,0,0
"Belice",2045,"2018",1092,"35-39",0,0,0,0,0,0
"Belice",2045,"2018",1092,"40-44",0,0,0,0,0,0
"Belice",2045,"2018",1092,"45-49",0,0,0,0,0,0
"Belice",2045,"2018",1092,"5-9",0,0,0,0,0,0
"Belice",2045,"2018",1092,"50-54",0,0,0,0,0,0
"Belice",2045,"2018",1092,"55-59",0,0,0,0,0,0
"Belice",2045,"2018",1092,"60-64",0,0,0,0,0,0
"Belice",2045,"2018",1092,"65-69",0,0,0,0,0,0
"Belice",2045,"2018",1092,"70-74",0,0,0,0,0,0
"Belice",2045,"2018",1092,"75-79",0,0,0,0,0,0
"Belice",2045,"2018",1092,"80-84",0,0,0,0,0,0
"Belice",2045,"2018",1092,"85-89",0,0,0,0,0,0
"Belice",2045,"2018",1092,"90-94",0,0,0,0,0,0
"Belice",2045,"2018",1092,"95+",0,0,0,0,0,0
"Belice",2045,"2018",1093,"0-4",29,27,26.5,31.8,2,0
"Belice",2045,"2018",1093,"10-14",2,0.5,0.75,0.9,1.5,1.5
"Belice",2045,"2018",1093,"15-19",0,0,0.25,0.3,0,0
"Belice",2045,"2018",1093,"20-24",2,0.5,0.75,0.9,1.5,1.5
"Belice",2045,"2018",1093,"25-29",0,0,0.25,0.3,0,0
"Belice",2045,"2018",1093,"30-34",0,0.5,0.5,0.6,-0.5,0
"Belice",2045,"2018",1093,"35-39",1,1,0.75,0.9,0,0
"Belice",2045,"2018",1093,"40-44",0,0,0,0,0,0
"Belice",2045,"2018",1093,"45-49",0,0,0,0,0,0
"Belice",2045,"2018",1093,"5-9",0,0.5,1,1.2,-0.5,0
"Belice",2045,"2018",1093,"50-54",0,0,0,0,0,0
"Belice",2045,"2018",1093,"55-59",0,0,0.25,0.3,0,0
"Belice",2045,"2018",1093,"60-64",0,0,0,0,0,0
"Belice",2045,"2018",1093,"65-69",0,0,0,0,0,0
"Belice",2045,"2018",1093,"70-74",0,0,0,0,0,0
"Belice",2045,"2018",1093,"75-79",0,0,0,0,0,0
"Belice",2045,"2018",1093,"80-84",0,0,0,0,0,0
"Belice",2045,"2018",1093,"85-89",0,0,0.25,0.3,0,0
"Belice",2045,"2018",1093,"90-94",0,0,0,0,0,0
"Belice",2045,"2018",1093,"95+",0,0,0,0,0,0
"Belice",2045,"2018",1094,"0-4",2,2,2.75,3.3,0,0
"Belice",2045,"2018",1094,"10-14",0,0,0,0,0,0
"Belice",2045,"2018",1094,"15-19",0,0,0,0,0,0
"Belice",2045,"2018",1094,"20-24",1,0.5,0.5,0.6,0.5,0.5
"Belice",2045,"2018",1094,"25-29",0,0.5,1,1.2,-0.5,0
"Belice",2045,"2018",1094,"30-34",0,1,1,1.2,-1,0
"Belice",2045,"2018",1094,"35-39",0,0,0.25,0.3,0,0
"Belice",2045,"2018",1094,"40-44",0,0,0.25,0.3,0,0
"Belice",2045,"2018",1094,"45-49",1,0.5,0.5,0.6,0.5,0.5
"Belice",2045,"2018",1094,"5-9",0,0,0,0,0,0
"Belice",2045,"2018",1094,"50-54",0,1,1,1.2,-1,0
"Belice",2045,"2018",1094,"55-59",1,0.5,0.5,0.6,0.5,0.5
"Belice",2045,"2018",1094,"60-64",1,0.5,0.5,0.6,0.5,0.5
"Belice",2045,"2018",1094,"65-69",1,1,1,1.2,0,0
"Belice",2045,"2018",1094,"70-74",1,1,1,1.2,0,0
"Belice",2045,"2018",1094,"75-79",1,1,1,1.2,0,0
"Belice",2045,"2018",1094,"80-84",1,2,2,2.4,-1,0
"Belice",2045,"2018",1094,"85-89",1,1,1.75,2.1,0,0
"Belice",2045,"2018",1094,"90-94",1,2.5,2.25,2.7,-1.5,0
"Belice",2045,"2018",1094,"95+",3,3,3,3.6,0,0
"Belice",2045,"2018",1096,"0-4",1,1.5,2.25,2.7,-0.5,0
"Belice",2045,"2018",1096,"10-14",0,2,1.75,2.1,-2,0
"Belice",2045,"2018",1096,"15-19",5,6.5,7.25,8.7,-1.5,0
"Belice",2045,"2018",1096,"20-24",6,10,10.5,12.6,-4,0
"Belice",2045,"2018",1096,"25-29",16,14.5,13,15.6,1.5,1.5
"Belice",2045,"2018",1096,"30-34",7,11.5,10.75,12.9,-4.5,0
"Belice",2045,"2018",1096,"35-39",7,7.5,8.25,9.9,-0.5,0
"Belice",2045,"2018",1096,"40-44",5,6.5,6.25,7.5,-1.5,0
"Belice",2045,"2018",1096,"45-49",7,8,8,9.6,-1,0
"Belice",2045,"2018",1096,"5-9",0,1.5,1.75,2.1,-1.5,0
"Belice",2045,"2018",1096,"50-54",5,5,5,6,0,0
"Belice",2045,"2018",1096,"55-59",6,5,4.75,5.7,1,1
"Belice",2045,"2018",1096,"60-64",5,4,4,4.8,1,1
"Belice",2045,"2018",1096,"65-69",5,4,3.75,4.5,1,1
"Belice",2045,"2018",1096,"70-74",1,1.5,1.25,1.5,-0.5,0
"Belice",2045,"2018",1096,"75-79",1,0,0.25,0.3,1,1
"Belice",2045,"2018",1096,"80-84",1,1,0.75,0.9,0,0
"Belice",2045,"2018",1096,"85-89",1,0.5,0.75,0.9,0.5,0.5
"Belice",2045,"2018",1096,"90-94",0,0,0,0,0,0
"Belice",2045,"2018",1096,"95+",0,0,0,0,0,0
"Belice",2045,"2018",1102,"0-4",4,1.5,1.75,2.1,2.5,2.5
"Belice",2045,"2018",1102,"10-14",1,0.5,0.5,0.6,0.5,0.5
"Belice",2045,"2018",1102,"15-19",8,12,11.25,13.5,-4,0
"Belice",2045,"2018",1102,"20-24",25,23.5,22.25,26.7,1.5,0
"Belice",2045,"2018",1102,"25-29",24,24,21,25.2,0,0
"Belice",2045,"2018",1102,"30-34",21,17,18.5,22.2,4,0
"Belice",2045,"2018",1102,"35-39",16,13.5,13.5,16.2,2.5,0
"Belice",2045,"2018",1102,"40-44",16,14.5,13,15.6,1.5,1.5
"Belice",2045,"2018",1102,"45-49",10,7,7.25,8.7,3,3
"Belice",2045,"2018",1102,"5-9",1,0.5,0.5,0.6,0.5,0.5
"Belice",2045,"2018",1102,"50-54",9,8.5,8.25,9.9,0.5,0
"Belice",2045,"2018",1102,"55-59",4,4.5,4,4.8,-0.5,0
"Belice",2045,"2018",1102,"60-64",1,5,4.5,5.4,-4,0
"Belice",2045,"2018",1102,"65-69",3,2,2,2.4,1,1
"Belice",2045,"2018",1102,"70-74",3,1,1.25,1.5,2,2
"Belice",2045,"2018",1102,"75-79",0,0.5,0.75,0.9,-0.5,0
"Belice",2045,"2018",1102,"80-84",0,0.5,0.5,0.6,-0.5,0
"Belice",2045,"2018",1102,"85-89",0,0,0.25,0.3,0,0
"Belice",2045,"2018",1102,"90-94",0,0,0.25,0.3,0,0
"Belice",2045,"2018",1102,"95+",0,0,0.25,0.3,0,0
"Costa Rica",2140,"2015",1001,"0-4",9,14.5,14.75,17.7,-5.5,0
"Costa Rica",2140,"2015",1001,"10-14",2,1.5,1.5,1.8,0.5,0.5
"Costa Rica",2140,"2015",1001,"15-19",5,4.5,3.75,4.5,0.5,0.5
"Costa Rica",2140,"2015",1001,"20-24",11,11,10,12,0,0
"Costa Rica",2140,"2015",1001,"25-29",24,20.5,20.75,24.9,3.5,0
"Costa Rica",2140,"2015",1001,"30-34",23,27,26.75,32.1,-4,0
"Costa Rica",2140,"2015",1001,"35-39",26,32.5,31.25,37.5,-6.5,0
"Costa Rica",2140,"2015",1001,"40-44",23,25.5,26,31.2,-2.5,0
"Costa Rica",2140,"2015",1001,"45-49",32,30.5,28,33.6,1.5,0
"Costa Rica",2140,"2015",1001,"5-9",1,3,2.75,3.3,-2,0
"Costa Rica",2140,"2015",1001,"50-54",26,29.5,30.5,36.6,-3.5,0
"Costa Rica",2140,"2015",1001,"55-59",33,32.5,32.25,38.7,0.5,0
"Costa Rica",2140,"2015",1001,"60-64",25,30,30.75,36.9,-5,0
"Costa Rica",2140,"2015",1001,"65-69",25,30.5,30.5,36.6,-5.5,0
"Costa Rica",2140,"2015",1001,"70-74",23,28,28,33.6,-5,0
"Costa Rica",2140,"2015",1001,"75-79",27,30,32.5,39,-3,0
"Costa Rica",2140,"2015",1001,"80-84",30,31,31.5,37.8,-1,0
"Costa Rica",2140,"2015",1001,"85-89",34,31.5,32,38.4,2.5,0
"Costa Rica",2140,"2015",1001,"90-94",21,22.5,21.75,26.1,-1.5,0
"Costa Rica",2140,"2015",1001,"95+",12,10,10.75,12.9,2,0
"Costa Rica",2140,"2015",1026,"0-4",7,13.5,13.5,16.2,-6.5,0
"Costa Rica",2140,"2015",1026,"10-14",15,14,15.75,18.9,1,0
"Costa Rica",2140,"2015",1026,"15-19",33,25.5,25,30,7.5,7.5
"Costa Rica",2140,"2015",1026,"20-24",26,26.5,28.75,34.5,-0.5,0
"Costa Rica",2140,"2015",1026,"25-29",43,48.5,49,58.8,-5.5,0
"Costa Rica",2140,"2015",1026,"30-34",65,69,69,82.8,-4,0
"Costa Rica",2140,"2015",1026,"35-39",84,88.5,90,108,-4.5,0
"Costa Rica",2140,"2015",1026,"40-44",107,122.5,119,142.8,-15.5,0
"Costa Rica",2140,"2015",1026,"45-49",177,181,183.5,220.2,-4,0
"Costa Rica",2140,"2015",1026,"5-9",17,16.5,16.5,19.8,0.5,0
"Costa Rica",2140,"2015",1026,"50-54",277,302,298,357.6,-25,0
"Costa Rica",2140,"2015",1026,"55-59",382,406,409.25,491.1,-24,0
"Costa Rica",2140,"2015",1026,"60-64",524,519,521.75,626.1,5,0
"Costa Rica",2140,"2015",1026,"65-69",547,603,606,727.2,-56,0
"Costa Rica",2140,"2015",1026,"70-74",586,595,610.25,732.3,-9,0
"Costa Rica",2140,"2015",1026,"75-79",590,609,627.75,753.3,-19,0
"Costa Rica",2140,"2015",1026,"80-84",583,583.5,587.75,705.3,-0.5,0
"Costa Rica",2140,"2015",1026,"85-89",456,481.5,486.5,583.8,-25.5,0
"Costa Rica",2140,"2015",1026,"90-94",235,246,248.75,298.5,-11,0
"Costa Rica",2140,"2015",1026,"95+",86,88.5,90.75,108.9,-2.5,0
"Costa Rica",2140,"2015",1048,"0-4",4,2.5,2.5,3,1.5,1.5
"Costa Rica",2140,"2015",1048,"10-14",0,0.5,1,1.2,-0.5,0
"Costa Rica",2140,"2015",1048,"15-19",2,2,2.25,2.7,0,0
"Costa Rica",2140,"2015",1048,"20-24",3,2.5,2,2.4,0.5,0.5
"Costa Rica",2140,"2015",1048,"25-29",2,2,2,2.4,0,0
"Costa Rica",2140,"2015",1048,"30-34",3,3,3,3.6,0,0
"Costa Rica",2140,"2015",1048,"35-39",1,4,4,4.8,-3,0
"Costa Rica",2140,"2015",1048,"40-44",5,3.5,3.25,3.9,1.5,1.5
"Costa Rica",2140,"2015",1048,"45-49",3,4,3.75,4.5,-1,0
"Costa Rica",2140,"2015",1048,"5-9",2,0.5,0.75,0.9,1.5,1.5
"Costa Rica",2140,"2015",1048,"50-54",4,4.5,4.75,5.7,-0.5,0
"Costa Rica",2140,"2015",1048,"55-59",3,3,3.25,3.9,0,0
"Costa Rica",2140,"2015",1048,"60-64",4,5,5.75,6.9,-1,0
"Costa Rica",2140,"2015",1048,"65-69",3,6,5.5,6.6,-3,0
"Costa Rica",2140,"2015",1048,"70-74",8,7,6.5,7.8,1,1
"Costa Rica",2140,"2015",1048,"75-79",4,12.5,12,14.4,-8.5,0
"Costa Rica",2140,"2015",1048,"80-84",8,8,8,9.6,0,0
"Costa Rica",2140,"2015",1048,"85-89",6,7,8,9.6,-1,0
"Costa Rica",2140,"2015",1048,"90-94",4,5,5.5,6.6,-1,0
"Costa Rica",2140,"2015",1048,"95+",3,2.5,2.5,3,0.5,0
"Costa Rica",2140,"2015",1051,"0-4",5,4.5,5,6,0.5,0
"Costa Rica",2140,"2015",1051,"10-14",5,4,3.5,4.2,1,1
"Costa Rica",2140,"2015",1051,"15-19",8,5.5,5.5,6.6,2.5,2.5
"Costa Rica",2140,"2015",1051,"20-24",7,6,5.75,6.9,1,1
"Costa Rica",2140,"2015",1051,"25-29",8,6,6,7.2,2,2
"Costa Rica",2140,"2015",1051,"30-34",9,11,11,13.2,-2,0
"Costa Rica",2140,"2015",1051,"35-39",15,14.5,13.75,16.5,0.5,0
"Costa Rica",2140,"2015",1051,"40-44",13,23,21.75,26.1,-10,0
"Costa Rica",2140,"2015",1051,"45-49",36,39,38.5,46.2,-3,0
"Costa Rica",2140,"2015",1051,"5-9",1,2.5,2.25,2.7,-1.5,0
"Costa Rica",2140,"2015",1051,"50-54",60,60.5,58.5,70.2,-0.5,0
"Costa Rica",2140,"2015",1051,"55-59",79,90,88.5,106.2,-11,0
"Costa Rica",2140,"2015",1051,"60-64",97,118,115.5,138.6,-21,0
"Costa Rica",2140,"2015",1051,"65-69",95,132.5,127.25,152.7,-37.5,0
"Costa Rica",2140,"2015",1051,"70-74",130,136,140,168,-6,0
"Costa Rica",2140,"2015",1051,"75-79",130,171,164.25,197.1,-41,0
"Costa Rica",2140,"2015",1051,"80-84",150,176,174,208.8,-26,0
"Costa Rica",2140,"2015",1051,"85-89",147,157,156.75,188.1,-10,0
"Costa Rica",2140,"2015",1051,"90-94",98,99.5,102.75,123.3,-1.5,0
"Costa Rica",2140,"2015",1051,"95+",30,40,40.5,48.6,-10,0
"Costa Rica",2140,"2015",1055,"0-4",0,0,0,0,0,0
"Costa Rica",2140,"2015",1055,"10-14",0,0,0.25,0.3,0,0
"Costa Rica",2140,"2015",1055,"15-19",0,0,0,0,0,0
"Costa Rica",2140,"2015",1055,"20-24",0,0,0.25,0.3,0,0
"Costa Rica",2140,"2015",1055,"25-29",0,0.5,0.5,0.6,-0.5,0
"Costa Rica",2140,"2015",1055,"30-34",0,0,0.25,0.3,0,0
"Costa Rica",2140,"2015",1055,"35-39",1,1,0.75,0.9,0,0
"Costa Rica",2140,"2015",1055,"40-44",2,1.5,3,3.6,0.5,0
"Costa Rica",2140,"2015",1055,"45-49",1,0.5,1,1.2,0.5,0
"Costa Rica",2140,"2015",1055,"5-9",0,0,0,0,0,0
"Costa Rica",2140,"2015",1055,"50-54",4,3,2.5,3,1,1
"Costa Rica",2140,"2015",1055,"55-59",5,5.5,5.5,6.6,-0.5,0
"Costa Rica",2140,"2015",1055,"60-64",7,6.5,7.75,9.3,0.5,0
"Costa Rica",2140,"2015",1055,"65-69",6,9.5,9.5,11.4,-3.5,0
"Costa Rica",2140,"2015",1055,"70-74",17,23,22.5,27,-6,0
"Costa Rica",2140,"2015",1055,"75-79",24,39.5,38.5,46.2,-15.5,0
"Costa Rica",2140,"2015",1055,"80-84",49,58,60.5,72.6,-9,0
"Costa Rica",2140,"2015",1055,"85-89",73,75.5,80,96,-2.5,0
"Costa Rica",2140,"2015",1055,"90-94",57,70.5,69.75,83.7,-13.5,0
"Costa Rica",2140,"2015",1055,"95+",37,47,45.5,54.6,-10,0
"Costa Rica",2140,"2015",1058,"0-4",23,17,17,20.4,6,6
"Costa Rica",2140,"2015",1058,"10-14",13,12.5,11.25,13.5,0.5,0
"Costa Rica",2140,"2015",1058,"15-19",16,17.5,16.75,20.1,-1.5,0
"Costa Rica",2140,"2015",1058,"20-24",20,21,20.75,24.9,-1,0
"Costa Rica",2140,"2015",1058,"25-29",9,19.5,17.5,21,-10.5,0
"Costa Rica",2140,"2015",1058,"30-34",12,15,16,19.2,-3,0
"Costa Rica",2140,"2015",1058,"35-39",14,16,16.25,19.5,-2,0
"Costa Rica",2140,"2015",1058,"40-44",14,13.5,14,16.8,0.5,0
"Costa Rica",2140,"2015",1058,"45-49",18,18,19.75,23.7,0,0
"Costa Rica",2140,"2015",1058,"5-9",6,6,6.25,7.5,0,0
"Costa Rica",2140,"2015",1058,"50-54",22,30.5,31.5,37.8,-8.5,0
"Costa Rica",2140,"2015",1058,"55-59",36,35,34.75,41.7,1,0
"Costa Rica",2140,"2015",1058,"60-64",35,36.5,32.75,39.3,-1.5,0
"Costa Rica",2140,"2015",1058,"65-69",30,41.5,40.5,48.6,-11.5,0
"Costa Rica",2140,"2015",1058,"70-74",33,48.5,45.5,54.6,-15.5,0
"Costa Rica",2140,"2015",1058,"75-79",76,73,68.75,82.5,3,0
"Costa Rica",2140,"2015",1058,"80-84",85,90,90.5,108.6,-5,0
"Costa Rica",2140,"2015",1058,"85-89",78,95.5,96.5,115.8,-17.5,0
"Costa Rica",2140,"2015",1058,"90-94",44,44.5,48,57.6,-0.5,0
"Costa Rica",2140,"2015",1058,"95+",21,17,16.75,20.1,4,4
"Costa Rica",2140,"2015",1064,"0-4",17,9,10,12,8,8
"Costa Rica",2140,"2015",1064,"10-14",5,3.5,3.5,4.2,1.5,1.5
"Costa Rica",2140,"2015",1064,"15-19",5,6,6.25,7.5,-1,0
"Costa Rica",2140,"2015",1064,"20-24",10,13,13.5,16.2,-3,0
"Costa Rica",2140,"2015",1064,"25-29",27,25,24.5,29.4,2,0
"Costa Rica",2140,"2015",1064,"30-34",33,35.5,35.5,42.6,-2.5,0
"Costa Rica",2140,"2015",1064,"35-39",61,60.5,61,73.2,0.5,0
"Costa Rica",2140,"2015",1064,"40-44",76,83.5,84.5,101.4,-7.5,0
"Costa Rica",2140,"2015",1064,"45-49",103,124,120.25,144.3,-21,0
"Costa Rica",2140,"2015",1064,"5-9",4,1,1.5,1.8,3,3
"Costa Rica",2140,"2015",1064,"50-54",224,214,213.75,256.5,10,0
"Costa Rica",2140,"2015",1064,"55-59",309,304.5,307,368.4,4.5,0
"Costa Rica",2140,"2015",1064,"60-64",419,415,417.25,500.7,4,0
"Costa Rica",2140,"2015",1064,"65-69",439,478,472.25,566.7,-39,0
"Costa Rica",2140,"2015",1064,"70-74",579,584,580.25,696.3,-5,0
"Costa Rica",2140,"2015",1064,"75-79",657,729,720.75,864.9,-72,0
"Costa Rica",2140,"2015",1064,"80-84",854,853.5,870.5,1044.6,0.5,0
"Costa Rica",2140,"2015",1064,"85-89",880,914,925,1110,-34,0
"Costa Rica",2140,"2015",1064,"90-94",610,654,666.5,799.8,-44,0
"Costa Rica",2140,"2015",1064,"95+",395,418.5,428.25,513.9,-23.5,0
"Costa Rica",2140,"2015",1072,"0-4",44,49.5,51.25,61.5,-5.5,0
"Costa Rica",2140,"2015",1072,"10-14",0,1,1.75,2.1,-1,0
"Costa Rica",2140,"2015",1072,"15-19",6,6,5.75,6.9,0,0
"Costa Rica",2140,"2015",1072,"20-24",13,8.5,8.25,9.9,4.5,4.5
"Costa Rica",2140,"2015",1072,"25-29",6,7.5,9,10.8,-1.5,0
"Costa Rica",2140,"2015",1072,"30-34",17,19,18,21.6,-2,0
"Costa Rica",2140,"2015",1072,"35-39",20,17,17.75,21.3,3,0
"Costa Rica",2140,"2015",1072,"40-44",21,19,20.75,24.9,2,0
"Costa Rica",2140,"2015",1072,"45-49",35,34.5,33.5,40.2,0.5,0
"Costa Rica",2140,"2015",1072,"5-9",1,1.5,1.5,1.8,-0.5,0
"Costa Rica",2140,"2015",1072,"50-54",42,44.5,45.5,54.6,-2.5,0
"Costa Rica",2140,"2015",1072,"55-59",70,71,73.75,88.5,-1,0
"Costa Rica",2140,"2015",1072,"60-64",73,99,96.25,115.5,-26,0
"Costa Rica",2140,"2015",1072,"65-69",109,115,117,140.4,-6,0
"Costa Rica",2140,"2015",1072,"70-74",135,157,160.5,192.6,-22,0
"Costa Rica",2140,"2015",1072,"75-79",230,259.5,255.25,306.3,-29.5,0
"Costa Rica",2140,"2015",1072,"80-84",287,355.5,340,408,-68.5,0
"Costa Rica",2140,"2015",1072,"85-89",356,412.5,399.75,479.7,-56.5,0
"Costa Rica",2140,"2015",1072,"90-94",282,308,309.5,371.4,-26,0
"Costa Rica",2140,"2015",1072,"95+",177,190,189.25,227.1,-13,0
"Costa Rica",2140,"2015",1078,"0-4",4,3,3,3.6,1,1
"Costa Rica",2140,"2015",1078,"10-14",1,2,2,2.4,-1,0
"Costa Rica",2140,"2015",1078,"15-19",5,5,4.75,5.7,0,0
"Costa Rica",2140,"2015",1078,"20-24",6,6,5.75,6.9,0,0
"Costa Rica",2140,"2015",1078,"25-29",5,10.5,10.5,12.6,-5.5,0
"Costa Rica",2140,"2015",1078,"30-34",17,19.5,21.25,25.5,-2.5,0
"Costa Rica",2140,"2015",1078,"35-39",44,32.5,34.25,41.1,11.5,11.5
"Costa Rica",2140,"2015",1078,"40-44",61,48.5,50.25,60.3,12.5,12.5
"Costa Rica",2140,"2015",1078,"45-49",64,73,72,86.4,-9,0
"Costa Rica",2140,"2015",1078,"5-9",0,0,0.25,0.3,0,0
"Costa Rica",2140,"2015",1078,"50-54",102,109,110,132,-7,0
"Costa Rica",2140,"2015",1078,"55-59",148,151.5,152.5,183,-3.5,0
"Costa Rica",2140,"2015",1078,"60-64",166,176.5,175.25,210.3,-10.5,0
"Costa Rica",2140,"2015",1078,"65-69",143,175.5,174,208.8,-32.5,0
"Costa Rica",2140,"2015",1078,"70-74",155,185,179,214.8,-30,0
"Costa Rica",2140,"2015",1078,"75-79",185,191.5,193.5,232.2,-6.5,0
"Costa Rica",2140,"2015",1078,"80-84",163,176,181.75,218.1,-13,0
"Costa Rica",2140,"2015",1078,"85-89",146,161.5,164.75,197.7,-15.5,0
"Costa Rica",2140,"2015",1078,"90-94",98,108,108,129.6,-10,0
"Costa Rica",2140,"2015",1078,"95+",45,43,44.75,53.7,2,0
"Costa Rica",2140,"2015",1082,"0-4",0,0,0.25,0.3,0,0
"Costa Rica",2140,"2015",1082,"10-14",0,0,0,0,0,0
"Costa Rica",2140,"2015",1082,"15-19",0,0,0,0,0,0
"Costa Rica",2140,"2015",1082,"20-24",0,0.5,0.5,0.6,-0.5,0
"Costa Rica",2140,"2015",1082,"25-29",0,0,0,0,0,0
"Costa Rica",2140,"2015",1082,"30-34",1,0,0.25,0.3,1,1
"Costa Rica",2140,"2015",1082,"35-39",2,1.5,1.25,1.5,0.5,0.5
"Costa Rica",2140,"2015",1082,"40-44",1,2,2,2.4,-1,0
"Costa Rica",2140,"2015",1082,"45-49",2,1.5,1.25,1.5,0.5,0.5
"Costa Rica",2140,"2015",1082,"5-9",0,0,0,0,0,0
"Costa Rica",2140,"2015",1082,"50-54",3,3,3.25,3.9,0,0
"Costa Rica",2140,"2015",1082,"55-59",4,5,4.75,5.7,-1,0
"Costa Rica",2140,"2015",1082,"60-64",4,4,6.5,7.8,0,0
"Costa Rica",2140,"2015",1082,"65-69",3,5.5,6.5,7.8,-2.5,0
"Costa Rica",2140,"2015",1082,"70-74",3,7.5,8,9.6,-4.5,0
"Costa Rica",2140,"2015",1082,"75-79",6,11,10.75,12.9,-5,0
"Costa Rica",2140,"2015",1082,"80-84",14,14.5,15,18,-0.5,0
"Costa Rica",2140,"2015",1082,"85-89",6,13.5,12,14.4,-7.5,0
"Costa Rica",2140,"2015",1082,"90-94",17,16.5,16.75,20.1,0.5,0
"Costa Rica",2140,"2015",1082,"95+",13,9.5,9.5,11.4,3.5,3.5
"Costa Rica",2140,"2015",1083,"0-4",2,1,1,1.2,1,1
"Costa Rica",2140,"2015",1083,"10-14",0,0,0.25,0.3,0,0
"Costa Rica",2140,"2015",1083,"15-19",4,1.5,2,2.4,2.5,2.5
"Costa Rica",2140,"2015",1083,"20-24",5,4,3.5,4.2,1,1
"Costa Rica",2140,"2015",1083,"25-29",4,4.5,4.75,5.7,-0.5,0
"Costa Rica",2140,"2015",1083,"30-34",8,4.5,5,6,3.5,3.5
"Costa Rica",2140,"2015",1083,"35-39",10,7.5,7.25,8.7,2.5,2.5
"Costa Rica",2140,"2015",1083,"40-44",3,6,6,7.2,-3,0
"Costa Rica",2140,"2015",1083,"45-49",15,11,11,13.2,4,4
"Costa Rica",2140,"2015",1083,"5-9",0,0.5,0.5,0.6,-0.5,0
"Costa Rica",2140,"2015",1083,"50-54",16,14,13.25,15.9,2,2
"Costa Rica",2140,"2015",1083,"55-59",20,18,17,20.4,2,0
"Costa Rica",2140,"2015",1083,"60-64",19,17.5,16.75,20.1,1.5,0
"Costa Rica",2140,"2015",1083,"65-69",11,17.5,19,22.8,-6.5,0
"Costa Rica",2140,"2015",1083,"70-74",20,21,21,25.2,-1,0
"Costa Rica",2140,"2015",1083,"75-79",19,24,23.75,28.5,-5,0
"Costa Rica",2140,"2015",1083,"80-84",25,19,19.75,23.7,6,6
"Costa Rica",2140,"2015",1083,"85-89",16,16.5,17,20.4,-0.5,0
"Costa Rica",2140,"2015",1083,"90-94",14,11.5,11.75,14.1,2.5,0
"Costa Rica",2140,"2015",1083,"95+",14,9.5,9.25,11.1,4.5,4.5
"Costa Rica",2140,"2015",1084,"0-4",0,0.5,1.25,1.5,-0.5,0
"Costa Rica",2140,"2015",1084,"10-14",0,1.5,1.5,1.8,-1.5,0
"Costa Rica",2140,"2015",1084,"15-19",4,1,1.5,1.8,3,3
"Costa Rica",2140,"2015",1084,"20-24",5,5.5,6,7.2,-0.5,0
"Costa Rica",2140,"2015",1084,"25-29",9,3.5,4.75,5.7,5.5,5.5
"Costa Rica",2140,"2015",1084,"30-34",8,11.5,11,13.2,-3.5,0
"Costa Rica",2140,"2015",1084,"35-39",9,11.5,11.75,14.1,-2.5,0
"Costa Rica",2140,"2015",1084,"40-44",12,12.5,14.25,17.1,-0.5,0
"Costa Rica",2140,"2015",1084,"45-49",19,24,23.5,28.2,-5,0
"Costa Rica",2140,"2015",1084,"5-9",0,0.5,0.5,0.6,-0.5,0
"Costa Rica",2140,"2015",1084,"50-54",23,31.5,31.25,37.5,-8.5,0
"Costa Rica",2140,"2015",1084,"55-59",34,41,42,50.4,-7,0
"Costa Rica",2140,"2015",1084,"60-64",43,60,58.75,70.5,-17,0
"Costa Rica",2140,"2015",1084,"65-69",57,73,70,84,-16,0
"Costa Rica",2140,"2015",1084,"70-74",59,68.5,71.75,86.1,-9.5,0
"Costa Rica",2140,"2015",1084,"75-79",90,94,92.75,111.3,-4,0
"Costa Rica",2140,"2015",1084,"80-84",84,112.5,108,129.6,-28.5,0
"Costa Rica",2140,"2015",1084,"85-89",100,117,118.75,142.5,-17,0
"Costa Rica",2140,"2015",1084,"90-94",68,82.5,80.25,96.3,-14.5,0
"Costa Rica",2140,"2015",1084,"95+",49,52.5,52,62.4,-3.5,0
"Costa Rica",2140,"2015",1087,"0-4",0,0,0,0,0,0
"Costa Rica",2140,"2015",1087,"10-14",1,0,0.25,0.3,1,1
"Costa Rica",2140,"2015",1087,"15-19",1,1,1.25,1.5,0,0
"Costa Rica",2140,"2015",1087,"20-24",2,1.5,2.5,3,0.5,0
"Costa Rica",2140,"2015",1087,"25-29",5,4,4,4.8,1,1
"Costa Rica",2140,"2015",1087,"30-34",6,5,4,4.8,1,1
"Costa Rica",2140,"2015",1087,"35-39",2,2,2.25,2.7,0,0
"Costa Rica",2140,"2015",1087,"40-44",3,1.5,1.75,2.1,1.5,1.5
"Costa Rica",2140,"2015",1087,"45-49",0,0,0,0,0,0
"Costa Rica",2140,"2015",1087,"5-9",0,0,0,0,0,0
"Costa Rica",2140,"2015",1087,"50-54",0,0,0,0,0,0
"Costa Rica",2140,"2015",1087,"55-59",0,0,0,0,0,0
"Costa Rica",2140,"2015",1087,"60-64",0,0,0,0,0,0
"Costa Rica",2140,"2015",1087,"65-69",0,0,0,0,0,0
"Costa Rica",2140,"2015",1087,"70-74",0,0,0,0,0,0
"Costa Rica",2140,"2015",1087,"75-79",0,0,0,0,0,0
"Costa Rica",2140,"2015",1087,"80-84",0,0,0,0,0,0
"Costa Rica",2140,"2015",1087,"85-89",0,0,0,0,0,0
"Costa Rica",2140,"2015",1087,"90-94",0,0,0,0,0,0
"Costa Rica",2140,"2015",1087,"95+",0,0,0,0,0,0
"Costa Rica",2140,"2015",1092,"0-4",281,270.5,272.25,326.7,10.5,0
"Costa Rica",2140,"2015",1092,"10-14",0,0,0,0,0,0
"Costa Rica",2140,"2015",1092,"15-19",0,0,0,0,0,0
"Costa Rica",2140,"2015",1092,"20-24",0,0,0,0,0,0
"Costa Rica",2140,"2015",1092,"25-29",0,0,0,0,0,0
"Costa Rica",2140,"2015",1092,"30-34",0,0,0,0,0,0
"Costa Rica",2140,"2015",1092,"35-39",0,0,0,0,0,0
"Costa Rica",2140,"2015",1092,"40-44",0,0,0,0,0,0
"Costa Rica",2140,"2015",1092,"45-49",0,0,0,0,0,0
"Costa Rica",2140,"2015",1092,"5-9",0,0,0,0,0,0
"Costa Rica",2140,"2015",1092,"50-54",0,0,0,0,0,0
"Costa Rica",2140,"2015",1092,"55-59",0,0,0,0,0,0
"Costa Rica",2140,"2015",1092,"60-64",0,0,0,0,0,0
"Costa Rica",2140,"2015",1092,"65-69",0,0,0,0,0,0
"Costa Rica",2140,"2015",1092,"70-74",0,0,0,0,0,0
"Costa Rica",2140,"2015",1092,"75-79",0,0,0,0,0,0
"Costa Rica",2140,"2015",1092,"80-84",0,0,0,0,0,0
"Costa Rica",2140,"2015",1092,"85-89",0,0,0,0,0,0
"Costa Rica",2140,"2015",1092,"90-94",0,0,0,0,0,0
"Costa Rica",2140,"2015",1092,"95+",0,0,0,0,0,0
"Costa Rica",2140,"2015",1093,"0-4",197,212.5,210,252,-15.5,0
"Costa Rica",2140,"2015",1093,"10-14",6,3.5,3.5,4.2,2.5,2.5
"Costa Rica",2140,"2015",1093,"15-19",4,5.5,6.25,7.5,-1.5,0
"Costa Rica",2140,"2015",1093,"20-24",6,5.5,5.25,6.3,0.5,0
"Costa Rica",2140,"2015",1093,"25-29",3,3,3.75,4.5,0,0
"Costa Rica",2140,"2015",1093,"30-34",2,2,2,2.4,0,0
"Costa Rica",2140,"2015",1093,"35-39",1,1.5,1.75,2.1,-0.5,0
"Costa Rica",2140,"2015",1093,"40-44",0,0,0.75,0.9,0,0
"Costa Rica",2140,"2015",1093,"45-49",0,1,1,1.2,-1,0
"Costa Rica",2140,"2015",1093,"5-9",6,6.5,6.5,7.8,-0.5,0
"Costa Rica",2140,"2015",1093,"50-54",0,0,0.25,0.3,0,0
"Costa Rica",2140,"2015",1093,"55-59",1,1,0.75,0.9,0,0
"Costa Rica",2140,"2015",1093,"60-64",0,0.5,0.5,0.6,-0.5,0
"Costa Rica",2140,"2015",1093,"65-69",0,0,0,0,0,0
"Costa Rica",2140,"2015",1093,"70-74",0,0.5,0.5,0.6,-0.5,0
"Costa Rica",2140,"2015",1093,"75-79",0,0,0,0,0,0
"Costa Rica",2140,"2015",1093,"80-84",0,0,0,0,0,0
"Costa Rica",2140,"2015",1093,"85-89",0,0,0,0,0,0
"Costa Rica",2140,"2015",1093,"90-94",0,0,0,0,0,0
"Costa Rica",2140,"2015",1093,"95+",0,0,0,0,0,0
"Costa Rica",2140,"2015",1094,"0-4",6,7,13.75,16.5,-1,0
"Costa Rica",2140,"2015",1094,"10-14",1,1.5,2.25,2.7,-0.5,0
"Costa Rica",2140,"2015",1094,"15-19",5,5.5,7.25,8.7,-0.5,0
"Costa Rica",2140,"2015",1094,"20-24",5,6.5,14.75,17.7,-1.5,0
"Costa Rica",2140,"2015",1094,"25-29",8,7,15.75,18.9,1,0
"Costa Rica",2140,"2015",1094,"30-34",7,7.5,15.75,18.9,-0.5,0
"Costa Rica",2140,"2015",1094,"35-39",5,8.5,16,19.2,-3.5,0
"Costa Rica",2140,"2015",1094,"40-44",5,9.5,14.75,17.7,-4.5,0
"Costa Rica",2140,"2015",1094,"45-49",7,11,18.5,22.2,-4,0
"Costa Rica",2140,"2015",1094,"5-9",0,0.5,1,1.2,-0.5,0
"Costa Rica",2140,"2015",1094,"50-54",13,12.5,21,25.2,0.5,0
"Costa Rica",2140,"2015",1094,"55-59",19,20.5,25.25,30.3,-1.5,0
"Costa Rica",2140,"2015",1094,"60-64",25,27.5,28.75,34.5,-2.5,0
"Costa Rica",2140,"2015",1094,"65-69",19,26,26.5,31.8,-7,0
"Costa Rica",2140,"2015",1094,"70-74",25,29.5,30,36,-4.5,0
"Costa Rica",2140,"2015",1094,"75-79",14,25.5,26.25,31.5,-11.5,0
"Costa Rica",2140,"2015",1094,"80-84",16,30,30.25,36.3,-14,0
"Costa Rica",2140,"2015",1094,"85-89",28,36,36.75,44.1,-8,0
"Costa Rica",2140,"2015",1094,"90-94",26,30.5,30.75,36.9,-4.5,0
"Costa Rica",2140,"2015",1094,"95+",40,40.5,37,44.4,-0.5,0
"Costa Rica",2140,"2015",1096,"0-4",7,6.5,6.5,7.8,0.5,0
"Costa Rica",2140,"2015",1096,"10-14",6,7.5,7.25,8.7,-1.5,0
"Costa Rica",2140,"2015",1096,"15-19",31,56,53.5,64.2,-25,0
"Costa Rica",2140,"2015",1096,"20-24",114,111.5,117.25,140.7,2.5,0
"Costa Rica",2140,"2015",1096,"25-29",100,113.5,112.25,134.7,-13.5,0
"Costa Rica",2140,"2015",1096,"30-34",109,89.5,92.25,110.7,19.5,0
"Costa Rica",2140,"2015",1096,"35-39",73,69.5,70.5,84.6,3.5,0
"Costa Rica",2140,"2015",1096,"40-44",54,62.5,63,75.6,-8.5,0
"Costa Rica",2140,"2015",1096,"45-49",53,55.5,57.25,68.7,-2.5,0
"Costa Rica",2140,"2015",1096,"5-9",5,6.5,6.75,8.1,-1.5,0
"Costa Rica",2140,"2015",1096,"50-54",65,63,59.25,71.1,2,0
"Costa Rica",2140,"2015",1096,"55-59",45,48.5,48.75,58.5,-3.5,0
"Costa Rica",2140,"2015",1096,"60-64",29,39.5,37.5,45,-10.5,0
"Costa Rica",2140,"2015",1096,"65-69",28,30,30.5,36.6,-2,0
"Costa Rica",2140,"2015",1096,"70-74",24,24.5,25,30,-0.5,0
"Costa Rica",2140,"2015",1096,"75-79",17,17.5,18.5,22.2,-0.5,0
"Costa Rica",2140,"2015",1096,"80-84",15,13.5,13.5,16.2,1.5,0
"Costa Rica",2140,"2015",1096,"85-89",5,6.5,6,7.2,-1.5,0
"Costa Rica",2140,"2015",1096,"90-94",3,2.5,2.25,2.7,0.5,0.5
"Costa Rica",2140,"2015",1096,"95+",1,1,0.75,0.9,0,0
"Costa Rica",2140,"2015",1102,"0-4",4,3.5,3.25,3.9,0.5,0.5
"Costa Rica",2140,"2015",1102,"10-14",6,5.5,4.5,5.4,0.5,0.5
"Costa Rica",2140,"2015",1102,"15-19",39,41.5,44,52.8,-2.5,0
"Costa Rica",2140,"2015",1102,"20-24",87,102,102,122.4,-15,0
"Costa Rica",2140,"2015",1102,"25-29",98,111,110.75,132.9,-13,0
"Costa Rica",2140,"2015",1102,"30-34",81,82.5,80.75,96.9,-1.5,0
"Costa Rica",2140,"2015",1102,"35-39",47,50.5,50.5,60.6,-3.5,0
"Costa Rica",2140,"2015",1102,"40-44",47,39,38.5,46.2,8,8
"Costa Rica",2140,"2015",1102,"45-49",34,29.5,29,34.8,4.5,0
"Costa Rica",2140,"2015",1102,"5-9",3,2.5,2.5,3,0.5,0
"Costa Rica",2140,"2015",1102,"50-54",20,22.5,24.25,29.1,-2.5,0
"Costa Rica",2140,"2015",1102,"55-59",17,15,14.75,17.7,2,0
"Costa Rica",2140,"2015",1102,"60-64",17,16,16.25,19.5,1,0
"Costa Rica",2140,"2015",1102,"65-69",12,6,6.75,8.1,6,6
"Costa Rica",2140,"2015",1102,"70-74",6,6,7.5,9,0,0
"Costa Rica",2140,"2015",1102,"75-79",4,3,3,3.6,1,1
"Costa Rica",2140,"2015",1102,"80-84",0,0.5,1,1.2,-0.5,0
"Costa Rica",2140,"2015",1102,"85-89",2,2.5,2.25,2.7,-0.5,0
"Costa Rica",2140,"2015",1102,"90-94",0,0,0,0,0,0
"Costa Rica",2140,"2015",1102,"95+",0,0,0,0,0,0
"Costa Rica",2140,"2016",1001,"0-4",21,14.5,14.75,17.7,6.5,6.5
"Costa Rica",2140,"2016",1001,"10-14",3,1.5,1.5,1.8,1.5,1.5
"Costa Rica",2140,"2016",1001,"15-19",4,4.5,3.75,4.5,-0.5,0
"Costa Rica",2140,"2016",1001,"20-24",11,11,10,12,0,0
"Costa Rica",2140,"2016",1001,"25-29",12,20.5,20.75,24.9,-8.5,0
"Costa Rica",2140,"2016",1001,"30-34",30,27,26.75,32.1,3,0
"Costa Rica",2140,"2016",1001,"35-39",32,32.5,31.25,37.5,-0.5,0
"Costa Rica",2140,"2016",1001,"40-44",28,25.5,26,31.2,2.5,0
"Costa Rica",2140,"2016",1001,"45-49",29,30.5,28,33.6,-1.5,0
"Costa Rica",2140,"2016",1001,"5-9",3,3,2.75,3.3,0,0
"Costa Rica",2140,"2016",1001,"50-54",39,29.5,30.5,36.6,9.5,9.5
"Costa Rica",2140,"2016",1001,"55-59",19,32.5,32.25,38.7,-13.5,0
"Costa Rica",2140,"2016",1001,"60-64",29,30,30.75,36.9,-1,0
"Costa Rica",2140,"2016",1001,"65-69",35,30.5,30.5,36.6,4.5,0
"Costa Rica",2140,"2016",1001,"70-74",34,28,28,33.6,6,6
"Costa Rica",2140,"2016",1001,"75-79",25,30,32.5,39,-5,0
"Costa Rica",2140,"2016",1001,"80-84",32,31,31.5,37.8,1,0
"Costa Rica",2140,"2016",1001,"85-89",26,31.5,32,38.4,-5.5,0
"Costa Rica",2140,"2016",1001,"90-94",24,22.5,21.75,26.1,1.5,0
"Costa Rica",2140,"2016",1001,"95+",16,10,10.75,12.9,6,6
"Costa Rica",2140,"2016",1026,"0-4",14,13.5,13.5,16.2,0.5,0
"Costa Rica",2140,"2016",1026,"10-14",23,14,15.75,18.9,9,9
"Costa Rica",2140,"2016",1026,"15-19",16,25.5,25,30,-9.5,0
"Costa Rica",2140,"2016",1026,"20-24",25,26.5,28.75,34.5,-1.5,0
"Costa Rica",2140,"2016",1026,"25-29",56,48.5,49,58.8,7.5,0
"Costa Rica",2140,"2016",1026,"30-34",68,69,69,82.8,-1,0
"Costa Rica",2140,"2016",1026,"35-39",81,88.5,90,108,-7.5,0
"Costa Rica",2140,"2016",1026,"40-44",122,122.5,119,142.8,-0.5,0
"Costa Rica",2140,"2016",1026,"45-49",175,181,183.5,220.2,-6,0
"Costa Rica",2140,"2016",1026,"5-9",16,16.5,16.5,19.8,-0.5,0
"Costa Rica",2140,"2016",1026,"50-54",308,302,298,357.6,6,0
"Costa Rica",2140,"2016",1026,"55-59",375,406,409.25,491.1,-31,0
"Costa Rica",2140,"2016",1026,"60-64",514,519,521.75,626.1,-5,0
"Costa Rica",2140,"2016",1026,"65-69",598,603,606,727.2,-5,0
"Costa Rica",2140,"2016",1026,"70-74",574,595,610.25,732.3,-21,0
"Costa Rica",2140,"2016",1026,"75-79",627,609,627.75,753.3,18,0
"Costa Rica",2140,"2016",1026,"80-84",583,583.5,587.75,705.3,-0.5,0
"Costa Rica",2140,"2016",1026,"85-89",500,481.5,486.5,583.8,18.5,0
"Costa Rica",2140,"2016",1026,"90-94",227,246,248.75,298.5,-19,0
"Costa Rica",2140,"2016",1026,"95+",86,88.5,90.75,108.9,-2.5,0
"Costa Rica",2140,"2016",1048,"0-4",4,2.5,2.5,3,1.5,1.5
"Costa Rica",2140,"2016",1048,"10-14",3,0.5,1,1.2,2.5,2.5
"Costa Rica",2140,"2016",1048,"15-19",4,2,2.25,2.7,2,2
"Costa Rica",2140,"2016",1048,"20-24",3,2.5,2,2.4,0.5,0.5
"Costa Rica",2140,"2016",1048,"25-29",3,2,2,2.4,1,1
"Costa Rica",2140,"2016",1048,"30-34",4,3,3,3.6,1,1
"Costa Rica",2140,"2016",1048,"35-39",5,4,4,4.8,1,1
"Costa Rica",2140,"2016",1048,"40-44",4,3.5,3.25,3.9,0.5,0.5
"Costa Rica",2140,"2016",1048,"45-49",4,4,3.75,4.5,0,0
"Costa Rica",2140,"2016",1048,"5-9",1,0.5,0.75,0.9,0.5,0.5
"Costa Rica",2140,"2016",1048,"50-54",7,4.5,4.75,5.7,2.5,2.5
"Costa Rica",2140,"2016",1048,"55-59",3,3,3.25,3.9,0,0
"Costa Rica",2140,"2016",1048,"60-64",4,5,5.75,6.9,-1,0
"Costa Rica",2140,"2016",1048,"65-69",5,6,5.5,6.6,-1,0
"Costa Rica",2140,"2016",1048,"70-74",7,7,6.5,7.8,0,0
"Costa Rica",2140,"2016",1048,"75-79",7,12.5,12,14.4,-5.5,0
"Costa Rica",2140,"2016",1048,"80-84",10,8,8,9.6,2,2
"Costa Rica",2140,"2016",1048,"85-89",8,7,8,9.6,1,0
"Costa Rica",2140,"2016",1048,"90-94",8,5,5.5,6.6,3,3
"Costa Rica",2140,"2016",1048,"95+",1,2.5,2.5,3,-1.5,0
"Costa Rica",2140,"2016",1051,"0-4",7,4.5,5,6,2.5,2.5
"Costa Rica",2140,"2016",1051,"10-14",5,4,3.5,4.2,1,1
"Costa Rica",2140,"2016",1051,"15-19",4,5.5,5.5,6.6,-1.5,0
"Costa Rica",2140,"2016",1051,"20-24",7,6,5.75,6.9,1,1
"Costa Rica",2140,"2016",1051,"25-29",3,6,6,7.2,-3,0
"Costa Rica",2140,"2016",1051,"30-34",9,11,11,13.2,-2,0
"Costa Rica",2140,"2016",1051,"35-39",14,14.5,13.75,16.5,-0.5,0
"Costa Rica",2140,"2016",1051,"40-44",19,23,21.75,26.1,-4,0
"Costa Rica",2140,"2016",1051,"45-49",46,39,38.5,46.2,7,0
"Costa Rica",2140,"2016",1051,"5-9",3,2.5,2.25,2.7,0.5,0.5
"Costa Rica",2140,"2016",1051,"50-54",61,60.5,58.5,70.2,0.5,0
"Costa Rica",2140,"2016",1051,"55-59",73,90,88.5,106.2,-17,0
"Costa Rica",2140,"2016",1051,"60-64",118,118,115.5,138.6,0,0
"Costa Rica",2140,"2016",1051,"65-69",130,132.5,127.25,152.7,-2.5,0
"Costa Rica",2140,"2016",1051,"70-74",133,136,140,168,-3,0
"Costa Rica",2140,"2016",1051,"75-79",173,171,164.25,197.1,2,0
"Costa Rica",2140,"2016",1051,"80-84",178,176,174,208.8,2,0
"Costa Rica",2140,"2016",1051,"85-89",146,157,156.75,188.1,-11,0
"Costa Rica",2140,"2016",1051,"90-94",96,99.5,102.75,123.3,-3.5,0
"Costa Rica",2140,"2016",1051,"95+",41,40,40.5,48.6,1,0
"Costa Rica",2140,"2016",1055,"0-4",0,0,0,0,0,0
"Costa Rica",2140,"2016",1055,"10-14",0,0,0.25,0.3,0,0
"Costa Rica",2140,"2016",1055,"15-19",0,0,0,0,0,0
"Costa Rica",2140,"2016",1055,"20-24",0,0,0.25,0.3,0,0
"Costa Rica",2140,"2016",1055,"25-29",0,0.5,0.5,0.6,-0.5,0
"Costa Rica",2140,"2016",1055,"30-34",0,0,0.25,0.3,0,0
"Costa Rica",2140,"2016",1055,"35-39",1,1,0.75,0.9,0,0
"Costa Rica",2140,"2016",1055,"40-44",1,1.5,3,3.6,-0.5,0
"Costa Rica",2140,"2016",1055,"45-49",0,0.5,1,1.2,-0.5,0
"Costa Rica",2140,"2016",1055,"5-9",0,0,0,0,0,0
"Costa Rica",2140,"2016",1055,"50-54",0,3,2.5,3,-3,0
"Costa Rica",2140,"2016",1055,"55-59",6,5.5,5.5,6.6,0.5,0
"Costa Rica",2140,"2016",1055,"60-64",1,6.5,7.75,9.3,-5.5,0
"Costa Rica",2140,"2016",1055,"65-69",9,9.5,9.5,11.4,-0.5,0
"Costa Rica",2140,"2016",1055,"70-74",19,23,22.5,27,-4,0
"Costa Rica",2140,"2016",1055,"75-79",32,39.5,38.5,46.2,-7.5,0
"Costa Rica",2140,"2016",1055,"80-84",48,58,60.5,72.6,-10,0
"Costa Rica",2140,"2016",1055,"85-89",70,75.5,80,96,-5.5,0
"Costa Rica",2140,"2016",1055,"90-94",62,70.5,69.75,83.7,-8.5,0
"Costa Rica",2140,"2016",1055,"95+",49,47,45.5,54.6,2,0
"Costa Rica",2140,"2016",1058,"0-4",14,17,17,20.4,-3,0
"Costa Rica",2140,"2016",1058,"10-14",12,12.5,11.25,13.5,-0.5,0
"Costa Rica",2140,"2016",1058,"15-19",11,17.5,16.75,20.1,-6.5,0
"Costa Rica",2140,"2016",1058,"20-24",22,21,20.75,24.9,1,0
"Costa Rica",2140,"2016",1058,"25-29",19,19.5,17.5,21,-0.5,0
"Costa Rica",2140,"2016",1058,"30-34",17,15,16,19.2,2,0
"Costa Rica",2140,"2016",1058,"35-39",12,16,16.25,19.5,-4,0
"Costa Rica",2140,"2016",1058,"40-44",13,13.5,14,16.8,-0.5,0
"Costa Rica",2140,"2016",1058,"45-49",18,18,19.75,23.7,0,0
"Costa Rica",2140,"2016",1058,"5-9",4,6,6.25,7.5,-2,0
"Costa Rica",2140,"2016",1058,"50-54",34,30.5,31.5,37.8,3.5,0
"Costa Rica",2140,"2016",1058,"55-59",34,35,34.75,41.7,-1,0
"Costa Rica",2140,"2016",1058,"60-64",38,36.5,32.75,39.3,1.5,0
"Costa Rica",2140,"2016",1058,"65-69",37,41.5,40.5,48.6,-4.5,0
"Costa Rica",2140,"2016",1058,"70-74",49,48.5,45.5,54.6,0.5,0
"Costa Rica",2140,"2016",1058,"75-79",74,73,68.75,82.5,1,0
"Costa Rica",2140,"2016",1058,"80-84",82,90,90.5,108.6,-8,0
"Costa Rica",2140,"2016",1058,"85-89",92,95.5,96.5,115.8,-3.5,0
"Costa Rica",2140,"2016",1058,"90-94",59,44.5,48,57.6,14.5,14.5
"Costa Rica",2140,"2016",1058,"95+",12,17,16.75,20.1,-5,0
"Costa Rica",2140,"2016",1064,"0-4",10,9,10,12,1,0
"Costa Rica",2140,"2016",1064,"10-14",2,3.5,3.5,4.2,-1.5,0
"Costa Rica",2140,"2016",1064,"15-19",6,6,6.25,7.5,0,0
"Costa Rica",2140,"2016",1064,"20-24",18,13,13.5,16.2,5,5
"Costa Rica",2140,"2016",1064,"25-29",26,25,24.5,29.4,1,0
"Costa Rica",2140,"2016",1064,"30-34",40,35.5,35.5,42.6,4.5,0
"Costa Rica",2140,"2016",1064,"35-39",60,60.5,61,73.2,-0.5,0
"Costa Rica",2140,"2016",1064,"40-44",74,83.5,84.5,101.4,-9.5,0
"Costa Rica",2140,"2016",1064,"45-49",130,124,120.25,144.3,6,0
"Costa Rica",2140,"2016",1064,"5-9",0,1,1.5,1.8,-1,0
"Costa Rica",2140,"2016",1064,"50-54",204,214,213.75,256.5,-10,0
"Costa Rica",2140,"2016",1064,"55-59",300,304.5,307,368.4,-4.5,0
"Costa Rica",2140,"2016",1064,"60-64",384,415,417.25,500.7,-31,0
"Costa Rica",2140,"2016",1064,"65-69",476,478,472.25,566.7,-2,0
"Costa Rica",2140,"2016",1064,"70-74",556,584,580.25,696.3,-28,0
"Costa Rica",2140,"2016",1064,"75-79",735,729,720.75,864.9,6,0
"Costa Rica",2140,"2016",1064,"80-84",848,853.5,870.5,1044.6,-5.5,0
"Costa Rica",2140,"2016",1064,"85-89",903,914,925,1110,-11,0
"Costa Rica",2140,"2016",1064,"90-94",636,654,666.5,799.8,-18,0
"Costa Rica",2140,"2016",1064,"95+",401,418.5,428.25,513.9,-17.5,0
"Costa Rica",2140,"2016",1072,"0-4",55,49.5,51.25,61.5,5.5,0
"Costa Rica",2140,"2016",1072,"10-14",5,1,1.75,2.1,4,4
"Costa Rica",2140,"2016",1072,"15-19",7,6,5.75,6.9,1,1
"Costa Rica",2140,"2016",1072,"20-24",10,8.5,8.25,9.9,1.5,1.5
"Costa Rica",2140,"2016",1072,"25-29",15,7.5,9,10.8,7.5,7.5
"Costa Rica",2140,"2016",1072,"30-34",21,19,18,21.6,2,0
"Costa Rica",2140,"2016",1072,"35-39",24,17,17.75,21.3,7,7
"Costa Rica",2140,"2016",1072,"40-44",31,19,20.75,24.9,12,12
"Costa Rica",2140,"2016",1072,"45-49",34,34.5,33.5,40.2,-0.5,0
"Costa Rica",2140,"2016",1072,"5-9",2,1.5,1.5,1.8,0.5,0.5
"Costa Rica",2140,"2016",1072,"50-54",58,44.5,45.5,54.6,13.5,13.5
"Costa Rica",2140,"2016",1072,"55-59",85,71,73.75,88.5,14,0
"Costa Rica",2140,"2016",1072,"60-64",108,99,96.25,115.5,9,0
"Costa Rica",2140,"2016",1072,"65-69",108,115,117,140.4,-7,0
"Costa Rica",2140,"2016",1072,"70-74",154,157,160.5,192.6,-3,0
"Costa Rica",2140,"2016",1072,"75-79",268,259.5,255.25,306.3,8.5,0
"Costa Rica",2140,"2016",1072,"80-84",362,355.5,340,408,6.5,0
"Costa Rica",2140,"2016",1072,"85-89",414,412.5,399.75,479.7,1.5,0
"Costa Rica",2140,"2016",1072,"90-94",315,308,309.5,371.4,7,0
"Costa Rica",2140,"2016",1072,"95+",170,190,189.25,227.1,-20,0
"Costa Rica",2140,"2016",1078,"0-4",2,3,3,3.6,-1,0
"Costa Rica",2140,"2016",1078,"10-14",2,2,2,2.4,0,0
"Costa Rica",2140,"2016",1078,"15-19",4,5,4.75,5.7,-1,0
"Costa Rica",2140,"2016",1078,"20-24",6,6,5.75,6.9,0,0
"Costa Rica",2140,"2016",1078,"25-29",10,10.5,10.5,12.6,-0.5,0
"Costa Rica",2140,"2016",1078,"30-34",29,19.5,21.25,25.5,9.5,9.5
"Costa Rica",2140,"2016",1078,"35-39",34,32.5,34.25,41.1,1.5,0
"Costa Rica",2140,"2016",1078,"40-44",50,48.5,50.25,60.3,1.5,0
"Costa Rica",2140,"2016",1078,"45-49",78,73,72,86.4,5,0
"Costa Rica",2140,"2016",1078,"5-9",0,0,0.25,0.3,0,0
"Costa Rica",2140,"2016",1078,"50-54",113,109,110,132,4,0
"Costa Rica",2140,"2016",1078,"55-59",153,151.5,152.5,183,1.5,0
"Costa Rica",2140,"2016",1078,"60-64",159,176.5,175.25,210.3,-17.5,0
"Costa Rica",2140,"2016",1078,"65-69",182,175.5,174,208.8,6.5,0
"Costa Rica",2140,"2016",1078,"70-74",182,185,179,214.8,-3,0
"Costa Rica",2140,"2016",1078,"75-79",180,191.5,193.5,232.2,-11.5,0
"Costa Rica",2140,"2016",1078,"80-84",175,176,181.75,218.1,-1,0
"Costa Rica",2140,"2016",1078,"85-89",191,161.5,164.75,197.7,29.5,0
"Costa Rica",2140,"2016",1078,"90-94",101,108,108,129.6,-7,0
"Costa Rica",2140,"2016",1078,"95+",35,43,44.75,53.7,-8,0
"Costa Rica",2140,"2016",1082,"0-4",0,0,0.25,0.3,0,0
"Costa Rica",2140,"2016",1082,"10-14",0,0,0,0,0,0
"Costa Rica",2140,"2016",1082,"15-19",0,0,0,0,0,0
"Costa Rica",2140,"2016",1082,"20-24",1,0.5,0.5,0.6,0.5,0.5
"Costa Rica",2140,"2016",1082,"25-29",0,0,0,0,0,0
"Costa Rica",2140,"2016",1082,"30-34",0,0,0.25,0.3,0,0
"Costa Rica",2140,"2016",1082,"35-39",2,1.5,1.25,1.5,0.5,0.5
"Costa Rica",2140,"2016",1082,"40-44",1,2,2,2.4,-1,0
"Costa Rica",2140,"2016",1082,"45-49",0,1.5,1.25,1.5,-1.5,0
"Costa Rica",2140,"2016",1082,"5-9",0,0,0,0,0,0
"Costa Rica",2140,"2016",1082,"50-54",1,3,3.25,3.9,-2,0
"Costa Rica",2140,"2016",1082,"55-59",7,5,4.75,5.7,2,2
"Costa Rica",2140,"2016",1082,"60-64",4,4,6.5,7.8,0,0
"Costa Rica",2140,"2016",1082,"65-69",4,5.5,6.5,7.8,-1.5,0
"Costa Rica",2140,"2016",1082,"70-74",6,7.5,8,9.6,-1.5,0
"Costa Rica",2140,"2016",1082,"75-79",13,11,10.75,12.9,2,2
"Costa Rica",2140,"2016",1082,"80-84",15,14.5,15,18,0.5,0
"Costa Rica",2140,"2016",1082,"85-89",12,13.5,12,14.4,-1.5,0
"Costa Rica",2140,"2016",1082,"90-94",16,16.5,16.75,20.1,-0.5,0
"Costa Rica",2140,"2016",1082,"95+",8,9.5,9.5,11.4,-1.5,0
"Costa Rica",2140,"2016",1083,"0-4",1,1,1,1.2,0,0
"Costa Rica",2140,"2016",1083,"10-14",0,0,0.25,0.3,0,0
"Costa Rica",2140,"2016",1083,"15-19",2,1.5,2,2.4,0.5,0
"Costa Rica",2140,"2016",1083,"20-24",1,4,3.5,4.2,-3,0
"Costa Rica",2140,"2016",1083,"25-29",8,4.5,4.75,5.7,3.5,3.5
"Costa Rica",2140,"2016",1083,"30-34",4,4.5,5,6,-0.5,0
"Costa Rica",2140,"2016",1083,"35-39",2,7.5,7.25,8.7,-5.5,0
"Costa Rica",2140,"2016",1083,"40-44",7,6,6,7.2,1,0
"Costa Rica",2140,"2016",1083,"45-49",17,11,11,13.2,6,6
"Costa Rica",2140,"2016",1083,"5-9",1,0.5,0.5,0.6,0.5,0.5
"Costa Rica",2140,"2016",1083,"50-54",13,14,13.25,15.9,-1,0
"Costa Rica",2140,"2016",1083,"55-59",21,18,17,20.4,3,3
"Costa Rica",2140,"2016",1083,"60-64",20,17.5,16.75,20.1,2.5,0
"Costa Rica",2140,"2016",1083,"65-69",17,17.5,19,22.8,-0.5,0
"Costa Rica",2140,"2016",1083,"70-74",22,21,21,25.2,1,0
"Costa Rica",2140,"2016",1083,"75-79",29,24,23.75,28.5,5,5
"Costa Rica",2140,"2016",1083,"80-84",18,19,19.75,23.7,-1,0
"Costa Rica",2140,"2016",1083,"85-89",26,16.5,17,20.4,9.5,9.5
"Costa Rica",2140,"2016",1083,"90-94",10,11.5,11.75,14.1,-1.5,0
"Costa Rica",2140,"2016",1083,"95+",6,9.5,9.25,11.1,-3.5,0
"Costa Rica",2140,"2016",1084,"0-4",1,0.5,1.25,1.5,0.5,0
"Costa Rica",2140,"2016",1084,"10-14",3,1.5,1.5,1.8,1.5,1.5
"Costa Rica",2140,"2016",1084,"15-19",0,1,1.5,1.8,-1,0
"Costa Rica",2140,"2016",1084,"20-24",9,5.5,6,7.2,3.5,3.5
"Costa Rica",2140,"2016",1084,"25-29",3,3.5,4.75,5.7,-0.5,0
"Costa Rica",2140,"2016",1084,"30-34",11,11.5,11,13.2,-0.5,0
"Costa Rica",2140,"2016",1084,"35-39",13,11.5,11.75,14.1,1.5,0
"Costa Rica",2140,"2016",1084,"40-44",9,12.5,14.25,17.1,-3.5,0
"Costa Rica",2140,"2016",1084,"45-49",23,24,23.5,28.2,-1,0
"Costa Rica",2140,"2016",1084,"5-9",1,0.5,0.5,0.6,0.5,0.5
"Costa Rica",2140,"2016",1084,"50-54",30,31.5,31.25,37.5,-1.5,0
"Costa Rica",2140,"2016",1084,"55-59",45,41,42,50.4,4,0
"Costa Rica",2140,"2016",1084,"60-64",50,60,58.75,70.5,-10,0
"Costa Rica",2140,"2016",1084,"65-69",72,73,70,84,-1,0
"Costa Rica",2140,"2016",1084,"70-74",67,68.5,71.75,86.1,-1.5,0
"Costa Rica",2140,"2016",1084,"75-79",98,94,92.75,111.3,4,0
"Costa Rica",2140,"2016",1084,"80-84",111,112.5,108,129.6,-1.5,0
"Costa Rica",2140,"2016",1084,"85-89",127,117,118.75,142.5,10,0
"Costa Rica",2140,"2016",1084,"90-94",83,82.5,80.25,96.3,0.5,0
"Costa Rica",2140,"2016",1084,"95+",42,52.5,52,62.4,-10.5,0
"Costa Rica",2140,"2016",1087,"0-4",0,0,0,0,0,0
"Costa Rica",2140,"2016",1087,"10-14",0,0,0.25,0.3,0,0
"Costa Rica",2140,"2016",1087,"15-19",1,1,1.25,1.5,0,0
"Costa Rica",2140,"2016",1087,"20-24",6,1.5,2.5,3,4.5,4.5
"Costa Rica",2140,"2016",1087,"25-29",5,4,4,4.8,1,1
"Costa Rica",2140,"2016",1087,"30-34",4,5,4,4.8,-1,0
"Costa Rica",2140,"2016",1087,"35-39",2,2,2.25,2.7,0,0
"Costa Rica",2140,"2016",1087,"40-44",2,1.5,1.75,2.1,0.5,0
"Costa Rica",2140,"2016",1087,"45-49",0,0,0,0,0,0
"Costa Rica",2140,"2016",1087,"5-9",0,0,0,0,0,0
"Costa Rica",2140,"2016",1087,"50-54",0,0,0,0,0,0
"Costa Rica",2140,"2016",1087,"55-59",0,0,0,0,0,0
"Costa Rica",2140,"2016",1087,"60-64",0,0,0,0,0,0
"Costa Rica",2140,"2016",1087,"65-69",0,0,0,0,0,0
"Costa Rica",2140,"2016",1087,"70-74",0,0,0,0,0,0
"Costa Rica",2140,"2016",1087,"75-79",0,0,0,0,0,0
"Costa Rica",2140,"2016",1087,"80-84",0,0,0,0,0,0
"Costa Rica",2140,"2016",1087,"85-89",0,0,0,0,0,0
"Costa Rica",2140,"2016",1087,"90-94",0,0,0,0,0,0
"Costa Rica",2140,"2016",1087,"95+",0,0,0,0,0,0
"Costa Rica",2140,"2016",1092,"0-4",268,270.5,272.25,326.7,-2.5,0
"Costa Rica",2140,"2016",1092,"10-14",0,0,0,0,0,0
"Costa Rica",2140,"2016",1092,"15-19",0,0,0,0,0,0
"Costa Rica",2140,"2016",1092,"20-24",0,0,0,0,0,0
"Costa Rica",2140,"2016",1092,"25-29",0,0,0,0,0,0
"Costa Rica",2140,"2016",1092,"30-34",0,0,0,0,0,0
"Costa Rica",2140,"2016",1092,"35-39",0,0,0,0,0,0
"Costa Rica",2140,"2016",1092,"40-44",0,0,0,0,0,0
"Costa Rica",2140,"2016",1092,"45-49",0,0,0,0,0,0
"Costa Rica",2140,"2016",1092,"5-9",0,0,0,0,0,0
"Costa Rica",2140,"2016",1092,"50-54",0,0,0,0,0,0
"Costa Rica",2140,"2016",1092,"55-59",0,0,0,0,0,0
"Costa Rica",2140,"2016",1092,"60-64",0,0,0,0,0,0
"Costa Rica",2140,"2016",1092,"65-69",0,0,0,0,0,0
"Costa Rica",2140,"2016",1092,"70-74",0,0,0,0,0,0
"Costa Rica",2140,"2016",1092,"75-79",0,0,0,0,0,0
"Costa Rica",2140,"2016",1092,"80-84",0,0,0,0,0,0
"Costa Rica",2140,"2016",1092,"85-89",0,0,0,0,0,0
"Costa Rica",2140,"2016",1092,"90-94",0,0,0,0,0,0
"Costa Rica",2140,"2016",1092,"95+",0,0,0,0,0,0
"Costa Rica",2140,"2016",1093,"0-4",208,212.5,210,252,-4.5,0
"Costa Rica",2140,"2016",1093,"10-14",5,3.5,3.5,4.2,1.5,1.5
"Costa Rica",2140,"2016",1093,"15-19",10,5.5,6.25,7.5,4.5,4.5
"Costa Rica",2140,"2016",1093,"20-24",4,5.5,5.25,6.3,-1.5,0
"Costa Rica",2140,"2016",1093,"25-29",3,3,3.75,4.5,0,0
"Costa Rica",2140,"2016",1093,"30-34",2,2,2,2.4,0,0
"Costa Rica",2140,"2016",1093,"35-39",3,1.5,1.75,2.1,1.5,1.5
"Costa Rica",2140,"2016",1093,"40-44",0,0,0.75,0.9,0,0
"Costa Rica",2140,"2016",1093,"45-49",1,1,1,1.2,0,0
"Costa Rica",2140,"2016",1093,"5-9",7,6.5,6.5,7.8,0.5,0
"Costa Rica",2140,"2016",1093,"50-54",0,0,0.25,0.3,0,0
"Costa Rica",2140,"2016",1093,"55-59",1,1,0.75,0.9,0,0
"Costa Rica",2140,"2016",1093,"60-64",0,0.5,0.5,0.6,-0.5,0
"Costa Rica",2140,"2016",1093,"65-69",0,0,0,0,0,0
"Costa Rica",2140,"2016",1093,"70-74",1,0.5,0.5,0.6,0.5,0.5
"Costa Rica",2140,"2016",1093,"75-79",0,0,0,0,0,0
"Costa Rica",2140,"2016",1093,"80-84",0,0,0,0,0,0
"Costa Rica",2140,"2016",1093,"85-89",0,0,0,0,0,0
"Costa Rica",2140,"2016",1093,"90-94",0,0,0,0,0,0
"Costa Rica",2140,"2016",1093,"95+",0,0,0,0,0,0
"Costa Rica",2140,"2016",1094,"0-4",8,7,13.75,16.5,1,0
"Costa Rica",2140,"2016",1094,"10-14",2,1.5,2.25,2.7,0.5,0
"Costa Rica",2140,"2016",1094,"15-19",6,5.5,7.25,8.7,0.5,0
"Costa Rica",2140,"2016",1094,"20-24",8,6.5,14.75,17.7,1.5,0
"Costa Rica",2140,"2016",1094,"25-29",6,7,15.75,18.9,-1,0
"Costa Rica",2140,"2016",1094,"30-34",8,7.5,15.75,18.9,0.5,0
"Costa Rica",2140,"2016",1094,"35-39",9,8.5,16,19.2,0.5,0
"Costa Rica",2140,"2016",1094,"40-44",14,9.5,14.75,17.7,4.5,0
"Costa Rica",2140,"2016",1094,"45-49",14,11,18.5,22.2,3,0
"Costa Rica",2140,"2016",1094,"5-9",1,0.5,1,1.2,0.5,0
"Costa Rica",2140,"2016",1094,"50-54",11,12.5,21,25.2,-1.5,0
"Costa Rica",2140,"2016",1094,"55-59",22,20.5,25.25,30.3,1.5,0
"Costa Rica",2140,"2016",1094,"60-64",30,27.5,28.75,34.5,2.5,0
"Costa Rica",2140,"2016",1094,"65-69",33,26,26.5,31.8,7,7
"Costa Rica",2140,"2016",1094,"70-74",34,29.5,30,36,4.5,0
"Costa Rica",2140,"2016",1094,"75-79",37,25.5,26.25,31.5,11.5,11.5
"Costa Rica",2140,"2016",1094,"80-84",52,30,30.25,36.3,22,22
"Costa Rica",2140,"2016",1094,"85-89",63,36,36.75,44.1,27,27
"Costa Rica",2140,"2016",1094,"90-94",46,30.5,30.75,36.9,15.5,15.5
"Costa Rica",2140,"2016",1094,"95+",43,40.5,37,44.4,2.5,0
"Costa Rica",2140,"2016",1096,"0-4",9,6.5,6.5,7.8,2.5,2.5
"Costa Rica",2140,"2016",1096,"10-14",2,7.5,7.25,8.7,-5.5,0
"Costa Rica",2140,"2016",1096,"15-19",71,56,53.5,64.2,15,15
"Costa Rica",2140,"2016",1096,"20-24",139,111.5,117.25,140.7,27.5,0
"Costa Rica",2140,"2016",1096,"25-29",122,113.5,112.25,134.7,8.5,0
"Costa Rica",2140,"2016",1096,"30-34",87,89.5,92.25,110.7,-2.5,0
"Costa Rica",2140,"2016",1096,"35-39",80,69.5,70.5,84.6,10.5,0
"Costa Rica",2140,"2016",1096,"40-44",73,62.5,63,75.6,10.5,0
"Costa Rica",2140,"2016",1096,"45-49",58,55.5,57.25,68.7,2.5,0
"Costa Rica",2140,"2016",1096,"5-9",8,6.5,6.75,8.1,1.5,0
"Costa Rica",2140,"2016",1096,"50-54",61,63,59.25,71.1,-2,0
"Costa Rica",2140,"2016",1096,"55-59",52,48.5,48.75,58.5,3.5,0
"Costa Rica",2140,"2016",1096,"60-64",42,39.5,37.5,45,2.5,0
"Costa Rica",2140,"2016",1096,"65-69",26,30,30.5,36.6,-4,0
"Costa Rica",2140,"2016",1096,"70-74",25,24.5,25,30,0.5,0
"Costa Rica",2140,"2016",1096,"75-79",14,17.5,18.5,22.2,-3.5,0
"Costa Rica",2140,"2016",1096,"80-84",16,13.5,13.5,16.2,2.5,0
"Costa Rica",2140,"2016",1096,"85-89",9,6.5,6,7.2,2.5,2.5
"Costa Rica",2140,"2016",1096,"90-94",0,2.5,2.25,2.7,-2.5,0
"Costa Rica",2140,"2016",1096,"95+",1,1,0.75,0.9,0,0
"Costa Rica",2140,"2016",1102,"0-4",3,3.5,3.25,3.9,-0.5,0
"Costa Rica",2140,"2016",1102,"10-14",6,5.5,4.5,5.4,0.5,0.5
"Costa Rica",2140,"2016",1102,"15-19",54,41.5,44,52.8,12.5,12.5
"Costa Rica",2140,"2016",1102,"20-24",80,102,102,122.4,-22,0
"Costa Rica",2140,"2016",1102,"25-29",123,111,110.75,132.9,12,0
"Costa Rica",2140,"2016",1102,"30-34",74,82.5,80.75,96.9,-8.5,0
"Costa Rica",2140,"2016",1102,"35-39",54,50.5,50.5,60.6,3.5,0
"Costa Rica",2140,"2016",1102,"40-44",34,39,38.5,46.2,-5,0
"Costa Rica",2140,"2016",1102,"45-49",29,29.5,29,34.8,-0.5,0
"Costa Rica",2140,"2016",1102,"5-9",3,2.5,2.5,3,0.5,0
"Costa Rica",2140,"2016",1102,"50-54",20,22.5,24.25,29.1,-2.5,0
"Costa Rica",2140,"2016",1102,"55-59",13,15,14.75,17.7,-2,0
"Costa Rica",2140,"2016",1102,"60-64",18,16,16.25,19.5,2,0
"Costa Rica",2140,"2016",1102,"65-69",3,6,6.75,8.1,-3,0
"Costa Rica",2140,"2016",1102,"70-74",4,6,7.5,9,-2,0
"Costa Rica",2140,"2016",1102,"75-79",2,3,3,3.6,-1,0
"Costa Rica",2140,"2016",1102,"80-84",1,0.5,1,1.2,0.5,0
"Costa Rica",2140,"2016",1102,"85-89",1,2.5,2.25,2.7,-1.5,0
"Costa Rica",2140,"2016",1102,"90-94",0,0,0,0,0,0
"Costa Rica",2140,"2016",1102,"95+",0,0,0,0,0,0
"Costa Rica",2140,"2017",1001,"0-4",11,14.5,14.75,17.7,-3.5,0
"Costa Rica",2140,"2017",1001,"10-14",1,1.5,1.5,1.8,-0.5,0
"Costa Rica",2140,"2017",1001,"15-19",1,4.5,3.75,4.5,-3.5,0
"Costa Rica",2140,"2017",1001,"20-24",6,11,10,12,-5,0
"Costa Rica",2140,"2017",1001,"25-29",17,20.5,20.75,24.9,-3.5,0
"Costa Rica",2140,"2017",1001,"30-34",24,27,26.75,32.1,-3,0
"Costa Rica",2140,"2017",1001,"35-39",34,32.5,31.25,37.5,1.5,0
"Costa Rica",2140,"2017",1001,"40-44",22,25.5,26,31.2,-3.5,0
"Costa Rica",2140,"2017",1001,"45-49",19,30.5,28,33.6,-11.5,0
"Costa Rica",2140,"2017",1001,"5-9",4,3,2.75,3.3,1,1
"Costa Rica",2140,"2017",1001,"50-54",24,29.5,30.5,36.6,-5.5,0
"Costa Rica",2140,"2017",1001,"55-59",32,32.5,32.25,38.7,-0.5,0
"Costa Rica",2140,"2017",1001,"60-64",31,30,30.75,36.9,1,0
"Costa Rica",2140,"2017",1001,"65-69",26,30.5,30.5,36.6,-4.5,0
"Costa Rica",2140,"2017",1001,"70-74",33,28,28,33.6,5,0
"Costa Rica",2140,"2017",1001,"75-79",45,30,32.5,39,15,15
"Costa Rica",2140,"2017",1001,"80-84",37,31,31.5,37.8,6,0
"Costa Rica",2140,"2017",1001,"85-89",39,31.5,32,38.4,7.5,7.5
"Costa Rica",2140,"2017",1001,"90-94",27,22.5,21.75,26.1,4.5,4.5
"Costa Rica",2140,"2017",1001,"95+",7,10,10.75,12.9,-3,0
"Costa Rica",2140,"2017",1026,"0-4",20,13.5,13.5,16.2,6.5,6.5
"Costa Rica",2140,"2017",1026,"10-14",12,14,15.75,18.9,-2,0
"Costa Rica",2140,"2017",1026,"15-19",22,25.5,25,30,-3.5,0
"Costa Rica",2140,"2017",1026,"20-24",37,26.5,28.75,34.5,10.5,10.5
"Costa Rica",2140,"2017",1026,"25-29",46,48.5,49,58.8,-2.5,0
"Costa Rica",2140,"2017",1026,"30-34",70,69,69,82.8,1,0
"Costa Rica",2140,"2017",1026,"35-39",102,88.5,90,108,13.5,0
"Costa Rica",2140,"2017",1026,"40-44",124,122.5,119,142.8,1.5,0
"Costa Rica",2140,"2017",1026,"45-49",185,181,183.5,220.2,4,0
"Costa Rica",2140,"2017",1026,"5-9",15,16.5,16.5,19.8,-1.5,0
"Costa Rica",2140,"2017",1026,"50-54",296,302,298,357.6,-6,0
"Costa Rica",2140,"2017",1026,"55-59",450,406,409.25,491.1,44,0
"Costa Rica",2140,"2017",1026,"60-64",483,519,521.75,626.1,-36,0
"Costa Rica",2140,"2017",1026,"65-69",608,603,606,727.2,5,0
"Costa Rica",2140,"2017",1026,"70-74",604,595,610.25,732.3,9,0
"Costa Rica",2140,"2017",1026,"75-79",591,609,627.75,753.3,-18,0
"Costa Rica",2140,"2017",1026,"80-84",601,583.5,587.75,705.3,17.5,0
"Costa Rica",2140,"2017",1026,"85-89",463,481.5,486.5,583.8,-18.5,0
"Costa Rica",2140,"2017",1026,"90-94",257,246,248.75,298.5,11,0
"Costa Rica",2140,"2017",1026,"95+",91,88.5,90.75,108.9,2.5,0
"Costa Rica",2140,"2017",1048,"0-4",1,2.5,2.5,3,-1.5,0
"Costa Rica",2140,"2017",1048,"10-14",1,0.5,1,1.2,0.5,0
"Costa Rica",2140,"2017",1048,"15-19",1,2,2.25,2.7,-1,0
"Costa Rica",2140,"2017",1048,"20-24",2,2.5,2,2.4,-0.5,0
"Costa Rica",2140,"2017",1048,"25-29",1,2,2,2.4,-1,0
"Costa Rica",2140,"2017",1048,"30-34",2,3,3,3.6,-1,0
"Costa Rica",2140,"2017",1048,"35-39",3,4,4,4.8,-1,0
"Costa Rica",2140,"2017",1048,"40-44",3,3.5,3.25,3.9,-0.5,0
"Costa Rica",2140,"2017",1048,"45-49",4,4,3.75,4.5,0,0
"Costa Rica",2140,"2017",1048,"5-9",0,0.5,0.75,0.9,-0.5,0
"Costa Rica",2140,"2017",1048,"50-54",5,4.5,4.75,5.7,0.5,0
"Costa Rica",2140,"2017",1048,"55-59",5,3,3.25,3.9,2,2
"Costa Rica",2140,"2017",1048,"60-64",9,5,5.75,6.9,4,4
"Costa Rica",2140,"2017",1048,"65-69",7,6,5.5,6.6,1,1
"Costa Rica",2140,"2017",1048,"70-74",7,7,6.5,7.8,0,0
"Costa Rica",2140,"2017",1048,"75-79",19,12.5,12,14.4,6.5,6.5
"Costa Rica",2140,"2017",1048,"80-84",8,8,8,9.6,0,0
"Costa Rica",2140,"2017",1048,"85-89",13,7,8,9.6,6,6
"Costa Rica",2140,"2017",1048,"90-94",6,5,5.5,6.6,1,0
"Costa Rica",2140,"2017",1048,"95+",4,2.5,2.5,3,1.5,1.5
"Costa Rica",2140,"2017",1051,"0-4",4,4.5,5,6,-0.5,0
"Costa Rica",2140,"2017",1051,"10-14",1,4,3.5,4.2,-3,0
"Costa Rica",2140,"2017",1051,"15-19",3,5.5,5.5,6.6,-2.5,0
"Costa Rica",2140,"2017",1051,"20-24",5,6,5.75,6.9,-1,0
"Costa Rica",2140,"2017",1051,"25-29",4,6,6,7.2,-2,0
"Costa Rica",2140,"2017",1051,"30-34",13,11,11,13.2,2,0
"Costa Rica",2140,"2017",1051,"35-39",10,14.5,13.75,16.5,-4.5,0
"Costa Rica",2140,"2017",1051,"40-44",27,23,21.75,26.1,4,4
"Costa Rica",2140,"2017",1051,"45-49",42,39,38.5,46.2,3,0
"Costa Rica",2140,"2017",1051,"5-9",2,2.5,2.25,2.7,-0.5,0
"Costa Rica",2140,"2017",1051,"50-54",50,60.5,58.5,70.2,-10.5,0
"Costa Rica",2140,"2017",1051,"55-59",101,90,88.5,106.2,11,0
"Costa Rica",2140,"2017",1051,"60-64",129,118,115.5,138.6,11,0
"Costa Rica",2140,"2017",1051,"65-69",149,132.5,127.25,152.7,16.5,0
"Costa Rica",2140,"2017",1051,"70-74",158,136,140,168,22,0
"Costa Rica",2140,"2017",1051,"75-79",185,171,164.25,197.1,14,0
"Costa Rica",2140,"2017",1051,"80-84",194,176,174,208.8,18,0
"Costa Rica",2140,"2017",1051,"85-89",167,157,156.75,188.1,10,0
"Costa Rica",2140,"2017",1051,"90-94",101,99.5,102.75,123.3,1.5,0
"Costa Rica",2140,"2017",1051,"95+",52,40,40.5,48.6,12,12
"Costa Rica",2140,"2017",1055,"0-4",0,0,0,0,0,0
"Costa Rica",2140,"2017",1055,"10-14",1,0,0.25,0.3,1,1
"Costa Rica",2140,"2017",1055,"15-19",0,0,0,0,0,0
"Costa Rica",2140,"2017",1055,"20-24",1,0,0.25,0.3,1,1
"Costa Rica",2140,"2017",1055,"25-29",1,0.5,0.5,0.6,0.5,0.5
"Costa Rica",2140,"2017",1055,"30-34",1,0,0.25,0.3,1,1
"Costa Rica",2140,"2017",1055,"35-39",0,1,0.75,0.9,-1,0
"Costa Rica",2140,"2017",1055,"40-44",1,1.5,3,3.6,-0.5,0
"Costa Rica",2140,"2017",1055,"45-49",0,0.5,1,1.2,-0.5,0
"Costa Rica",2140,"2017",1055,"5-9",0,0,0,0,0,0
"Costa Rica",2140,"2017",1055,"50-54",2,3,2.5,3,-1,0
"Costa Rica",2140,"2017",1055,"55-59",3,5.5,5.5,6.6,-2.5,0
"Costa Rica",2140,"2017",1055,"60-64",17,6.5,7.75,9.3,10.5,10.5
"Costa Rica",2140,"2017",1055,"65-69",13,9.5,9.5,11.4,3.5,3.5
"Costa Rica",2140,"2017",1055,"70-74",27,23,22.5,27,4,0
"Costa Rica",2140,"2017",1055,"75-79",47,39.5,38.5,46.2,7.5,7.5
"Costa Rica",2140,"2017",1055,"80-84",78,58,60.5,72.6,20,20
"Costa Rica",2140,"2017",1055,"85-89",99,75.5,80,96,23.5,23.5
"Costa Rica",2140,"2017",1055,"90-94",79,70.5,69.75,83.7,8.5,0
"Costa Rica",2140,"2017",1055,"95+",51,47,45.5,54.6,4,0
"Costa Rica",2140,"2017",1058,"0-4",20,17,17,20.4,3,0
"Costa Rica",2140,"2017",1058,"10-14",13,12.5,11.25,13.5,0.5,0
"Costa Rica",2140,"2017",1058,"15-19",19,17.5,16.75,20.1,1.5,0
"Costa Rica",2140,"2017",1058,"20-24",16,21,20.75,24.9,-5,0
"Costa Rica",2140,"2017",1058,"25-29",20,19.5,17.5,21,0.5,0
"Costa Rica",2140,"2017",1058,"30-34",13,15,16,19.2,-2,0
"Costa Rica",2140,"2017",1058,"35-39",18,16,16.25,19.5,2,0
"Costa Rica",2140,"2017",1058,"40-44",11,13.5,14,16.8,-2.5,0
"Costa Rica",2140,"2017",1058,"45-49",16,18,19.75,23.7,-2,0
"Costa Rica",2140,"2017",1058,"5-9",9,6,6.25,7.5,3,3
"Costa Rica",2140,"2017",1058,"50-54",27,30.5,31.5,37.8,-3.5,0
"Costa Rica",2140,"2017",1058,"55-59",32,35,34.75,41.7,-3,0
"Costa Rica",2140,"2017",1058,"60-64",18,36.5,32.75,39.3,-18.5,0
"Costa Rica",2140,"2017",1058,"65-69",46,41.5,40.5,48.6,4.5,0
"Costa Rica",2140,"2017",1058,"70-74",48,48.5,45.5,54.6,-0.5,0
"Costa Rica",2140,"2017",1058,"75-79",53,73,68.75,82.5,-20,0
"Costa Rica",2140,"2017",1058,"80-84",100,90,90.5,108.6,10,0
"Costa Rica",2140,"2017",1058,"85-89",117,95.5,96.5,115.8,21.5,21.5
"Costa Rica",2140,"2017",1058,"90-94",45,44.5,48,57.6,0.5,0
"Costa Rica",2140,"2017",1058,"95+",17,17,16.75,20.1,0,0
"Costa Rica",2140,"2017",1062,"0-4",0,0,0,0,0,0
"Costa Rica",2140,"2017",1062,"10-14",0,0,0,0,0,0
"Costa Rica",2140,"2017",1062,"15-19",0,0,0,0,0,0
"Costa Rica",2140,"2017",1062,"20-24",0,0,0,0,0,0
"Costa Rica",2140,"2017",1062,"25-29",0,0,0,0,0,0
"Costa Rica",2140,"2017",1062,"30-34",0,0,0,0,0,0
"Costa Rica",2140,"2017",1062,"35-39",0,0,0,0,0,0
"Costa Rica",2140,"2017",1062,"40-44",0,0,0,0,0,0
"Costa Rica",2140,"2017",1062,"45-49",0,0,0,0,0,0
"Costa Rica",2140,"2017",1062,"5-9",0,0,0,0,0,0
"Costa Rica",2140,"2017",1062,"50-54",0,0,0,0,0,0
"Costa Rica",2140,"2017",1062,"55-59",1,0.5,0.5,0.6,0.5,0.5
"Costa Rica",2140,"2017",1062,"60-64",0,0.5,0.5,0.6,-0.5,0
"Costa Rica",2140,"2017",1062,"65-69",0,0,0,0,0,0
"Costa Rica",2140,"2017",1062,"70-74",0,0,0,0,0,0
"Costa Rica",2140,"2017",1062,"75-79",0,0,0,0,0,0
"Costa Rica",2140,"2017",1062,"80-84",0,0,0,0,0,0
"Costa Rica",2140,"2017",1062,"85-89",0,0,0,0,0,0
"Costa Rica",2140,"2017",1062,"90-94",0,0,0,0,0,0
"Costa Rica",2140,"2017",1062,"95+",0,0,0,0,0,0
"Costa Rica",2140,"2017",1063,"0-4",0,0,0,0,0,0
"Costa Rica",2140,"2017",1063,"10-14",0,0,0,0,0,0
"Costa Rica",2140,"2017",1063,"15-19",0,0,0,0,0,0
"Costa Rica",2140,"2017",1063,"20-24",0,0,0,0,0,0
"Costa Rica",2140,"2017",1063,"25-29",0,0,0,0,0,0
"Costa Rica",2140,"2017",1063,"30-34",0,0,0,0,0,0
"Costa Rica",2140,"2017",1063,"35-39",0,0,0,0,0,0
"Costa Rica",2140,"2017",1063,"40-44",0,0,0,0,0,0
"Costa Rica",2140,"2017",1063,"45-49",0,0,0,0,0,0
"Costa Rica",2140,"2017",1063,"5-9",0,0,0,0,0,0
"Costa Rica",2140,"2017",1063,"50-54",0,0,0,0,0,0
"Costa Rica",2140,"2017",1063,"55-59",0,0,0,0,0,0
"Costa Rica",2140,"2017",1063,"60-64",2,2,2,2.4,0,0
"Costa Rica",2140,"2017",1063,"65-69",0,0,0,0,0,0
"Costa Rica",2140,"2017",1063,"70-74",0,0,0,0,0,0
"Costa Rica",2140,"2017",1063,"75-79",0,0,0,0,0,0
"Costa Rica",2140,"2017",1063,"80-84",0,0,0,0,0,0
"Costa Rica",2140,"2017",1063,"85-89",1,1,1,1.2,0,0
"Costa Rica",2140,"2017",1063,"90-94",0,0,0,0,0,0
"Costa Rica",2140,"2017",1063,"95+",0,0,0,0,0,0
"Costa Rica",2140,"2017",1064,"0-4",5,9,10,12,-4,0
"Costa Rica",2140,"2017",1064,"10-14",3,3.5,3.5,4.2,-0.5,0
"Costa Rica",2140,"2017",1064,"15-19",6,6,6.25,7.5,0,0
"Costa Rica",2140,"2017",1064,"20-24",16,13,13.5,16.2,3,0
"Costa Rica",2140,"2017",1064,"25-29",21,25,24.5,29.4,-4,0
"Costa Rica",2140,"2017",1064,"30-34",31,35.5,35.5,42.6,-4.5,0
"Costa Rica",2140,"2017",1064,"35-39",56,60.5,61,73.2,-4.5,0
"Costa Rica",2140,"2017",1064,"40-44",91,83.5,84.5,101.4,7.5,0
"Costa Rica",2140,"2017",1064,"45-49",124,124,120.25,144.3,0,0
"Costa Rica",2140,"2017",1064,"5-9",2,1,1.5,1.8,1,1
"Costa Rica",2140,"2017",1064,"50-54",192,214,213.75,256.5,-22,0
"Costa Rica",2140,"2017",1064,"55-59",297,304.5,307,368.4,-7.5,0
"Costa Rica",2140,"2017",1064,"60-64",411,415,417.25,500.7,-4,0
"Costa Rica",2140,"2017",1064,"65-69",480,478,472.25,566.7,2,0
"Costa Rica",2140,"2017",1064,"70-74",589,584,580.25,696.3,5,0
"Costa Rica",2140,"2017",1064,"75-79",723,729,720.75,864.9,-6,0
"Costa Rica",2140,"2017",1064,"80-84",853,853.5,870.5,1044.6,-0.5,0
"Costa Rica",2140,"2017",1064,"85-89",925,914,925,1110,11,0
"Costa Rica",2140,"2017",1064,"90-94",672,654,666.5,799.8,18,0
"Costa Rica",2140,"2017",1064,"95+",436,418.5,428.25,513.9,17.5,0
"Costa Rica",2140,"2017",1072,"0-4",38,49.5,51.25,61.5,-11.5,0
"Costa Rica",2140,"2017",1072,"10-14",1,1,1.75,2.1,0,0
"Costa Rica",2140,"2017",1072,"15-19",6,6,5.75,6.9,0,0
"Costa Rica",2140,"2017",1072,"20-24",3,8.5,8.25,9.9,-5.5,0
"Costa Rica",2140,"2017",1072,"25-29",6,7.5,9,10.8,-1.5,0
"Costa Rica",2140,"2017",1072,"30-34",11,19,18,21.6,-8,0
"Costa Rica",2140,"2017",1072,"35-39",13,17,17.75,21.3,-4,0
"Costa Rica",2140,"2017",1072,"40-44",17,19,20.75,24.9,-2,0
"Costa Rica",2140,"2017",1072,"45-49",30,34.5,33.5,40.2,-4.5,0
"Costa Rica",2140,"2017",1072,"5-9",2,1.5,1.5,1.8,0.5,0.5
"Costa Rica",2140,"2017",1072,"50-54",35,44.5,45.5,54.6,-9.5,0
"Costa Rica",2140,"2017",1072,"55-59",72,71,73.75,88.5,1,0
"Costa Rica",2140,"2017",1072,"60-64",114,99,96.25,115.5,15,0
"Costa Rica",2140,"2017",1072,"65-69",130,115,117,140.4,15,0
"Costa Rica",2140,"2017",1072,"70-74",160,157,160.5,192.6,3,0
"Costa Rica",2140,"2017",1072,"75-79",272,259.5,255.25,306.3,12.5,0
"Costa Rica",2140,"2017",1072,"80-84",352,355.5,340,408,-3.5,0
"Costa Rica",2140,"2017",1072,"85-89",418,412.5,399.75,479.7,5.5,0
"Costa Rica",2140,"2017",1072,"90-94",301,308,309.5,371.4,-7,0
"Costa Rica",2140,"2017",1072,"95+",207,190,189.25,227.1,17,0
"Costa Rica",2140,"2017",1078,"0-4",3,3,3,3.6,0,0
"Costa Rica",2140,"2017",1078,"10-14",2,2,2,2.4,0,0
"Costa Rica",2140,"2017",1078,"15-19",5,5,4.75,5.7,0,0
"Costa Rica",2140,"2017",1078,"20-24",5,6,5.75,6.9,-1,0
"Costa Rica",2140,"2017",1078,"25-29",11,10.5,10.5,12.6,0.5,0
"Costa Rica",2140,"2017",1078,"30-34",21,19.5,21.25,25.5,1.5,0
"Costa Rica",2140,"2017",1078,"35-39",28,32.5,34.25,41.1,-4.5,0
"Costa Rica",2140,"2017",1078,"40-44",43,48.5,50.25,60.3,-5.5,0
"Costa Rica",2140,"2017",1078,"45-49",73,73,72,86.4,0,0
"Costa Rica",2140,"2017",1078,"5-9",0,0,0.25,0.3,0,0
"Costa Rica",2140,"2017",1078,"50-54",105,109,110,132,-4,0
"Costa Rica",2140,"2017",1078,"55-59",159,151.5,152.5,183,7.5,0
"Costa Rica",2140,"2017",1078,"60-64",189,176.5,175.25,210.3,12.5,0
"Costa Rica",2140,"2017",1078,"65-69",169,175.5,174,208.8,-6.5,0
"Costa Rica",2140,"2017",1078,"70-74",188,185,179,214.8,3,0
"Costa Rica",2140,"2017",1078,"75-79",198,191.5,193.5,232.2,6.5,0
"Costa Rica",2140,"2017",1078,"80-84",177,176,181.75,218.1,1,0
"Costa Rica",2140,"2017",1078,"85-89",145,161.5,164.75,197.7,-16.5,0
"Costa Rica",2140,"2017",1078,"90-94",118,108,108,129.6,10,0
"Costa Rica",2140,"2017",1078,"95+",58,43,44.75,53.7,15,15
"Costa Rica",2140,"2017",1082,"0-4",1,0,0.25,0.3,1,1
"Costa Rica",2140,"2017",1082,"10-14",0,0,0,0,0,0
"Costa Rica",2140,"2017",1082,"15-19",0,0,0,0,0,0
"Costa Rica",2140,"2017",1082,"20-24",0,0.5,0.5,0.6,-0.5,0
"Costa Rica",2140,"2017",1082,"25-29",0,0,0,0,0,0
"Costa Rica",2140,"2017",1082,"30-34",0,0,0.25,0.3,0,0
"Costa Rica",2140,"2017",1082,"35-39",0,1.5,1.25,1.5,-1.5,0
"Costa Rica",2140,"2017",1082,"40-44",3,2,2,2.4,1,1
"Costa Rica",2140,"2017",1082,"45-49",2,1.5,1.25,1.5,0.5,0.5
"Costa Rica",2140,"2017",1082,"5-9",0,0,0,0,0,0
"Costa Rica",2140,"2017",1082,"50-54",3,3,3.25,3.9,0,0
"Costa Rica",2140,"2017",1082,"55-59",2,5,4.75,5.7,-3,0
"Costa Rica",2140,"2017",1082,"60-64",4,4,6.5,7.8,0,0
"Costa Rica",2140,"2017",1082,"65-69",7,5.5,6.5,7.8,1.5,0
"Costa Rica",2140,"2017",1082,"70-74",9,7.5,8,9.6,1.5,0
"Costa Rica",2140,"2017",1082,"75-79",9,11,10.75,12.9,-2,0
"Costa Rica",2140,"2017",1082,"80-84",11,14.5,15,18,-3.5,0
"Costa Rica",2140,"2017",1082,"85-89",15,13.5,12,14.4,1.5,1.5
"Costa Rica",2140,"2017",1082,"90-94",13,16.5,16.75,20.1,-3.5,0
"Costa Rica",2140,"2017",1082,"95+",11,9.5,9.5,11.4,1.5,0
"Costa Rica",2140,"2017",1083,"0-4",0,1,1,1.2,-1,0
"Costa Rica",2140,"2017",1083,"10-14",0,0,0.25,0.3,0,0
"Costa Rica",2140,"2017",1083,"15-19",1,1.5,2,2.4,-0.5,0
"Costa Rica",2140,"2017",1083,"20-24",4,4,3.5,4.2,0,0
"Costa Rica",2140,"2017",1083,"25-29",2,4.5,4.75,5.7,-2.5,0
"Costa Rica",2140,"2017",1083,"30-34",3,4.5,5,6,-1.5,0
"Costa Rica",2140,"2017",1083,"35-39",12,7.5,7.25,8.7,4.5,4.5
"Costa Rica",2140,"2017",1083,"40-44",9,6,6,7.2,3,3
"Costa Rica",2140,"2017",1083,"45-49",7,11,11,13.2,-4,0
"Costa Rica",2140,"2017",1083,"5-9",0,0.5,0.5,0.6,-0.5,0
"Costa Rica",2140,"2017",1083,"50-54",9,14,13.25,15.9,-5,0
"Costa Rica",2140,"2017",1083,"55-59",16,18,17,20.4,-2,0
"Costa Rica",2140,"2017",1083,"60-64",16,17.5,16.75,20.1,-1.5,0
"Costa Rica",2140,"2017",1083,"65-69",30,17.5,19,22.8,12.5,12.5
"Costa Rica",2140,"2017",1083,"70-74",29,21,21,25.2,8,8
"Costa Rica",2140,"2017",1083,"75-79",33,24,23.75,28.5,9,9
"Costa Rica",2140,"2017",1083,"80-84",16,19,19.75,23.7,-3,0
"Costa Rica",2140,"2017",1083,"85-89",17,16.5,17,20.4,0.5,0
"Costa Rica",2140,"2017",1083,"90-94",13,11.5,11.75,14.1,1.5,0
"Costa Rica",2140,"2017",1083,"95+",13,9.5,9.25,11.1,3.5,3.5
"Costa Rica",2140,"2017",1084,"0-4",4,0.5,1.25,1.5,3.5,3.5
"Costa Rica",2140,"2017",1084,"10-14",1,1.5,1.5,1.8,-0.5,0
"Costa Rica",2140,"2017",1084,"15-19",1,1,1.5,1.8,0,0
"Costa Rica",2140,"2017",1084,"20-24",4,5.5,6,7.2,-1.5,0
"Costa Rica",2140,"2017",1084,"25-29",3,3.5,4.75,5.7,-0.5,0
"Costa Rica",2140,"2017",1084,"30-34",12,11.5,11,13.2,0.5,0
"Costa Rica",2140,"2017",1084,"35-39",10,11.5,11.75,14.1,-1.5,0
"Costa Rica",2140,"2017",1084,"40-44",13,12.5,14.25,17.1,0.5,0
"Costa Rica",2140,"2017",1084,"45-49",25,24,23.5,28.2,1,0
"Costa Rica",2140,"2017",1084,"5-9",0,0.5,0.5,0.6,-0.5,0
"Costa Rica",2140,"2017",1084,"50-54",33,31.5,31.25,37.5,1.5,0
"Costa Rica",2140,"2017",1084,"55-59",37,41,42,50.4,-4,0
"Costa Rica",2140,"2017",1084,"60-64",70,60,58.75,70.5,10,0
"Costa Rica",2140,"2017",1084,"65-69",74,73,70,84,1,0
"Costa Rica",2140,"2017",1084,"70-74",91,68.5,71.75,86.1,22.5,22.5
"Costa Rica",2140,"2017",1084,"75-79",100,94,92.75,111.3,6,0
"Costa Rica",2140,"2017",1084,"80-84",123,112.5,108,129.6,10.5,0
"Costa Rica",2140,"2017",1084,"85-89",141,117,118.75,142.5,24,0
"Costa Rica",2140,"2017",1084,"90-94",82,82.5,80.25,96.3,-0.5,0
"Costa Rica",2140,"2017",1084,"95+",61,52.5,52,62.4,8.5,0
"Costa Rica",2140,"2017",1087,"0-4",0,0,0,0,0,0
"Costa Rica",2140,"2017",1087,"10-14",0,0,0.25,0.3,0,0
"Costa Rica",2140,"2017",1087,"15-19",2,1,1.25,1.5,1,1
"Costa Rica",2140,"2017",1087,"20-24",1,1.5,2.5,3,-0.5,0
"Costa Rica",2140,"2017",1087,"25-29",3,4,4,4.8,-1,0
"Costa Rica",2140,"2017",1087,"30-34",6,5,4,4.8,1,1
"Costa Rica",2140,"2017",1087,"35-39",2,2,2.25,2.7,0,0
"Costa Rica",2140,"2017",1087,"40-44",1,1.5,1.75,2.1,-0.5,0
"Costa Rica",2140,"2017",1087,"45-49",0,0,0,0,0,0
"Costa Rica",2140,"2017",1087,"5-9",0,0,0,0,0,0
"Costa Rica",2140,"2017",1087,"50-54",0,0,0,0,0,0
"Costa Rica",2140,"2017",1087,"55-59",0,0,0,0,0,0
"Costa Rica",2140,"2017",1087,"60-64",0,0,0,0,0,0
"Costa Rica",2140,"2017",1087,"65-69",0,0,0,0,0,0
"Costa Rica",2140,"2017",1087,"70-74",0,0,0,0,0,0
"Costa Rica",2140,"2017",1087,"75-79",0,0,0,0,0,0
"Costa Rica",2140,"2017",1087,"80-84",0,0,0,0,0,0
"Costa Rica",2140,"2017",1087,"85-89",0,0,0,0,0,0
"Costa Rica",2140,"2017",1087,"90-94",0,0,0,0,0,0
"Costa Rica",2140,"2017",1087,"95+",0,0,0,0,0,0
"Costa Rica",2140,"2017",1092,"0-4",267,270.5,272.25,326.7,-3.5,0
"Costa Rica",2140,"2017",1092,"10-14",0,0,0,0,0,0
"Costa Rica",2140,"2017",1092,"15-19",0,0,0,0,0,0
"Costa Rica",2140,"2017",1092,"20-24",0,0,0,0,0,0
"Costa Rica",2140,"2017",1092,"25-29",0,0,0,0,0,0
"Costa Rica",2140,"2017",1092,"30-34",0,0,0,0,0,0
"Costa Rica",2140,"2017",1092,"35-39",0,0,0,0,0,0
"Costa Rica",2140,"2017",1092,"40-44",0,0,0,0,0,0
"Costa Rica",2140,"2017",1092,"45-49",0,0,0,0,0,0
"Costa Rica",2140,"2017",1092,"5-9",0,0,0,0,0,0
"Costa Rica",2140,"2017",1092,"50-54",0,0,0,0,0,0
"Costa Rica",2140,"2017",1092,"55-59",0,0,0,0,0,0
"Costa Rica",2140,"2017",1092,"60-64",0,0,0,0,0,0
"Costa Rica",2140,"2017",1092,"65-69",0,0,0,0,0,0
"Costa Rica",2140,"2017",1092,"70-74",0,0,0,0,0,0
"Costa Rica",2140,"2017",1092,"75-79",0,0,0,0,0,0
"Costa Rica",2140,"2017",1092,"80-84",0,0,0,0,0,0
"Costa Rica",2140,"2017",1092,"85-89",0,0,0,0,0,0
"Costa Rica",2140,"2017",1092,"90-94",0,0,0,0,0,0
"Costa Rica",2140,"2017",1092,"95+",0,0,0,0,0,0
"Costa Rica",2140,"2017",1093,"0-4",218,212.5,210,252,5.5,0
"Costa Rica",2140,"2017",1093,"10-14",1,3.5,3.5,4.2,-2.5,0
"Costa Rica",2140,"2017",1093,"15-19",6,5.5,6.25,7.5,0.5,0
"Costa Rica",2140,"2017",1093,"20-24",5,5.5,5.25,6.3,-0.5,0
"Costa Rica",2140,"2017",1093,"25-29",3,3,3.75,4.5,0,0
"Costa Rica",2140,"2017",1093,"30-34",2,2,2,2.4,0,0
"Costa Rica",2140,"2017",1093,"35-39",1,1.5,1.75,2.1,-0.5,0
"Costa Rica",2140,"2017",1093,"40-44",3,0,0.75,0.9,3,3
"Costa Rica",2140,"2017",1093,"45-49",1,1,1,1.2,0,0
"Costa Rica",2140,"2017",1093,"5-9",5,6.5,6.5,7.8,-1.5,0
"Costa Rica",2140,"2017",1093,"50-54",0,0,0.25,0.3,0,0
"Costa Rica",2140,"2017",1093,"55-59",0,1,0.75,0.9,-1,0
"Costa Rica",2140,"2017",1093,"60-64",1,0.5,0.5,0.6,0.5,0.5
"Costa Rica",2140,"2017",1093,"65-69",0,0,0,0,0,0
"Costa Rica",2140,"2017",1093,"70-74",0,0.5,0.5,0.6,-0.5,0
"Costa Rica",2140,"2017",1093,"75-79",0,0,0,0,0,0
"Costa Rica",2140,"2017",1093,"80-84",0,0,0,0,0,0
"Costa Rica",2140,"2017",1093,"85-89",0,0,0,0,0,0
"Costa Rica",2140,"2017",1093,"90-94",0,0,0,0,0,0
"Costa Rica",2140,"2017",1093,"95+",0,0,0,0,0,0
"Costa Rica",2140,"2017",1094,"0-4",38,7,13.75,16.5,31,31
"Costa Rica",2140,"2017",1094,"10-14",5,1.5,2.25,2.7,3.5,3.5
"Costa Rica",2140,"2017",1094,"15-19",17,5.5,7.25,8.7,11.5,11.5
"Costa Rica",2140,"2017",1094,"20-24",44,6.5,14.75,17.7,37.5,37.5
"Costa Rica",2140,"2017",1094,"25-29",44,7,15.75,18.9,37,37
"Costa Rica",2140,"2017",1094,"30-34",44,7.5,15.75,18.9,36.5,36.5
"Costa Rica",2140,"2017",1094,"35-39",42,8.5,16,19.2,33.5,33.5
"Costa Rica",2140,"2017",1094,"40-44",35,9.5,14.75,17.7,25.5,25.5
"Costa Rica",2140,"2017",1094,"45-49",45,11,18.5,22.2,34,34
"Costa Rica",2140,"2017",1094,"5-9",3,0.5,1,1.2,2.5,2.5
"Costa Rica",2140,"2017",1094,"50-54",48,12.5,21,25.2,35.5,35.5
"Costa Rica",2140,"2017",1094,"55-59",52,20.5,25.25,30.3,31.5,31.5
"Costa Rica",2140,"2017",1094,"60-64",52,27.5,28.75,34.5,24.5,24.5
"Costa Rica",2140,"2017",1094,"65-69",47,26,26.5,31.8,21,21
"Costa Rica",2140,"2017",1094,"70-74",48,29.5,30,36,18.5,18.5
"Costa Rica",2140,"2017",1094,"75-79",47,25.5,26.25,31.5,21.5,21.5
"Costa Rica",2140,"2017",1094,"80-84",44,30,30.25,36.3,14,14
"Costa Rica",2140,"2017",1094,"85-89",44,36,36.75,44.1,8,0
"Costa Rica",2140,"2017",1094,"90-94",35,30.5,30.75,36.9,4.5,0
"Costa Rica",2140,"2017",1094,"95+",41,40.5,37,44.4,0.5,0
"Costa Rica",2140,"2017",1096,"0-4",4,6.5,6.5,7.8,-2.5,0
"Costa Rica",2140,"2017",1096,"10-14",12,7.5,7.25,8.7,4.5,4.5
"Costa Rica",2140,"2017",1096,"15-19",52,56,53.5,64.2,-4,0
"Costa Rica",2140,"2017",1096,"20-24",107,111.5,117.25,140.7,-4.5,0
"Costa Rica",2140,"2017",1096,"25-29",114,113.5,112.25,134.7,0.5,0
"Costa Rica",2140,"2017",1096,"30-34",92,89.5,92.25,110.7,2.5,0
"Costa Rica",2140,"2017",1096,"35-39",63,69.5,70.5,84.6,-6.5,0
"Costa Rica",2140,"2017",1096,"40-44",55,62.5,63,75.6,-7.5,0
"Costa Rica",2140,"2017",1096,"45-49",51,55.5,57.25,68.7,-4.5,0
"Costa Rica",2140,"2017",1096,"5-9",9,6.5,6.75,8.1,2.5,2.5
"Costa Rica",2140,"2017",1096,"50-54",68,63,59.25,71.1,5,0
"Costa Rica",2140,"2017",1096,"55-59",43,48.5,48.75,58.5,-5.5,0
"Costa Rica",2140,"2017",1096,"60-64",37,39.5,37.5,45,-2.5,0
"Costa Rica",2140,"2017",1096,"65-69",36,30,30.5,36.6,6,0
"Costa Rica",2140,"2017",1096,"70-74",24,24.5,25,30,-0.5,0
"Costa Rica",2140,"2017",1096,"75-79",25,17.5,18.5,22.2,7.5,7.5
"Costa Rica",2140,"2017",1096,"80-84",11,13.5,13.5,16.2,-2.5,0
"Costa Rica",2140,"2017",1096,"85-89",8,6.5,6,7.2,1.5,1.5
"Costa Rica",2140,"2017",1096,"90-94",2,2.5,2.25,2.7,-0.5,0
"Costa Rica",2140,"2017",1096,"95+",0,1,0.75,0.9,-1,0
"Costa Rica",2140,"2017",1102,"0-4",4,3.5,3.25,3.9,0.5,0.5
"Costa Rica",2140,"2017",1102,"10-14",1,5.5,4.5,5.4,-4.5,0
"Costa Rica",2140,"2017",1102,"15-19",39,41.5,44,52.8,-2.5,0
"Costa Rica",2140,"2017",1102,"20-24",124,102,102,122.4,22,22
"Costa Rica",2140,"2017",1102,"25-29",112,111,110.75,132.9,1,0
"Costa Rica",2140,"2017",1102,"30-34",84,82.5,80.75,96.9,1.5,0
"Costa Rica",2140,"2017",1102,"35-39",49,50.5,50.5,60.6,-1.5,0
"Costa Rica",2140,"2017",1102,"40-44",44,39,38.5,46.2,5,0
"Costa Rica",2140,"2017",1102,"45-49",23,29.5,29,34.8,-6.5,0
"Costa Rica",2140,"2017",1102,"5-9",2,2.5,2.5,3,-0.5,0
"Costa Rica",2140,"2017",1102,"50-54",25,22.5,24.25,29.1,2.5,0
"Costa Rica",2140,"2017",1102,"55-59",9,15,14.75,17.7,-6,0
"Costa Rica",2140,"2017",1102,"60-64",15,16,16.25,19.5,-1,0
"Costa Rica",2140,"2017",1102,"65-69",3,6,6.75,8.1,-3,0
"Costa Rica",2140,"2017",1102,"70-74",6,6,7.5,9,0,0
"Costa Rica",2140,"2017",1102,"75-79",4,3,3,3.6,1,1
"Costa Rica",2140,"2017",1102,"80-84",3,0.5,1,1.2,2.5,2.5
"Costa Rica",2140,"2017",1102,"85-89",3,2.5,2.25,2.7,0.5,0.5
"Costa Rica",2140,"2017",1102,"90-94",0,0,0,0,0,0
"Costa Rica",2140,"2017",1102,"95+",0,0,0,0,0,0
"Costa Rica",2140,"2018",1001,"0-4",18,14.5,14.75,17.7,3.5,3.5
"Costa Rica",2140,"2018",1001,"10-14",0,1.5,1.5,1.8,-1.5,0
"Costa Rica",2140,"2018",1001,"15-19",5,4.5,3.75,4.5,0.5,0.5
"Costa Rica",2140,"2018",1001,"20-24",12,11,10,12,1,0
"Costa Rica",2140,"2018",1001,"25-29",30,20.5,20.75,24.9,9.5,9.5
"Costa Rica",2140,"2018",1001,"30-34",30,27,26.75,32.1,3,0
"Costa Rica",2140,"2018",1001,"35-39",33,32.5,31.25,37.5,0.5,0
"Costa Rica",2140,"2018",1001,"40-44",31,25.5,26,31.2,5.5,0
"Costa Rica",2140,"2018",1001,"45-49",32,30.5,28,33.6,1.5,0
"Costa Rica",2140,"2018",1001,"5-9",3,3,2.75,3.3,0,0
"Costa Rica",2140,"2018",1001,"50-54",33,29.5,30.5,36.6,3.5,0
"Costa Rica",2140,"2018",1001,"55-59",45,32.5,32.25,38.7,12.5,12.5
"Costa Rica",2140,"2018",1001,"60-64",38,30,30.75,36.9,8,8
"Costa Rica",2140,"2018",1001,"65-69",36,30.5,30.5,36.6,5.5,0
"Costa Rica",2140,"2018",1001,"70-74",22,28,28,33.6,-6,0
"Costa Rica",2140,"2018",1001,"75-79",33,30,32.5,39,3,0
"Costa Rica",2140,"2018",1001,"80-84",27,31,31.5,37.8,-4,0
"Costa Rica",2140,"2018",1001,"85-89",29,31.5,32,38.4,-2.5,0
"Costa Rica",2140,"2018",1001,"90-94",15,22.5,21.75,26.1,-7.5,0
"Costa Rica",2140,"2018",1001,"95+",8,10,10.75,12.9,-2,0
"Costa Rica",2140,"2018",1026,"0-4",13,13.5,13.5,16.2,-0.5,0
"Costa Rica",2140,"2018",1026,"10-14",13,14,15.75,18.9,-1,0
"Costa Rica",2140,"2018",1026,"15-19",29,25.5,25,30,3.5,0
"Costa Rica",2140,"2018",1026,"20-24",27,26.5,28.75,34.5,0.5,0
"Costa Rica",2140,"2018",1026,"25-29",51,48.5,49,58.8,2.5,0
"Costa Rica",2140,"2018",1026,"30-34",73,69,69,82.8,4,0
"Costa Rica",2140,"2018",1026,"35-39",93,88.5,90,108,4.5,0
"Costa Rica",2140,"2018",1026,"40-44",123,122.5,119,142.8,0.5,0
"Costa Rica",2140,"2018",1026,"45-49",197,181,183.5,220.2,16,0
"Costa Rica",2140,"2018",1026,"5-9",18,16.5,16.5,19.8,1.5,0
"Costa Rica",2140,"2018",1026,"50-54",311,302,298,357.6,9,0
"Costa Rica",2140,"2018",1026,"55-59",430,406,409.25,491.1,24,0
"Costa Rica",2140,"2018",1026,"60-64",566,519,521.75,626.1,47,0
"Costa Rica",2140,"2018",1026,"65-69",671,603,606,727.2,68,0
"Costa Rica",2140,"2018",1026,"70-74",677,595,610.25,732.3,82,0
"Costa Rica",2140,"2018",1026,"75-79",703,609,627.75,753.3,94,0
"Costa Rica",2140,"2018",1026,"80-84",584,583.5,587.75,705.3,0.5,0
"Costa Rica",2140,"2018",1026,"85-89",527,481.5,486.5,583.8,45.5,0
"Costa Rica",2140,"2018",1026,"90-94",276,246,248.75,298.5,30,0
"Costa Rica",2140,"2018",1026,"95+",100,88.5,90.75,108.9,11.5,0
"Costa Rica",2140,"2018",1048,"0-4",1,2.5,2.5,3,-1.5,0
"Costa Rica",2140,"2018",1048,"10-14",0,0.5,1,1.2,-0.5,0
"Costa Rica",2140,"2018",1048,"15-19",2,2,2.25,2.7,0,0
"Costa Rica",2140,"2018",1048,"20-24",0,2.5,2,2.4,-2.5,0
"Costa Rica",2140,"2018",1048,"25-29",2,2,2,2.4,0,0
"Costa Rica",2140,"2018",1048,"30-34",3,3,3,3.6,0,0
"Costa Rica",2140,"2018",1048,"35-39",7,4,4,4.8,3,3
"Costa Rica",2140,"2018",1048,"40-44",1,3.5,3.25,3.9,-2.5,0
"Costa Rica",2140,"2018",1048,"45-49",4,4,3.75,4.5,0,0
"Costa Rica",2140,"2018",1048,"5-9",0,0.5,0.75,0.9,-0.5,0
"Costa Rica",2140,"2018",1048,"50-54",3,4.5,4.75,5.7,-1.5,0
"Costa Rica",2140,"2018",1048,"55-59",2,3,3.25,3.9,-1,0
"Costa Rica",2140,"2018",1048,"60-64",6,5,5.75,6.9,1,0
"Costa Rica",2140,"2018",1048,"65-69",7,6,5.5,6.6,1,1
"Costa Rica",2140,"2018",1048,"70-74",4,7,6.5,7.8,-3,0
"Costa Rica",2140,"2018",1048,"75-79",18,12.5,12,14.4,5.5,5.5
"Costa Rica",2140,"2018",1048,"80-84",6,8,8,9.6,-2,0
"Costa Rica",2140,"2018",1048,"85-89",5,7,8,9.6,-2,0
"Costa Rica",2140,"2018",1048,"90-94",4,5,5.5,6.6,-1,0
"Costa Rica",2140,"2018",1048,"95+",2,2.5,2.5,3,-0.5,0
"Costa Rica",2140,"2018",1051,"0-4",4,4.5,5,6,-0.5,0
"Costa Rica",2140,"2018",1051,"10-14",3,4,3.5,4.2,-1,0
"Costa Rica",2140,"2018",1051,"15-19",7,5.5,5.5,6.6,1.5,1.5
"Costa Rica",2140,"2018",1051,"20-24",4,6,5.75,6.9,-2,0
"Costa Rica",2140,"2018",1051,"25-29",9,6,6,7.2,3,3
"Costa Rica",2140,"2018",1051,"30-34",13,11,11,13.2,2,0
"Costa Rica",2140,"2018",1051,"35-39",16,14.5,13.75,16.5,1.5,0
"Costa Rica",2140,"2018",1051,"40-44",28,23,21.75,26.1,5,5
"Costa Rica",2140,"2018",1051,"45-49",30,39,38.5,46.2,-9,0
"Costa Rica",2140,"2018",1051,"5-9",3,2.5,2.25,2.7,0.5,0.5
"Costa Rica",2140,"2018",1051,"50-54",63,60.5,58.5,70.2,2.5,0
"Costa Rica",2140,"2018",1051,"55-59",101,90,88.5,106.2,11,0
"Costa Rica",2140,"2018",1051,"60-64",118,118,115.5,138.6,0,0
"Costa Rica",2140,"2018",1051,"65-69",135,132.5,127.25,152.7,2.5,0
"Costa Rica",2140,"2018",1051,"70-74",139,136,140,168,3,0
"Costa Rica",2140,"2018",1051,"75-79",169,171,164.25,197.1,-2,0
"Costa Rica",2140,"2018",1051,"80-84",174,176,174,208.8,-2,0
"Costa Rica",2140,"2018",1051,"85-89",167,157,156.75,188.1,10,0
"Costa Rica",2140,"2018",1051,"90-94",116,99.5,102.75,123.3,16.5,0
"Costa Rica",2140,"2018",1051,"95+",39,40,40.5,48.6,-1,0
"Costa Rica",2140,"2018",1055,"0-4",0,0,0,0,0,0
"Costa Rica",2140,"2018",1055,"10-14",0,0,0.25,0.3,0,0
"Costa Rica",2140,"2018",1055,"15-19",0,0,0,0,0,0
"Costa Rica",2140,"2018",1055,"20-24",0,0,0.25,0.3,0,0
"Costa Rica",2140,"2018",1055,"25-29",1,0.5,0.5,0.6,0.5,0.5
"Costa Rica",2140,"2018",1055,"30-34",0,0,0.25,0.3,0,0
"Costa Rica",2140,"2018",1055,"35-39",1,1,0.75,0.9,0,0
"Costa Rica",2140,"2018",1055,"40-44",8,1.5,3,3.6,6.5,6.5
"Costa Rica",2140,"2018",1055,"45-49",3,0.5,1,1.2,2.5,2.5
"Costa Rica",2140,"2018",1055,"5-9",0,0,0,0,0,0
"Costa Rica",2140,"2018",1055,"50-54",4,3,2.5,3,1,1
"Costa Rica",2140,"2018",1055,"55-59",8,5.5,5.5,6.6,2.5,2.5
"Costa Rica",2140,"2018",1055,"60-64",6,6.5,7.75,9.3,-0.5,0
"Costa Rica",2140,"2018",1055,"65-69",10,9.5,9.5,11.4,0.5,0
"Costa Rica",2140,"2018",1055,"70-74",27,23,22.5,27,4,0
"Costa Rica",2140,"2018",1055,"75-79",51,39.5,38.5,46.2,11.5,11.5
"Costa Rica",2140,"2018",1055,"80-84",67,58,60.5,72.6,9,0
"Costa Rica",2140,"2018",1055,"85-89",78,75.5,80,96,2.5,0
"Costa Rica",2140,"2018",1055,"90-94",81,70.5,69.75,83.7,10.5,0
"Costa Rica",2140,"2018",1055,"95+",45,47,45.5,54.6,-2,0
"Costa Rica",2140,"2018",1058,"0-4",11,17,17,20.4,-6,0
"Costa Rica",2140,"2018",1058,"10-14",7,12.5,11.25,13.5,-5.5,0
"Costa Rica",2140,"2018",1058,"15-19",21,17.5,16.75,20.1,3.5,3.5
"Costa Rica",2140,"2018",1058,"20-24",25,21,20.75,24.9,4,4
"Costa Rica",2140,"2018",1058,"25-29",22,19.5,17.5,21,2.5,2.5
"Costa Rica",2140,"2018",1058,"30-34",22,15,16,19.2,7,7
"Costa Rica",2140,"2018",1058,"35-39",21,16,16.25,19.5,5,5
"Costa Rica",2140,"2018",1058,"40-44",18,13.5,14,16.8,4.5,4.5
"Costa Rica",2140,"2018",1058,"45-49",27,18,19.75,23.7,9,9
"Costa Rica",2140,"2018",1058,"5-9",6,6,6.25,7.5,0,0
"Costa Rica",2140,"2018",1058,"50-54",43,30.5,31.5,37.8,12.5,12.5
"Costa Rica",2140,"2018",1058,"55-59",37,35,34.75,41.7,2,0
"Costa Rica",2140,"2018",1058,"60-64",40,36.5,32.75,39.3,3.5,3.5
"Costa Rica",2140,"2018",1058,"65-69",49,41.5,40.5,48.6,7.5,7.5
"Costa Rica",2140,"2018",1058,"70-74",52,48.5,45.5,54.6,3.5,0
"Costa Rica",2140,"2018",1058,"75-79",72,73,68.75,82.5,-1,0
"Costa Rica",2140,"2018",1058,"80-84",95,90,90.5,108.6,5,0
"Costa Rica",2140,"2018",1058,"85-89",99,95.5,96.5,115.8,3.5,0
"Costa Rica",2140,"2018",1058,"90-94",44,44.5,48,57.6,-0.5,0
"Costa Rica",2140,"2018",1058,"95+",17,17,16.75,20.1,0,0
"Costa Rica",2140,"2018",1062,"0-4",0,0,0,0,0,0
"Costa Rica",2140,"2018",1062,"10-14",0,0,0,0,0,0
"Costa Rica",2140,"2018",1062,"15-19",0,0,0,0,0,0
"Costa Rica",2140,"2018",1062,"20-24",0,0,0,0,0,0
"Costa Rica",2140,"2018",1062,"25-29",0,0,0,0,0,0
"Costa Rica",2140,"2018",1062,"30-34",0,0,0,0,0,0
"Costa Rica",2140,"2018",1062,"35-39",0,0,0,0,0,0
"Costa Rica",2140,"2018",1062,"40-44",0,0,0,0,0,0
"Costa Rica",2140,"2018",1062,"45-49",0,0,0,0,0,0
"Costa Rica",2140,"2018",1062,"5-9",0,0,0,0,0,0
"Costa Rica",2140,"2018",1062,"50-54",0,0,0,0,0,0
"Costa Rica",2140,"2018",1062,"55-59",0,0.5,0.5,0.6,-0.5,0
"Costa Rica",2140,"2018",1062,"60-64",1,0.5,0.5,0.6,0.5,0.5
"Costa Rica",2140,"2018",1062,"65-69",0,0,0,0,0,0
"Costa Rica",2140,"2018",1062,"70-74",0,0,0,0,0,0
"Costa Rica",2140,"2018",1062,"75-79",0,0,0,0,0,0
"Costa Rica",2140,"2018",1062,"80-84",0,0,0,0,0,0
"Costa Rica",2140,"2018",1062,"85-89",0,0,0,0,0,0
"Costa Rica",2140,"2018",1062,"90-94",0,0,0,0,0,0
"Costa Rica",2140,"2018",1062,"95+",0,0,0,0,0,0
"Costa Rica",2140,"2018",1064,"0-4",8,9,10,12,-1,0
"Costa Rica",2140,"2018",1064,"10-14",4,3.5,3.5,4.2,0.5,0
"Costa Rica",2140,"2018",1064,"15-19",8,6,6.25,7.5,2,2
"Costa Rica",2140,"2018",1064,"20-24",10,13,13.5,16.2,-3,0
"Costa Rica",2140,"2018",1064,"25-29",24,25,24.5,29.4,-1,0
"Costa Rica",2140,"2018",1064,"30-34",38,35.5,35.5,42.6,2.5,0
"Costa Rica",2140,"2018",1064,"35-39",67,60.5,61,73.2,6.5,0
"Costa Rica",2140,"2018",1064,"40-44",97,83.5,84.5,101.4,13.5,0
"Costa Rica",2140,"2018",1064,"45-49",124,124,120.25,144.3,0,0
"Costa Rica",2140,"2018",1064,"5-9",0,1,1.5,1.8,-1,0
"Costa Rica",2140,"2018",1064,"50-54",235,214,213.75,256.5,21,0
"Costa Rica",2140,"2018",1064,"55-59",322,304.5,307,368.4,17.5,0
"Costa Rica",2140,"2018",1064,"60-64",455,415,417.25,500.7,40,0
"Costa Rica",2140,"2018",1064,"65-69",494,478,472.25,566.7,16,0
"Costa Rica",2140,"2018",1064,"70-74",597,584,580.25,696.3,13,0
"Costa Rica",2140,"2018",1064,"75-79",768,729,720.75,864.9,39,0
"Costa Rica",2140,"2018",1064,"80-84",927,853.5,870.5,1044.6,73.5,0
"Costa Rica",2140,"2018",1064,"85-89",992,914,925,1110,78,0
"Costa Rica",2140,"2018",1064,"90-94",748,654,666.5,799.8,94,0
"Costa Rica",2140,"2018",1064,"95+",481,418.5,428.25,513.9,62.5,0
"Costa Rica",2140,"2018",1072,"0-4",68,49.5,51.25,61.5,18.5,18.5
"Costa Rica",2140,"2018",1072,"10-14",1,1,1.75,2.1,0,0
"Costa Rica",2140,"2018",1072,"15-19",4,6,5.75,6.9,-2,0
"Costa Rica",2140,"2018",1072,"20-24",7,8.5,8.25,9.9,-1.5,0
"Costa Rica",2140,"2018",1072,"25-29",9,7.5,9,10.8,1.5,0
"Costa Rica",2140,"2018",1072,"30-34",23,19,18,21.6,4,4
"Costa Rica",2140,"2018",1072,"35-39",14,17,17.75,21.3,-3,0
"Costa Rica",2140,"2018",1072,"40-44",14,19,20.75,24.9,-5,0
"Costa Rica",2140,"2018",1072,"45-49",35,34.5,33.5,40.2,0.5,0
"Costa Rica",2140,"2018",1072,"5-9",1,1.5,1.5,1.8,-0.5,0
"Costa Rica",2140,"2018",1072,"50-54",47,44.5,45.5,54.6,2.5,0
"Costa Rica",2140,"2018",1072,"55-59",68,71,73.75,88.5,-3,0
"Costa Rica",2140,"2018",1072,"60-64",90,99,96.25,115.5,-9,0
"Costa Rica",2140,"2018",1072,"65-69",121,115,117,140.4,6,0
"Costa Rica",2140,"2018",1072,"70-74",193,157,160.5,192.6,36,36
"Costa Rica",2140,"2018",1072,"75-79",251,259.5,255.25,306.3,-8.5,0
"Costa Rica",2140,"2018",1072,"80-84",359,355.5,340,408,3.5,0
"Costa Rica",2140,"2018",1072,"85-89",411,412.5,399.75,479.7,-1.5,0
"Costa Rica",2140,"2018",1072,"90-94",340,308,309.5,371.4,32,0
"Costa Rica",2140,"2018",1072,"95+",203,190,189.25,227.1,13,0
"Costa Rica",2140,"2018",1078,"0-4",3,3,3,3.6,0,0
"Costa Rica",2140,"2018",1078,"10-14",3,2,2,2.4,1,1
"Costa Rica",2140,"2018",1078,"15-19",5,5,4.75,5.7,0,0
"Costa Rica",2140,"2018",1078,"20-24",6,6,5.75,6.9,0,0
"Costa Rica",2140,"2018",1078,"25-29",16,10.5,10.5,12.6,5.5,5.5
"Costa Rica",2140,"2018",1078,"30-34",18,19.5,21.25,25.5,-1.5,0
"Costa Rica",2140,"2018",1078,"35-39",31,32.5,34.25,41.1,-1.5,0
"Costa Rica",2140,"2018",1078,"40-44",47,48.5,50.25,60.3,-1.5,0
"Costa Rica",2140,"2018",1078,"45-49",73,73,72,86.4,0,0
"Costa Rica",2140,"2018",1078,"5-9",1,0,0.25,0.3,1,1
"Costa Rica",2140,"2018",1078,"50-54",120,109,110,132,11,0
"Costa Rica",2140,"2018",1078,"55-59",150,151.5,152.5,183,-1.5,0
"Costa Rica",2140,"2018",1078,"60-64",187,176.5,175.25,210.3,10.5,0
"Costa Rica",2140,"2018",1078,"65-69",202,175.5,174,208.8,26.5,0
"Costa Rica",2140,"2018",1078,"70-74",191,185,179,214.8,6,0
"Costa Rica",2140,"2018",1078,"75-79",211,191.5,193.5,232.2,19.5,0
"Costa Rica",2140,"2018",1078,"80-84",212,176,181.75,218.1,36,0
"Costa Rica",2140,"2018",1078,"85-89",177,161.5,164.75,197.7,15.5,0
"Costa Rica",2140,"2018",1078,"90-94",115,108,108,129.6,7,0
"Costa Rica",2140,"2018",1078,"95+",41,43,44.75,53.7,-2,0
"Costa Rica",2140,"2018",1082,"0-4",0,0,0.25,0.3,0,0
"Costa Rica",2140,"2018",1082,"10-14",0,0,0,0,0,0
"Costa Rica",2140,"2018",1082,"15-19",0,0,0,0,0,0
"Costa Rica",2140,"2018",1082,"20-24",1,0.5,0.5,0.6,0.5,0.5
"Costa Rica",2140,"2018",1082,"25-29",0,0,0,0,0,0
"Costa Rica",2140,"2018",1082,"30-34",0,0,0.25,0.3,0,0
"Costa Rica",2140,"2018",1082,"35-39",1,1.5,1.25,1.5,-0.5,0
"Costa Rica",2140,"2018",1082,"40-44",3,2,2,2.4,1,1
"Costa Rica",2140,"2018",1082,"45-49",1,1.5,1.25,1.5,-0.5,0
"Costa Rica",2140,"2018",1082,"5-9",0,0,0,0,0,0
"Costa Rica",2140,"2018",1082,"50-54",6,3,3.25,3.9,3,3
"Costa Rica",2140,"2018",1082,"55-59",6,5,4.75,5.7,1,1
"Costa Rica",2140,"2018",1082,"60-64",14,4,6.5,7.8,10,10
"Costa Rica",2140,"2018",1082,"65-69",12,5.5,6.5,7.8,6.5,6.5
"Costa Rica",2140,"2018",1082,"70-74",14,7.5,8,9.6,6.5,6.5
"Costa Rica",2140,"2018",1082,"75-79",15,11,10.75,12.9,4,4
"Costa Rica",2140,"2018",1082,"80-84",20,14.5,15,18,5.5,5.5
"Costa Rica",2140,"2018",1082,"85-89",15,13.5,12,14.4,1.5,1.5
"Costa Rica",2140,"2018",1082,"90-94",21,16.5,16.75,20.1,4.5,4.5
"Costa Rica",2140,"2018",1082,"95+",6,9.5,9.5,11.4,-3.5,0
"Costa Rica",2140,"2018",1083,"0-4",1,1,1,1.2,0,0
"Costa Rica",2140,"2018",1083,"10-14",1,0,0.25,0.3,1,1
"Costa Rica",2140,"2018",1083,"15-19",1,1.5,2,2.4,-0.5,0
"Costa Rica",2140,"2018",1083,"20-24",4,4,3.5,4.2,0,0
"Costa Rica",2140,"2018",1083,"25-29",5,4.5,4.75,5.7,0.5,0
"Costa Rica",2140,"2018",1083,"30-34",5,4.5,5,6,0.5,0
"Costa Rica",2140,"2018",1083,"35-39",5,7.5,7.25,8.7,-2.5,0
"Costa Rica",2140,"2018",1083,"40-44",5,6,6,7.2,-1,0
"Costa Rica",2140,"2018",1083,"45-49",5,11,11,13.2,-6,0
"Costa Rica",2140,"2018",1083,"5-9",1,0.5,0.5,0.6,0.5,0.5
"Costa Rica",2140,"2018",1083,"50-54",15,14,13.25,15.9,1,0
"Costa Rica",2140,"2018",1083,"55-59",11,18,17,20.4,-7,0
"Costa Rica",2140,"2018",1083,"60-64",12,17.5,16.75,20.1,-5.5,0
"Costa Rica",2140,"2018",1083,"65-69",18,17.5,19,22.8,0.5,0
"Costa Rica",2140,"2018",1083,"70-74",13,21,21,25.2,-8,0
"Costa Rica",2140,"2018",1083,"75-79",14,24,23.75,28.5,-10,0
"Costa Rica",2140,"2018",1083,"80-84",20,19,19.75,23.7,1,0
"Costa Rica",2140,"2018",1083,"85-89",9,16.5,17,20.4,-7.5,0
"Costa Rica",2140,"2018",1083,"90-94",10,11.5,11.75,14.1,-1.5,0
"Costa Rica",2140,"2018",1083,"95+",4,9.5,9.25,11.1,-5.5,0
"Costa Rica",2140,"2018",1084,"0-4",0,0.5,1.25,1.5,-0.5,0
"Costa Rica",2140,"2018",1084,"10-14",2,1.5,1.5,1.8,0.5,0.5
"Costa Rica",2140,"2018",1084,"15-19",1,1,1.5,1.8,0,0
"Costa Rica",2140,"2018",1084,"20-24",6,5.5,6,7.2,0.5,0
"Costa Rica",2140,"2018",1084,"25-29",4,3.5,4.75,5.7,0.5,0
"Costa Rica",2140,"2018",1084,"30-34",13,11.5,11,13.2,1.5,0
"Costa Rica",2140,"2018",1084,"35-39",15,11.5,11.75,14.1,3.5,3.5
"Costa Rica",2140,"2018",1084,"40-44",23,12.5,14.25,17.1,10.5,10.5
"Costa Rica",2140,"2018",1084,"45-49",27,24,23.5,28.2,3,0
"Costa Rica",2140,"2018",1084,"5-9",1,0.5,0.5,0.6,0.5,0.5
"Costa Rica",2140,"2018",1084,"50-54",39,31.5,31.25,37.5,7.5,7.5
"Costa Rica",2140,"2018",1084,"55-59",52,41,42,50.4,11,11
"Costa Rica",2140,"2018",1084,"60-64",72,60,58.75,70.5,12,12
"Costa Rica",2140,"2018",1084,"65-69",77,73,70,84,4,0
"Costa Rica",2140,"2018",1084,"70-74",70,68.5,71.75,86.1,1.5,0
"Costa Rica",2140,"2018",1084,"75-79",83,94,92.75,111.3,-11,0
"Costa Rica",2140,"2018",1084,"80-84",114,112.5,108,129.6,1.5,0
"Costa Rica",2140,"2018",1084,"85-89",107,117,118.75,142.5,-10,0
"Costa Rica",2140,"2018",1084,"90-94",88,82.5,80.25,96.3,5.5,0
"Costa Rica",2140,"2018",1084,"95+",56,52.5,52,62.4,3.5,0
"Costa Rica",2140,"2018",1087,"0-4",0,0,0,0,0,0
"Costa Rica",2140,"2018",1087,"10-14",0,0,0.25,0.3,0,0
"Costa Rica",2140,"2018",1087,"15-19",1,1,1.25,1.5,0,0
"Costa Rica",2140,"2018",1087,"20-24",1,1.5,2.5,3,-0.5,0
"Costa Rica",2140,"2018",1087,"25-29",3,4,4,4.8,-1,0
"Costa Rica",2140,"2018",1087,"30-34",0,5,4,4.8,-5,0
"Costa Rica",2140,"2018",1087,"35-39",3,2,2.25,2.7,1,1
"Costa Rica",2140,"2018",1087,"40-44",1,1.5,1.75,2.1,-0.5,0
"Costa Rica",2140,"2018",1087,"45-49",0,0,0,0,0,0
"Costa Rica",2140,"2018",1087,"5-9",0,0,0,0,0,0
"Costa Rica",2140,"2018",1087,"50-54",0,0,0,0,0,0
"Costa Rica",2140,"2018",1087,"55-59",0,0,0,0,0,0
"Costa Rica",2140,"2018",1087,"60-64",0,0,0,0,0,0
"Costa Rica",2140,"2018",1087,"65-69",0,0,0,0,0,0
"Costa Rica",2140,"2018",1087,"70-74",0,0,0,0,0,0
"Costa Rica",2140,"2018",1087,"75-79",0,0,0,0,0,0
"Costa Rica",2140,"2018",1087,"80-84",0,0,0,0,0,0
"Costa Rica",2140,"2018",1087,"85-89",0,0,0,0,0,0
"Costa Rica",2140,"2018",1087,"90-94",0,0,0,0,0,0
"Costa Rica",2140,"2018",1087,"95+",0,0,0,0,0,0
"Costa Rica",2140,"2018",1092,"0-4",273,270.5,272.25,326.7,2.5,0
"Costa Rica",2140,"2018",1092,"10-14",0,0,0,0,0,0
"Costa Rica",2140,"2018",1092,"15-19",0,0,0,0,0,0
"Costa Rica",2140,"2018",1092,"20-24",0,0,0,0,0,0
"Costa Rica",2140,"2018",1092,"25-29",0,0,0,0,0,0
"Costa Rica",2140,"2018",1092,"30-34",0,0,0,0,0,0
"Costa Rica",2140,"2018",1092,"35-39",0,0,0,0,0,0
"Costa Rica",2140,"2018",1092,"40-44",0,0,0,0,0,0
"Costa Rica",2140,"2018",1092,"45-49",0,0,0,0,0,0
"Costa Rica",2140,"2018",1092,"5-9",0,0,0,0,0,0
"Costa Rica",2140,"2018",1092,"50-54",0,0,0,0,0,0
"Costa Rica",2140,"2018",1092,"55-59",0,0,0,0,0,0
"Costa Rica",2140,"2018",1092,"60-64",0,0,0,0,0,0
"Costa Rica",2140,"2018",1092,"65-69",0,0,0,0,0,0
"Costa Rica",2140,"2018",1092,"70-74",0,0,0,0,0,0
"Costa Rica",2140,"2018",1092,"75-79",0,0,0,0,0,0
"Costa Rica",2140,"2018",1092,"80-84",0,0,0,0,0,0
"Costa Rica",2140,"2018",1092,"85-89",0,0,0,0,0,0
"Costa Rica",2140,"2018",1092,"90-94",0,0,0,0,0,0
"Costa Rica",2140,"2018",1092,"95+",0,0,0,0,0,0
"Costa Rica",2140,"2018",1093,"0-4",217,212.5,210,252,4.5,0
"Costa Rica",2140,"2018",1093,"10-14",2,3.5,3.5,4.2,-1.5,0
"Costa Rica",2140,"2018",1093,"15-19",5,5.5,6.25,7.5,-0.5,0
"Costa Rica",2140,"2018",1093,"20-24",6,5.5,5.25,6.3,0.5,0
"Costa Rica",2140,"2018",1093,"25-29",6,3,3.75,4.5,3,3
"Costa Rica",2140,"2018",1093,"30-34",2,2,2,2.4,0,0
"Costa Rica",2140,"2018",1093,"35-39",2,1.5,1.75,2.1,0.5,0
"Costa Rica",2140,"2018",1093,"40-44",0,0,0.75,0.9,0,0
"Costa Rica",2140,"2018",1093,"45-49",2,1,1,1.2,1,1
"Costa Rica",2140,"2018",1093,"5-9",8,6.5,6.5,7.8,1.5,1.5
"Costa Rica",2140,"2018",1093,"50-54",1,0,0.25,0.3,1,1
"Costa Rica",2140,"2018",1093,"55-59",1,1,0.75,0.9,0,0
"Costa Rica",2140,"2018",1093,"60-64",1,0.5,0.5,0.6,0.5,0.5
"Costa Rica",2140,"2018",1093,"65-69",0,0,0,0,0,0
"Costa Rica",2140,"2018",1093,"70-74",1,0.5,0.5,0.6,0.5,0.5
"Costa Rica",2140,"2018",1093,"75-79",0,0,0,0,0,0
"Costa Rica",2140,"2018",1093,"80-84",0,0,0,0,0,0
"Costa Rica",2140,"2018",1093,"85-89",0,0,0,0,0,0
"Costa Rica",2140,"2018",1093,"90-94",0,0,0,0,0,0
"Costa Rica",2140,"2018",1093,"95+",0,0,0,0,0,0
"Costa Rica",2140,"2018",1094,"0-4",3,7,13.75,16.5,-4,0
"Costa Rica",2140,"2018",1094,"10-14",1,1.5,2.25,2.7,-0.5,0
"Costa Rica",2140,"2018",1094,"15-19",1,5.5,7.25,8.7,-4.5,0
"Costa Rica",2140,"2018",1094,"20-24",2,6.5,14.75,17.7,-4.5,0
"Costa Rica",2140,"2018",1094,"25-29",5,7,15.75,18.9,-2,0
"Costa Rica",2140,"2018",1094,"30-34",4,7.5,15.75,18.9,-3.5,0
"Costa Rica",2140,"2018",1094,"35-39",8,8.5,16,19.2,-0.5,0
"Costa Rica",2140,"2018",1094,"40-44",5,9.5,14.75,17.7,-4.5,0
"Costa Rica",2140,"2018",1094,"45-49",8,11,18.5,22.2,-3,0
"Costa Rica",2140,"2018",1094,"5-9",0,0.5,1,1.2,-0.5,0
"Costa Rica",2140,"2018",1094,"50-54",12,12.5,21,25.2,-0.5,0
"Costa Rica",2140,"2018",1094,"55-59",8,20.5,25.25,30.3,-12.5,0
"Costa Rica",2140,"2018",1094,"60-64",8,27.5,28.75,34.5,-19.5,0
"Costa Rica",2140,"2018",1094,"65-69",7,26,26.5,31.8,-19,0
"Costa Rica",2140,"2018",1094,"70-74",13,29.5,30,36,-16.5,0
"Costa Rica",2140,"2018",1094,"75-79",7,25.5,26.25,31.5,-18.5,0
"Costa Rica",2140,"2018",1094,"80-84",9,30,30.25,36.3,-21,0
"Costa Rica",2140,"2018",1094,"85-89",12,36,36.75,44.1,-24,0
"Costa Rica",2140,"2018",1094,"90-94",16,30.5,30.75,36.9,-14.5,0
"Costa Rica",2140,"2018",1094,"95+",24,40.5,37,44.4,-16.5,0
"Costa Rica",2140,"2018",1096,"0-4",6,6.5,6.5,7.8,-0.5,0
"Costa Rica",2140,"2018",1096,"10-14",9,7.5,7.25,8.7,1.5,1.5
"Costa Rica",2140,"2018",1096,"15-19",60,56,53.5,64.2,4,0
"Costa Rica",2140,"2018",1096,"20-24",109,111.5,117.25,140.7,-2.5,0
"Costa Rica",2140,"2018",1096,"25-29",113,113.5,112.25,134.7,-0.5,0
"Costa Rica",2140,"2018",1096,"30-34",81,89.5,92.25,110.7,-8.5,0
"Costa Rica",2140,"2018",1096,"35-39",66,69.5,70.5,84.6,-3.5,0
"Costa Rica",2140,"2018",1096,"40-44",70,62.5,63,75.6,7.5,0
"Costa Rica",2140,"2018",1096,"45-49",67,55.5,57.25,68.7,11.5,0
"Costa Rica",2140,"2018",1096,"5-9",5,6.5,6.75,8.1,-1.5,0
"Costa Rica",2140,"2018",1096,"50-54",43,63,59.25,71.1,-20,0
"Costa Rica",2140,"2018",1096,"55-59",55,48.5,48.75,58.5,6.5,0
"Costa Rica",2140,"2018",1096,"60-64",42,39.5,37.5,45,2.5,0
"Costa Rica",2140,"2018",1096,"65-69",32,30,30.5,36.6,2,0
"Costa Rica",2140,"2018",1096,"70-74",27,24.5,25,30,2.5,0
"Costa Rica",2140,"2018",1096,"75-79",18,17.5,18.5,22.2,0.5,0
"Costa Rica",2140,"2018",1096,"80-84",12,13.5,13.5,16.2,-1.5,0
"Costa Rica",2140,"2018",1096,"85-89",2,6.5,6,7.2,-4.5,0
"Costa Rica",2140,"2018",1096,"90-94",4,2.5,2.25,2.7,1.5,1.5
"Costa Rica",2140,"2018",1096,"95+",1,1,0.75,0.9,0,0
"Costa Rica",2140,"2018",1102,"0-4",2,3.5,3.25,3.9,-1.5,0
"Costa Rica",2140,"2018",1102,"10-14",5,5.5,4.5,5.4,-0.5,0
"Costa Rica",2140,"2018",1102,"15-19",44,41.5,44,52.8,2.5,0
"Costa Rica",2140,"2018",1102,"20-24",117,102,102,122.4,15,0
"Costa Rica",2140,"2018",1102,"25-29",110,111,110.75,132.9,-1,0
"Costa Rica",2140,"2018",1102,"30-34",84,82.5,80.75,96.9,1.5,0
"Costa Rica",2140,"2018",1102,"35-39",52,50.5,50.5,60.6,1.5,0
"Costa Rica",2140,"2018",1102,"40-44",29,39,38.5,46.2,-10,0
"Costa Rica",2140,"2018",1102,"45-49",30,29.5,29,34.8,0.5,0
"Costa Rica",2140,"2018",1102,"5-9",2,2.5,2.5,3,-0.5,0
"Costa Rica",2140,"2018",1102,"50-54",32,22.5,24.25,29.1,9.5,9.5
"Costa Rica",2140,"2018",1102,"55-59",20,15,14.75,17.7,5,5
"Costa Rica",2140,"2018",1102,"60-64",15,16,16.25,19.5,-1,0
"Costa Rica",2140,"2018",1102,"65-69",9,6,6.75,8.1,3,3
"Costa Rica",2140,"2018",1102,"70-74",14,6,7.5,9,8,8
"Costa Rica",2140,"2018",1102,"75-79",2,3,3,3.6,-1,0
"Costa Rica",2140,"2018",1102,"80-84",0,0.5,1,1.2,-0.5,0
"Costa Rica",2140,"2018",1102,"85-89",3,2.5,2.25,2.7,0.5,0.5
"Costa Rica",2140,"2018",1102,"90-94",0,0,0,0,0,0
"Costa Rica",2140,"2018",1102,"95+",0,0,0,0,0,0
"El Salvador",2190,"2015",1001,"0-4",111,76.5,79.75,95.7,34.5,34.5
"El Salvador",2190,"2015",1001,"10-14",16,11,12,14.4,5,5
"El Salvador",2190,"2015",1001,"15-19",24,19,19,22.8,5,5
"El Salvador",2190,"2015",1001,"20-24",41,39,38.25,45.9,2,0
"El Salvador",2190,"2015",1001,"25-29",43,45.5,46.25,55.5,-2.5,0
"El Salvador",2190,"2015",1001,"30-34",61,58,53.75,64.5,3,0
"El Salvador",2190,"2015",1001,"35-39",68,70.5,70.25,84.3,-2.5,0
"El Salvador",2190,"2015",1001,"40-44",91,72.5,74.75,89.7,18.5,18.5
"El Salvador",2190,"2015",1001,"45-49",114,70.5,78.75,94.5,43.5,43.5
"El Salvador",2190,"2015",1001,"5-9",16,9,10.5,12.6,7,7
"El Salvador",2190,"2015",1001,"50-54",113,87.5,90.75,108.9,25.5,25.5
"El Salvador",2190,"2015",1001,"55-59",132,93.5,97.75,117.3,38.5,38.5
"El Salvador",2190,"2015",1001,"60-64",131,111.5,103.5,124.2,19.5,19.5
"El Salvador",2190,"2015",1001,"65-69",161,111.5,115.75,138.9,49.5,49.5
"El Salvador",2190,"2015",1001,"70-74",176,111,122.25,146.7,65,65
"El Salvador",2190,"2015",1001,"75-79",202,136,142.75,171.3,66,66
"El Salvador",2190,"2015",1001,"80-84",213,132,143.5,172.2,81,81
"El Salvador",2190,"2015",1001,"85-89",167,108.5,117.5,141,58.5,58.5
"El Salvador",2190,"2015",1001,"90-94",114,81.5,86.25,103.5,32.5,32.5
"El Salvador",2190,"2015",1001,"95+",48,33.5,36.75,44.1,14.5,14.5
"El Salvador",2190,"2015",1026,"0-4",21,21,20,24,0,0
"El Salvador",2190,"2015",1026,"10-14",34,31,29.75,35.7,3,0
"El Salvador",2190,"2015",1026,"15-19",30,37,37.75,45.3,-7,0
"El Salvador",2190,"2015",1026,"20-24",50,47,44.25,53.1,3,0
"El Salvador",2190,"2015",1026,"25-29",35,47.5,46,55.2,-12.5,0
"El Salvador",2190,"2015",1026,"30-34",53,58,59,70.8,-5,0
"El Salvador",2190,"2015",1026,"35-39",83,101,102.5,123,-18,0
"El Salvador",2190,"2015",1026,"40-44",126,134,141,169.2,-8,0
"El Salvador",2190,"2015",1026,"45-49",180,180,184.25,221.1,0,0
"El Salvador",2190,"2015",1026,"5-9",21,19.5,18.5,22.2,1.5,0
"El Salvador",2190,"2015",1026,"50-54",199,217,222.75,267.3,-18,0
"El Salvador",2190,"2015",1026,"55-59",272,296,294.75,353.7,-24,0
"El Salvador",2190,"2015",1026,"60-64",283,310.5,316.25,379.5,-27.5,0
"El Salvador",2190,"2015",1026,"65-69",326,359,355.5,426.6,-33,0
"El Salvador",2190,"2015",1026,"70-74",401,398,399,478.8,3,0
"El Salvador",2190,"2015",1026,"75-79",461,434.5,435,522,26.5,0
"El Salvador",2190,"2015",1026,"80-84",339,337.5,342.5,411,1.5,0
"El Salvador",2190,"2015",1026,"85-89",256,264,279.25,335.1,-8,0
"El Salvador",2190,"2015",1026,"90-94",126,124,124.25,149.1,2,0
"El Salvador",2190,"2015",1026,"95+",37,40.5,45.5,54.6,-3.5,0
"El Salvador",2190,"2015",1048,"0-4",16,11.5,12.25,14.7,4.5,4.5
"El Salvador",2190,"2015",1048,"10-14",4,3.5,3.25,3.9,0.5,0.5
"El Salvador",2190,"2015",1048,"15-19",6,6.5,7.25,8.7,-0.5,0
"El Salvador",2190,"2015",1048,"20-24",5,5,4.75,5.7,0,0
"El Salvador",2190,"2015",1048,"25-29",12,9.5,9,10.8,2.5,2.5
"El Salvador",2190,"2015",1048,"30-34",2,5.5,5.5,6.6,-3.5,0
"El Salvador",2190,"2015",1048,"35-39",3,4,4.5,5.4,-1,0
"El Salvador",2190,"2015",1048,"40-44",13,8.5,8.5,10.2,4.5,4.5
"El Salvador",2190,"2015",1048,"45-49",12,10,10.25,12.3,2,0
"El Salvador",2190,"2015",1048,"5-9",2,2.5,2.75,3.3,-0.5,0
"El Salvador",2190,"2015",1048,"50-54",11,8.5,8.75,10.5,2.5,2.5
"El Salvador",2190,"2015",1048,"55-59",17,14.5,14,16.8,2.5,2.5
"El Salvador",2190,"2015",1048,"60-64",17,10,10.75,12.9,7,7
"El Salvador",2190,"2015",1048,"65-69",9,9.5,9.5,11.4,-0.5,0
"El Salvador",2190,"2015",1048,"70-74",17,13,13.5,16.2,4,4
"El Salvador",2190,"2015",1048,"75-79",21,16.5,17.25,20.7,4.5,4.5
"El Salvador",2190,"2015",1048,"80-84",12,12.5,11.5,13.8,-0.5,0
"El Salvador",2190,"2015",1048,"85-89",16,12.5,12,14.4,3.5,3.5
"El Salvador",2190,"2015",1048,"90-94",5,6,6,7.2,-1,0
"El Salvador",2190,"2015",1048,"95+",3,3,2.75,3.3,0,0
"El Salvador",2190,"2015",1051,"0-4",23,19.5,21,25.2,3.5,0
"El Salvador",2190,"2015",1051,"10-14",4,5,7,8.4,-1,0
"El Salvador",2190,"2015",1051,"15-19",6,9.5,9,10.8,-3.5,0
"El Salvador",2190,"2015",1051,"20-24",11,13.5,14.75,17.7,-2.5,0
"El Salvador",2190,"2015",1051,"25-29",12,17.5,18.5,22.2,-5.5,0
"El Salvador",2190,"2015",1051,"30-34",20,26,28.75,34.5,-6,0
"El Salvador",2190,"2015",1051,"35-39",28,34,33.75,40.5,-6,0
"El Salvador",2190,"2015",1051,"40-44",42,60.5,62.75,75.3,-18.5,0
"El Salvador",2190,"2015",1051,"45-49",86,92.5,90,108,-6.5,0
"El Salvador",2190,"2015",1051,"5-9",5,5,5.75,6.9,0,0
"El Salvador",2190,"2015",1051,"50-54",108,118.5,123.5,148.2,-10.5,0
"El Salvador",2190,"2015",1051,"55-59",149,167.5,168,201.6,-18.5,0
"El Salvador",2190,"2015",1051,"60-64",167,199,197.25,236.7,-32,0
"El Salvador",2190,"2015",1051,"65-69",202,214,213,255.6,-12,0
"El Salvador",2190,"2015",1051,"70-74",233,233.5,245.5,294.6,-0.5,0
"El Salvador",2190,"2015",1051,"75-79",206,218.5,220.5,264.6,-12.5,0
"El Salvador",2190,"2015",1051,"80-84",211,213,204.25,245.1,-2,0
"El Salvador",2190,"2015",1051,"85-89",178,159.5,163.75,196.5,18.5,0
"El Salvador",2190,"2015",1051,"90-94",74,77,82,98.4,-3,0
"El Salvador",2190,"2015",1051,"95+",28,27.5,26.75,32.1,0.5,0
"El Salvador",2190,"2015",1055,"0-4",3,0,0.75,0.9,3,3
"El Salvador",2190,"2015",1055,"10-14",0,0,0.25,0.3,0,0
"El Salvador",2190,"2015",1055,"15-19",2,1.5,1.25,1.5,0.5,0.5
"El Salvador",2190,"2015",1055,"20-24",5,8,7.75,9.3,-3,0
"El Salvador",2190,"2015",1055,"25-29",28,27,27,32.4,1,0
"El Salvador",2190,"2015",1055,"30-34",53,54.5,47.75,57.3,-1.5,0
"El Salvador",2190,"2015",1055,"35-39",63,67,66,79.2,-4,0
"El Salvador",2190,"2015",1055,"40-44",85,86,85.75,102.9,-1,0
"El Salvador",2190,"2015",1055,"45-49",51,69,66.75,80.1,-18,0
"El Salvador",2190,"2015",1055,"5-9",0,0,0.25,0.3,0,0
"El Salvador",2190,"2015",1055,"50-54",48,59.5,59.5,71.4,-11.5,0
"El Salvador",2190,"2015",1055,"55-59",52,57,56.75,68.1,-5,0
"El Salvador",2190,"2015",1055,"60-64",35,43,43,51.6,-8,0
"El Salvador",2190,"2015",1055,"65-69",23,23.5,26.75,32.1,-0.5,0
"El Salvador",2190,"2015",1055,"70-74",25,26,27,32.4,-1,0
"El Salvador",2190,"2015",1055,"75-79",17,16.5,16.75,20.1,0.5,0
"El Salvador",2190,"2015",1055,"80-84",8,11,12.5,15,-3,0
"El Salvador",2190,"2015",1055,"85-89",9,9.5,8,9.6,-0.5,0
"El Salvador",2190,"2015",1055,"90-94",2,8.5,7.5,9,-6.5,0
"El Salvador",2190,"2015",1055,"95+",3,5,5,6,-2,0
"El Salvador",2190,"2015",1058,"0-4",36,25,27.5,33,11,11
"El Salvador",2190,"2015",1058,"10-14",11,11,10.75,12.9,0,0
"El Salvador",2190,"2015",1058,"15-19",15,16,15.25,18.3,-1,0
"El Salvador",2190,"2015",1058,"20-24",19,13.5,13.75,16.5,5.5,5.5
"El Salvador",2190,"2015",1058,"25-29",17,16.5,16,19.2,0.5,0
"El Salvador",2190,"2015",1058,"30-34",17,13,13,15.6,4,4
"El Salvador",2190,"2015",1058,"35-39",15,13.5,14,16.8,1.5,0
"El Salvador",2190,"2015",1058,"40-44",26,22,20,24,4,4
"El Salvador",2190,"2015",1058,"45-49",26,21.5,21.75,26.1,4.5,0
"El Salvador",2190,"2015",1058,"5-9",9,9.5,10.25,12.3,-0.5,0
"El Salvador",2190,"2015",1058,"50-54",14,21.5,21.75,26.1,-7.5,0
"El Salvador",2190,"2015",1058,"55-59",36,29,27,32.4,7,7
"El Salvador",2190,"2015",1058,"60-64",39,34.5,34.25,41.1,4.5,0
"El Salvador",2190,"2015",1058,"65-69",43,39.5,38.5,46.2,3.5,0
"El Salvador",2190,"2015",1058,"70-74",47,42,44.5,53.4,5,0
"El Salvador",2190,"2015",1058,"75-79",101,65,69.25,83.1,36,36
"El Salvador",2190,"2015",1058,"80-84",87,70,66.5,79.8,17,17
"El Salvador",2190,"2015",1058,"85-89",80,67.5,61.5,73.8,12.5,12.5
"El Salvador",2190,"2015",1058,"90-94",47,39,36.5,43.8,8,8
"El Salvador",2190,"2015",1058,"95+",16,12.5,12.25,14.7,3.5,3.5
"El Salvador",2190,"2015",1062,"0-4",0,0,0.25,0.3,0,0
"El Salvador",2190,"2015",1062,"10-14",0,0,0,0,0,0
"El Salvador",2190,"2015",1062,"15-19",0,0,0,0,0,0
"El Salvador",2190,"2015",1062,"20-24",0,0,0,0,0,0
"El Salvador",2190,"2015",1062,"25-29",0,0,0,0,0,0
"El Salvador",2190,"2015",1062,"30-34",0,0,0.25,0.3,0,0
"El Salvador",2190,"2015",1062,"35-39",0,0,0.25,0.3,0,0
"El Salvador",2190,"2015",1062,"40-44",0,0,0,0,0,0
"El Salvador",2190,"2015",1062,"45-49",0,0,0,0,0,0
"El Salvador",2190,"2015",1062,"5-9",0,0,0,0,0,0
"El Salvador",2190,"2015",1062,"50-54",0,0,0,0,0,0
"El Salvador",2190,"2015",1062,"55-59",1,0,0.25,0.3,1,1
"El Salvador",2190,"2015",1062,"60-64",0,0,0,0,0,0
"El Salvador",2190,"2015",1062,"65-69",1,1,0.75,0.9,0,0
"El Salvador",2190,"2015",1062,"70-74",0,0,0,0,0,0
"El Salvador",2190,"2015",1062,"75-79",0,0,0,0,0,0
"El Salvador",2190,"2015",1062,"80-84",0,0,0,0,0,0
"El Salvador",2190,"2015",1062,"85-89",0,0,0,0,0,0
"El Salvador",2190,"2015",1062,"90-94",0,0,0,0,0,0
"El Salvador",2190,"2015",1062,"95+",0,0,0,0,0,0
"El Salvador",2190,"2015",1063,"0-4",0,0,0,0,0,0
"El Salvador",2190,"2015",1063,"10-14",0,0,0,0,0,0
"El Salvador",2190,"2015",1063,"15-19",0,0,0,0,0,0
"El Salvador",2190,"2015",1063,"20-24",0,0,0.333333333333333,0.4,0,0
"El Salvador",2190,"2015",1063,"25-29",0,0,0,0,0,0
"El Salvador",2190,"2015",1063,"30-34",0,0,0,0,0,0
"El Salvador",2190,"2015",1063,"35-39",0,0,0,0,0,0
"El Salvador",2190,"2015",1063,"40-44",0,0,0,0,0,0
"El Salvador",2190,"2015",1063,"45-49",0,0,0.333333333333333,0.4,0,0
"El Salvador",2190,"2015",1063,"5-9",0,0,0,0,0,0
"El Salvador",2190,"2015",1063,"50-54",0,0,0,0,0,0
"El Salvador",2190,"2015",1063,"55-59",0,0,0,0,0,0
"El Salvador",2190,"2015",1063,"60-64",0,0,0,0,0,0
"El Salvador",2190,"2015",1063,"65-69",1,0,0.333333333333333,0.4,1,1
"El Salvador",2190,"2015",1063,"70-74",0,0,0,0,0,0
"El Salvador",2190,"2015",1063,"75-79",0,0,0,0,0,0
"El Salvador",2190,"2015",1063,"80-84",0,0,0,0,0,0
"El Salvador",2190,"2015",1063,"85-89",0,0,0,0,0,0
"El Salvador",2190,"2015",1063,"90-94",0,0,0,0,0,0
"El Salvador",2190,"2015",1063,"95+",0,0,0.333333333333333,0.4,0,0
"El Salvador",2190,"2015",1064,"0-4",47,52,49.25,59.1,-5,0
"El Salvador",2190,"2015",1064,"10-14",26,23,36.25,43.5,3,0
"El Salvador",2190,"2015",1064,"15-19",31,29.5,32,38.4,1.5,0
"El Salvador",2190,"2015",1064,"20-24",46,50,52,62.4,-4,0
"El Salvador",2190,"2015",1064,"25-29",70,68.5,65.5,78.6,1.5,0
"El Salvador",2190,"2015",1064,"30-34",89,77.5,79,94.8,11.5,0
"El Salvador",2190,"2015",1064,"35-39",120,129,131,157.2,-9,0
"El Salvador",2190,"2015",1064,"40-44",168,180.5,176,211.2,-12.5,0
"El Salvador",2190,"2015",1064,"45-49",227,224,227.75,273.3,3,0
"El Salvador",2190,"2015",1064,"5-9",14,12,12.25,14.7,2,0
"El Salvador",2190,"2015",1064,"50-54",304,313.5,313.75,376.5,-9.5,0
"El Salvador",2190,"2015",1064,"55-59",431,437.5,432,518.4,-6.5,0
"El Salvador",2190,"2015",1064,"60-64",520,520.5,530.5,636.6,-0.5,0
"El Salvador",2190,"2015",1064,"65-69",625,630,630.25,756.3,-5,0
"El Salvador",2190,"2015",1064,"70-74",892,836,842,1010.4,56,0
"El Salvador",2190,"2015",1064,"75-79",1161,1053,1054.5,1265.4,108,0
"El Salvador",2190,"2015",1064,"80-84",1274,1199.5,1203.25,1443.9,74.5,0
"El Salvador",2190,"2015",1064,"85-89",1316,1214,1251,1501.2,102,0
"El Salvador",2190,"2015",1064,"90-94",927,856,880,1056,71,0
"El Salvador",2190,"2015",1064,"95+",526,479,488.5,586.2,47,0
"El Salvador",2190,"2015",1072,"0-4",154,116,123.75,148.5,38,38
"El Salvador",2190,"2015",1072,"10-14",13,15.5,22.5,27,-2.5,0
"El Salvador",2190,"2015",1072,"15-19",28,32,32.25,38.7,-4,0
"El Salvador",2190,"2015",1072,"20-24",41,42,43.25,51.9,-1,0
"El Salvador",2190,"2015",1072,"25-29",45,43,42.75,51.3,2,0
"El Salvador",2190,"2015",1072,"30-34",58,50.5,50.25,60.3,7.5,0
"El Salvador",2190,"2015",1072,"35-39",45,63.5,63.75,76.5,-18.5,0
"El Salvador",2190,"2015",1072,"40-44",61,62.5,68.25,81.9,-1.5,0
"El Salvador",2190,"2015",1072,"45-49",65,91,91,109.2,-26,0
"El Salvador",2190,"2015",1072,"5-9",19,18,15.25,18.3,1,1
"El Salvador",2190,"2015",1072,"50-54",90,117.5,115.25,138.3,-27.5,0
"El Salvador",2190,"2015",1072,"55-59",109,121.5,135.75,162.9,-12.5,0
"El Salvador",2190,"2015",1072,"60-64",127,178,169,202.8,-51,0
"El Salvador",2190,"2015",1072,"65-69",213,212.5,216,259.2,0.5,0
"El Salvador",2190,"2015",1072,"70-74",266,277,277.75,333.3,-11,0
"El Salvador",2190,"2015",1072,"75-79",419,395,389.5,467.4,24,0
"El Salvador",2190,"2015",1072,"80-84",474,452,444.75,533.7,22,0
"El Salvador",2190,"2015",1072,"85-89",455,453,453.25,543.9,2,0
"El Salvador",2190,"2015",1072,"90-94",329,319.5,325.25,390.3,9.5,0
"El Salvador",2190,"2015",1072,"95+",158,161.5,164.75,197.7,-3.5,0
"El Salvador",2190,"2015",1078,"0-4",26,17.5,17.5,21,8.5,8.5
"El Salvador",2190,"2015",1078,"10-14",4,4.5,4.25,5.1,-0.5,0
"El Salvador",2190,"2015",1078,"15-19",8,9,9.25,11.1,-1,0
"El Salvador",2190,"2015",1078,"20-24",17,16.5,20,24,0.5,0
"El Salvador",2190,"2015",1078,"25-29",36,30.5,29.5,35.4,5.5,5.5
"El Salvador",2190,"2015",1078,"30-34",53,54.5,57,68.4,-1.5,0
"El Salvador",2190,"2015",1078,"35-39",102,86.5,89,106.8,15.5,0
"El Salvador",2190,"2015",1078,"40-44",115,114.5,117.75,141.3,0.5,0
"El Salvador",2190,"2015",1078,"45-49",117,128,130,156,-11,0
"El Salvador",2190,"2015",1078,"5-9",5,5,5,6,0,0
"El Salvador",2190,"2015",1078,"50-54",169,152,152.5,183,17,0
"El Salvador",2190,"2015",1078,"55-59",161,193,189.75,227.7,-32,0
"El Salvador",2190,"2015",1078,"60-64",176,189,190.75,228.9,-13,0
"El Salvador",2190,"2015",1078,"65-69",161,185,180,216,-24,0
"El Salvador",2190,"2015",1078,"70-74",178,184.5,186.25,223.5,-6.5,0
"El Salvador",2190,"2015",1078,"75-79",213,200.5,198,237.6,12.5,0
"El Salvador",2190,"2015",1078,"80-84",164,167,167.75,201.3,-3,0
"El Salvador",2190,"2015",1078,"85-89",119,129.5,132.25,158.7,-10.5,0
"El Salvador",2190,"2015",1078,"90-94",58,76.5,72.75,87.3,-18.5,0
"El Salvador",2190,"2015",1078,"95+",32,30.5,30.75,36.9,1.5,0
"El Salvador",2190,"2015",1082,"0-4",2,2,1.5,1.8,0,0
"El Salvador",2190,"2015",1082,"10-14",3,1,1.25,1.5,2,2
"El Salvador",2190,"2015",1082,"15-19",5,2.5,2.75,3.3,2.5,2.5
"El Salvador",2190,"2015",1082,"20-24",2,2,2.25,2.7,0,0
"El Salvador",2190,"2015",1082,"25-29",2,1,1,1.2,1,1
"El Salvador",2190,"2015",1082,"30-34",4,1,1.5,1.8,3,3
"El Salvador",2190,"2015",1082,"35-39",3,3.5,3.25,3.9,-0.5,0
"El Salvador",2190,"2015",1082,"40-44",2,3.5,4,4.8,-1.5,0
"El Salvador",2190,"2015",1082,"45-49",5,2,2.5,3,3,3
"El Salvador",2190,"2015",1082,"5-9",0,0,0.25,0.3,0,0
"El Salvador",2190,"2015",1082,"50-54",6,5,4.75,5.7,1,1
"El Salvador",2190,"2015",1082,"55-59",5,7,7,8.4,-2,0
"El Salvador",2190,"2015",1082,"60-64",9,7.5,6.75,8.1,1.5,1.5
"El Salvador",2190,"2015",1082,"65-69",8,9,9,10.8,-1,0
"El Salvador",2190,"2015",1082,"70-74",10,10.5,9.25,11.1,-0.5,0
"El Salvador",2190,"2015",1082,"75-79",14,12,12.5,15,2,0
"El Salvador",2190,"2015",1082,"80-84",17,16,16,19.2,1,0
"El Salvador",2190,"2015",1082,"85-89",12,13,13.25,15.9,-1,0
"El Salvador",2190,"2015",1082,"90-94",7,13,12,14.4,-6,0
"El Salvador",2190,"2015",1082,"95+",3,8,7.5,9,-5,0
"El Salvador",2190,"2015",1083,"0-4",1,0.5,0.5,0.6,0.5,0.5
"El Salvador",2190,"2015",1083,"10-14",1,1.5,1.5,1.8,-0.5,0
"El Salvador",2190,"2015",1083,"15-19",3,3,3.5,4.2,0,0
"El Salvador",2190,"2015",1083,"20-24",1,6,5.25,6.3,-5,0
"El Salvador",2190,"2015",1083,"25-29",5,5.5,5.5,6.6,-0.5,0
"El Salvador",2190,"2015",1083,"30-34",5,5.5,4.5,5.4,-0.5,0
"El Salvador",2190,"2015",1083,"35-39",4,4.5,5.25,6.3,-0.5,0
"El Salvador",2190,"2015",1083,"40-44",1,4,3.75,4.5,-3,0
"El Salvador",2190,"2015",1083,"45-49",4,8,7.5,9,-4,0
"El Salvador",2190,"2015",1083,"5-9",0,0,0.25,0.3,0,0
"El Salvador",2190,"2015",1083,"50-54",7,6.5,6,7.2,0.5,0
"El Salvador",2190,"2015",1083,"55-59",6,6.5,6.75,8.1,-0.5,0
"El Salvador",2190,"2015",1083,"60-64",8,6,6.5,7.8,2,2
"El Salvador",2190,"2015",1083,"65-69",3,8,7,8.4,-5,0
"El Salvador",2190,"2015",1083,"70-74",9,7.5,7.75,9.3,1.5,0
"El Salvador",2190,"2015",1083,"75-79",7,8,9.25,11.1,-1,0
"El Salvador",2190,"2015",1083,"80-84",8,13.5,12.75,15.3,-5.5,0
"El Salvador",2190,"2015",1083,"85-89",18,14,14,16.8,4,4
"El Salvador",2190,"2015",1083,"90-94",6,6.5,6.5,7.8,-0.5,0
"El Salvador",2190,"2015",1083,"95+",4,4,4,4.8,0,0
"El Salvador",2190,"2015",1084,"0-4",8,10.5,10.75,12.9,-2.5,0
"El Salvador",2190,"2015",1084,"10-14",8,8,9.25,11.1,0,0
"El Salvador",2190,"2015",1084,"15-19",22,17,18,21.6,5,5
"El Salvador",2190,"2015",1084,"20-24",37,38,38,45.6,-1,0
"El Salvador",2190,"2015",1084,"25-29",49,46.5,47,56.4,2.5,0
"El Salvador",2190,"2015",1084,"30-34",76,61.5,62.5,75,14.5,14.5
"El Salvador",2190,"2015",1084,"35-39",112,100.5,102.5,123,11.5,0
"El Salvador",2190,"2015",1084,"40-44",123,149,146.75,176.1,-26,0
"El Salvador",2190,"2015",1084,"45-49",159,179,176.75,212.1,-20,0
"El Salvador",2190,"2015",1084,"5-9",3,3.5,3,3.6,-0.5,0
"El Salvador",2190,"2015",1084,"50-54",221,227,224.25,269.1,-6,0
"El Salvador",2190,"2015",1084,"55-59",276,278.5,275.25,330.3,-2.5,0
"El Salvador",2190,"2015",1084,"60-64",293,315.5,318.5,382.2,-22.5,0
"El Salvador",2190,"2015",1084,"65-69",296,329,323,387.6,-33,0
"El Salvador",2190,"2015",1084,"70-74",361,319.5,328,393.6,41.5,0
"El Salvador",2190,"2015",1084,"75-79",346,338.5,334.75,401.7,7.5,0
"El Salvador",2190,"2015",1084,"80-84",276,272,273,327.6,4,0
"El Salvador",2190,"2015",1084,"85-89",225,216.5,221,265.2,8.5,0
"El Salvador",2190,"2015",1084,"90-94",117,113.5,112.75,135.3,3.5,0
"El Salvador",2190,"2015",1084,"95+",42,40.5,41,49.2,1.5,0
"El Salvador",2190,"2015",1087,"0-4",0,0,0,0,0,0
"El Salvador",2190,"2015",1087,"10-14",1,0,0.25,0.3,1,1
"El Salvador",2190,"2015",1087,"15-19",6,3.5,3.75,4.5,2.5,2.5
"El Salvador",2190,"2015",1087,"20-24",10,8,7.75,9.3,2,2
"El Salvador",2190,"2015",1087,"25-29",10,5,5.5,6.6,5,5
"El Salvador",2190,"2015",1087,"30-34",10,4,5,6,6,6
"El Salvador",2190,"2015",1087,"35-39",6,3.5,3.75,4.5,2.5,2.5
"El Salvador",2190,"2015",1087,"40-44",1,2,2.25,2.7,-1,0
"El Salvador",2190,"2015",1087,"45-49",1,0,0.25,0.3,1,1
"El Salvador",2190,"2015",1087,"5-9",0,0,0,0,0,0
"El Salvador",2190,"2015",1087,"50-54",2,0,0.5,0.6,2,2
"El Salvador",2190,"2015",1087,"55-59",0,0,0,0,0,0
"El Salvador",2190,"2015",1087,"60-64",0,0,0,0,0,0
"El Salvador",2190,"2015",1087,"65-69",0,0,0,0,0,0
"El Salvador",2190,"2015",1087,"70-74",0,0,0,0,0,0
"El Salvador",2190,"2015",1087,"75-79",0,0,0,0,0,0
"El Salvador",2190,"2015",1087,"80-84",0,0,0,0,0,0
"El Salvador",2190,"2015",1087,"85-89",0,0,0,0,0,0
"El Salvador",2190,"2015",1087,"90-94",0,0,0,0,0,0
"El Salvador",2190,"2015",1087,"95+",0,0,0,0,0,0
"El Salvador",2190,"2015",1092,"0-4",389,334,326.75,392.1,55,0
"El Salvador",2190,"2015",1092,"10-14",0,0,0,0,0,0
"El Salvador",2190,"2015",1092,"15-19",0,0,0,0,0,0
"El Salvador",2190,"2015",1092,"20-24",0,0,0,0,0,0
"El Salvador",2190,"2015",1092,"25-29",0,0,0,0,0,0
"El Salvador",2190,"2015",1092,"30-34",0,0,0,0,0,0
"El Salvador",2190,"2015",1092,"35-39",0,0,0,0,0,0
"El Salvador",2190,"2015",1092,"40-44",0,0,0,0,0,0
"El Salvador",2190,"2015",1092,"45-49",0,0,0,0,0,0
"El Salvador",2190,"2015",1092,"5-9",0,0,0,0,0,0
"El Salvador",2190,"2015",1092,"50-54",0,0,0,0,0,0
"El Salvador",2190,"2015",1092,"55-59",0,0,0,0,0,0
"El Salvador",2190,"2015",1092,"60-64",0,0,0,0,0,0
"El Salvador",2190,"2015",1092,"65-69",0,0,0,0,0,0
"El Salvador",2190,"2015",1092,"70-74",0,0,0,0,0,0
"El Salvador",2190,"2015",1092,"75-79",0,0,0,0,0,0
"El Salvador",2190,"2015",1092,"80-84",0,0,0,0,0,0
"El Salvador",2190,"2015",1092,"85-89",0,0,0,0,0,0
"El Salvador",2190,"2015",1092,"90-94",0,0,0,0,0,0
"El Salvador",2190,"2015",1092,"95+",0,0,0,0,0,0
"El Salvador",2190,"2015",1093,"0-4",171,186,184,220.8,-15,0
"El Salvador",2190,"2015",1093,"10-14",3,3.5,3.75,4.5,-0.5,0
"El Salvador",2190,"2015",1093,"15-19",9,7,7,8.4,2,2
"El Salvador",2190,"2015",1093,"20-24",5,5,5.75,6.9,0,0
"El Salvador",2190,"2015",1093,"25-29",2,2,2.75,3.3,0,0
"El Salvador",2190,"2015",1093,"30-34",3,3,3.25,3.9,0,0
"El Salvador",2190,"2015",1093,"35-39",2,2,1.5,1.8,0,0
"El Salvador",2190,"2015",1093,"40-44",1,0.5,0.5,0.6,0.5,0.5
"El Salvador",2190,"2015",1093,"45-49",0,0.5,0.5,0.6,-0.5,0
"El Salvador",2190,"2015",1093,"5-9",3,4.5,4.5,5.4,-1.5,0
"El Salvador",2190,"2015",1093,"50-54",0,0.5,0.75,0.9,-0.5,0
"El Salvador",2190,"2015",1093,"55-59",0,1,1.75,2.1,-1,0
"El Salvador",2190,"2015",1093,"60-64",1,1,1.25,1.5,0,0
"El Salvador",2190,"2015",1093,"65-69",1,1,1,1.2,0,0
"El Salvador",2190,"2015",1093,"70-74",0,1,1.5,1.8,-1,0
"El Salvador",2190,"2015",1093,"75-79",1,0.5,1.25,1.5,0.5,0
"El Salvador",2190,"2015",1093,"80-84",1,1,1.25,1.5,0,0
"El Salvador",2190,"2015",1093,"85-89",0,1.5,1.75,2.1,-1.5,0
"El Salvador",2190,"2015",1093,"90-94",1,0.5,0.75,0.9,0.5,0.5
"El Salvador",2190,"2015",1093,"95+",0,0.5,0.75,0.9,-0.5,0
"El Salvador",2190,"2015",1094,"0-4",136,103,109.5,131.4,33,33
"El Salvador",2190,"2015",1094,"10-14",26,28.5,49.5,59.4,-2.5,0
"El Salvador",2190,"2015",1094,"15-19",64,50.5,53.25,63.9,13.5,13.5
"El Salvador",2190,"2015",1094,"20-24",68,60.5,60.5,72.6,7.5,0
"El Salvador",2190,"2015",1094,"25-29",68,70.5,69.5,83.4,-2.5,0
"El Salvador",2190,"2015",1094,"30-34",84,81,83.5,100.2,3,0
"El Salvador",2190,"2015",1094,"35-39",117,120.5,123.25,147.9,-3.5,0
"El Salvador",2190,"2015",1094,"40-44",149,150,150.75,180.9,-1,0
"El Salvador",2190,"2015",1094,"45-49",149,175,175,210,-26,0
"El Salvador",2190,"2015",1094,"5-9",28,21.5,22,26.4,6.5,6.5
"El Salvador",2190,"2015",1094,"50-54",208,226,225,270,-18,0
"El Salvador",2190,"2015",1094,"55-59",248,275,276.25,331.5,-27,0
"El Salvador",2190,"2015",1094,"60-64",326,350.5,350.5,420.6,-24.5,0
"El Salvador",2190,"2015",1094,"65-69",382,432.5,425.25,510.3,-50.5,0
"El Salvador",2190,"2015",1094,"70-74",554,581,579,694.8,-27,0
"El Salvador",2190,"2015",1094,"75-79",743,729,737.5,885,14,0
"El Salvador",2190,"2015",1094,"80-84",924,924,935,1122,0,0
"El Salvador",2190,"2015",1094,"85-89",1048,1046,1034.75,1241.7,2,0
"El Salvador",2190,"2015",1094,"90-94",798,826.5,826.25,991.5,-28.5,0
"El Salvador",2190,"2015",1094,"95+",473,470.5,458.25,549.9,2.5,0
"El Salvador",2190,"2015",1096,"0-4",16,13,13.25,15.9,3,3
"El Salvador",2190,"2015",1096,"10-14",14,13,12.75,15.3,1,0
"El Salvador",2190,"2015",1096,"15-19",41,40,40,48,1,0
"El Salvador",2190,"2015",1096,"20-24",102,85,86,103.2,17,0
"El Salvador",2190,"2015",1096,"25-29",78,84.5,87,104.4,-6.5,0
"El Salvador",2190,"2015",1096,"30-34",98,80,82.25,98.7,18,0
"El Salvador",2190,"2015",1096,"35-39",89,81,82.75,99.3,8,0
"El Salvador",2190,"2015",1096,"40-44",64,63.5,64,76.8,0.5,0
"El Salvador",2190,"2015",1096,"45-49",64,61.5,61.75,74.1,2.5,0
"El Salvador",2190,"2015",1096,"5-9",12,12,10.75,12.9,0,0
"El Salvador",2190,"2015",1096,"50-54",61,57,56.75,68.1,4,0
"El Salvador",2190,"2015",1096,"55-59",50,59,57.25,68.7,-9,0
"El Salvador",2190,"2015",1096,"60-64",46,46,46.25,55.5,0,0
"El Salvador",2190,"2015",1096,"65-69",48,48.5,50.5,60.6,-0.5,0
"El Salvador",2190,"2015",1096,"70-74",46,42,42,50.4,4,0
"El Salvador",2190,"2015",1096,"75-79",37,43.5,42.5,51,-6.5,0
"El Salvador",2190,"2015",1096,"80-84",36,33,33.75,40.5,3,0
"El Salvador",2190,"2015",1096,"85-89",21,22,21,25.2,-1,0
"El Salvador",2190,"2015",1096,"90-94",10,9,9.25,11.1,1,0
"El Salvador",2190,"2015",1096,"95+",1,4,4.75,5.7,-3,0
"El Salvador",2190,"2015",1102,"0-4",2,4,5.5,6.6,-2,0
"El Salvador",2190,"2015",1102,"10-14",73,58,53.5,64.2,15,15
"El Salvador",2190,"2015",1102,"15-19",857,654,620.75,744.9,203,203
"El Salvador",2190,"2015",1102,"20-24",1022,706,738.75,886.5,316,316
"El Salvador",2190,"2015",1102,"25-29",769,488.5,528.25,633.9,280.5,280.5
"El Salvador",2190,"2015",1102,"30-34",704,409,444.5,533.4,295,295
"El Salvador",2190,"2015",1102,"35-39",674,382.5,423.5,508.2,291.5,291.5
"El Salvador",2190,"2015",1102,"40-44",441,327.5,334,400.8,113.5,113.5
"El Salvador",2190,"2015",1102,"45-49",305,231,230.5,276.6,74,74
"El Salvador",2190,"2015",1102,"5-9",5,3.5,3.25,3.9,1.5,1.5
"El Salvador",2190,"2015",1102,"50-54",187,149,148,177.6,38,38
"El Salvador",2190,"2015",1102,"55-59",143,97,104.25,125.1,46,46
"El Salvador",2190,"2015",1102,"60-64",91,82,79,94.8,9,0
"El Salvador",2190,"2015",1102,"65-69",71,60,58,69.6,11,11
"El Salvador",2190,"2015",1102,"70-74",58,35.5,39.5,47.4,22.5,22.5
"El Salvador",2190,"2015",1102,"75-79",28,29,30,36,-1,0
"El Salvador",2190,"2015",1102,"80-84",14,18,17.75,21.3,-4,0
"El Salvador",2190,"2015",1102,"85-89",6,10.5,11,13.2,-4.5,0
"El Salvador",2190,"2015",1102,"90-94",7,6.5,6.25,7.5,0.5,0
"El Salvador",2190,"2015",1102,"95+",4,5.5,5.75,6.9,-1.5,0
"El Salvador",2190,"2016",1001,"0-4",82,76.5,79.75,95.7,5.5,0
"El Salvador",2190,"2016",1001,"10-14",10,11,12,14.4,-1,0
"El Salvador",2190,"2016",1001,"15-19",13,19,19,22.8,-6,0
"El Salvador",2190,"2016",1001,"20-24",30,39,38.25,45.9,-9,0
"El Salvador",2190,"2016",1001,"25-29",43,45.5,46.25,55.5,-2.5,0
"El Salvador",2190,"2016",1001,"30-34",61,58,53.75,64.5,3,0
"El Salvador",2190,"2016",1001,"35-39",73,70.5,70.25,84.3,2.5,0
"El Salvador",2190,"2016",1001,"40-44",71,72.5,74.75,89.7,-1.5,0
"El Salvador",2190,"2016",1001,"45-49",79,70.5,78.75,94.5,8.5,0
"El Salvador",2190,"2016",1001,"5-9",8,9,10.5,12.6,-1,0
"El Salvador",2190,"2016",1001,"50-54",90,87.5,90.75,108.9,2.5,0
"El Salvador",2190,"2016",1001,"55-59",95,93.5,97.75,117.3,1.5,0
"El Salvador",2190,"2016",1001,"60-64",98,111.5,103.5,124.2,-13.5,0
"El Salvador",2190,"2016",1001,"65-69",113,111.5,115.75,138.9,1.5,0
"El Salvador",2190,"2016",1001,"70-74",104,111,122.25,146.7,-7,0
"El Salvador",2190,"2016",1001,"75-79",131,136,142.75,171.3,-5,0
"El Salvador",2190,"2016",1001,"80-84",132,132,143.5,172.2,0,0
"El Salvador",2190,"2016",1001,"85-89",111,108.5,117.5,141,2.5,0
"El Salvador",2190,"2016",1001,"90-94",86,81.5,86.25,103.5,4.5,0
"El Salvador",2190,"2016",1001,"95+",34,33.5,36.75,44.1,0.5,0
"El Salvador",2190,"2016",1026,"0-4",21,21,20,24,0,0
"El Salvador",2190,"2016",1026,"10-14",28,31,29.75,35.7,-3,0
"El Salvador",2190,"2016",1026,"15-19",47,37,37.75,45.3,10,10
"El Salvador",2190,"2016",1026,"20-24",44,47,44.25,53.1,-3,0
"El Salvador",2190,"2016",1026,"25-29",50,47.5,46,55.2,2.5,0
"El Salvador",2190,"2016",1026,"30-34",71,58,59,70.8,13,13
"El Salvador",2190,"2016",1026,"35-39",125,101,102.5,123,24,24
"El Salvador",2190,"2016",1026,"40-44",132,134,141,169.2,-2,0
"El Salvador",2190,"2016",1026,"45-49",206,180,184.25,221.1,26,0
"El Salvador",2190,"2016",1026,"5-9",19,19.5,18.5,22.2,-0.5,0
"El Salvador",2190,"2016",1026,"50-54",221,217,222.75,267.3,4,0
"El Salvador",2190,"2016",1026,"55-59",311,296,294.75,353.7,15,0
"El Salvador",2190,"2016",1026,"60-64",309,310.5,316.25,379.5,-1.5,0
"El Salvador",2190,"2016",1026,"65-69",378,359,355.5,426.6,19,0
"El Salvador",2190,"2016",1026,"70-74",395,398,399,478.8,-3,0
"El Salvador",2190,"2016",1026,"75-79",450,434.5,435,522,15.5,0
"El Salvador",2190,"2016",1026,"80-84",367,337.5,342.5,411,29.5,0
"El Salvador",2190,"2016",1026,"85-89",266,264,279.25,335.1,2,0
"El Salvador",2190,"2016",1026,"90-94",113,124,124.25,149.1,-11,0
"El Salvador",2190,"2016",1026,"95+",43,40.5,45.5,54.6,2.5,0
"El Salvador",2190,"2016",1048,"0-4",12,11.5,12.25,14.7,0.5,0
"El Salvador",2190,"2016",1048,"10-14",3,3.5,3.25,3.9,-0.5,0
"El Salvador",2190,"2016",1048,"15-19",7,6.5,7.25,8.7,0.5,0
"El Salvador",2190,"2016",1048,"20-24",5,5,4.75,5.7,0,0
"El Salvador",2190,"2016",1048,"25-29",5,9.5,9,10.8,-4.5,0
"El Salvador",2190,"2016",1048,"30-34",9,5.5,5.5,6.6,3.5,3.5
"El Salvador",2190,"2016",1048,"35-39",4,4,4.5,5.4,0,0
"El Salvador",2190,"2016",1048,"40-44",4,8.5,8.5,10.2,-4.5,0
"El Salvador",2190,"2016",1048,"45-49",11,10,10.25,12.3,1,0
"El Salvador",2190,"2016",1048,"5-9",4,2.5,2.75,3.3,1.5,1.5
"El Salvador",2190,"2016",1048,"50-54",9,8.5,8.75,10.5,0.5,0
"El Salvador",2190,"2016",1048,"55-59",10,14.5,14,16.8,-4.5,0
"El Salvador",2190,"2016",1048,"60-64",9,10,10.75,12.9,-1,0
"El Salvador",2190,"2016",1048,"65-69",8,9.5,9.5,11.4,-1.5,0
"El Salvador",2190,"2016",1048,"70-74",11,13,13.5,16.2,-2,0
"El Salvador",2190,"2016",1048,"75-79",17,16.5,17.25,20.7,0.5,0
"El Salvador",2190,"2016",1048,"80-84",13,12.5,11.5,13.8,0.5,0
"El Salvador",2190,"2016",1048,"85-89",12,12.5,12,14.4,-0.5,0
"El Salvador",2190,"2016",1048,"90-94",4,6,6,7.2,-2,0
"El Salvador",2190,"2016",1048,"95+",3,3,2.75,3.3,0,0
"El Salvador",2190,"2016",1051,"0-4",16,19.5,21,25.2,-3.5,0
"El Salvador",2190,"2016",1051,"10-14",6,5,7,8.4,1,0
"El Salvador",2190,"2016",1051,"15-19",9,9.5,9,10.8,-0.5,0
"El Salvador",2190,"2016",1051,"20-24",11,13.5,14.75,17.7,-2.5,0
"El Salvador",2190,"2016",1051,"25-29",13,17.5,18.5,22.2,-4.5,0
"El Salvador",2190,"2016",1051,"30-34",22,26,28.75,34.5,-4,0
"El Salvador",2190,"2016",1051,"35-39",25,34,33.75,40.5,-9,0
"El Salvador",2190,"2016",1051,"40-44",65,60.5,62.75,75.3,4.5,0
"El Salvador",2190,"2016",1051,"45-49",75,92.5,90,108,-17.5,0
"El Salvador",2190,"2016",1051,"5-9",5,5,5.75,6.9,0,0
"El Salvador",2190,"2016",1051,"50-54",112,118.5,123.5,148.2,-6.5,0
"El Salvador",2190,"2016",1051,"55-59",163,167.5,168,201.6,-4.5,0
"El Salvador",2190,"2016",1051,"60-64",176,199,197.25,236.7,-23,0
"El Salvador",2190,"2016",1051,"65-69",208,214,213,255.6,-6,0
"El Salvador",2190,"2016",1051,"70-74",233,233.5,245.5,294.6,-0.5,0
"El Salvador",2190,"2016",1051,"75-79",210,218.5,220.5,264.6,-8.5,0
"El Salvador",2190,"2016",1051,"80-84",164,213,204.25,245.1,-49,0
"El Salvador",2190,"2016",1051,"85-89",158,159.5,163.75,196.5,-1.5,0
"El Salvador",2190,"2016",1051,"90-94",65,77,82,98.4,-12,0
"El Salvador",2190,"2016",1051,"95+",28,27.5,26.75,32.1,0.5,0
"El Salvador",2190,"2016",1055,"0-4",0,0,0.75,0.9,0,0
"El Salvador",2190,"2016",1055,"10-14",0,0,0.25,0.3,0,0
"El Salvador",2190,"2016",1055,"15-19",2,1.5,1.25,1.5,0.5,0.5
"El Salvador",2190,"2016",1055,"20-24",9,8,7.75,9.3,1,0
"El Salvador",2190,"2016",1055,"25-29",26,27,27,32.4,-1,0
"El Salvador",2190,"2016",1055,"30-34",58,54.5,47.75,57.3,3.5,3.5
"El Salvador",2190,"2016",1055,"35-39",81,67,66,79.2,14,14
"El Salvador",2190,"2016",1055,"40-44",87,86,85.75,102.9,1,0
"El Salvador",2190,"2016",1055,"45-49",73,69,66.75,80.1,4,0
"El Salvador",2190,"2016",1055,"5-9",0,0,0.25,0.3,0,0
"El Salvador",2190,"2016",1055,"50-54",71,59.5,59.5,71.4,11.5,0
"El Salvador",2190,"2016",1055,"55-59",61,57,56.75,68.1,4,0
"El Salvador",2190,"2016",1055,"60-64",49,43,43,51.6,6,0
"El Salvador",2190,"2016",1055,"65-69",23,23.5,26.75,32.1,-0.5,0
"El Salvador",2190,"2016",1055,"70-74",27,26,27,32.4,1,0
"El Salvador",2190,"2016",1055,"75-79",15,16.5,16.75,20.1,-1.5,0
"El Salvador",2190,"2016",1055,"80-84",10,11,12.5,15,-1,0
"El Salvador",2190,"2016",1055,"85-89",3,9.5,8,9.6,-6.5,0
"El Salvador",2190,"2016",1055,"90-94",7,8.5,7.5,9,-1.5,0
"El Salvador",2190,"2016",1055,"95+",7,5,5,6,2,2
"El Salvador",2190,"2016",1058,"0-4",25,25,27.5,33,0,0
"El Salvador",2190,"2016",1058,"10-14",14,11,10.75,12.9,3,3
"El Salvador",2190,"2016",1058,"15-19",17,16,15.25,18.3,1,0
"El Salvador",2190,"2016",1058,"20-24",15,13.5,13.75,16.5,1.5,0
"El Salvador",2190,"2016",1058,"25-29",16,16.5,16,19.2,-0.5,0
"El Salvador",2190,"2016",1058,"30-34",9,13,13,15.6,-4,0
"El Salvador",2190,"2016",1058,"35-39",10,13.5,14,16.8,-3.5,0
"El Salvador",2190,"2016",1058,"40-44",10,22,20,24,-12,0
"El Salvador",2190,"2016",1058,"45-49",20,21.5,21.75,26.1,-1.5,0
"El Salvador",2190,"2016",1058,"5-9",14,9.5,10.25,12.3,4.5,4.5
"El Salvador",2190,"2016",1058,"50-54",30,21.5,21.75,26.1,8.5,8.5
"El Salvador",2190,"2016",1058,"55-59",27,29,27,32.4,-2,0
"El Salvador",2190,"2016",1058,"60-64",40,34.5,34.25,41.1,5.5,0
"El Salvador",2190,"2016",1058,"65-69",30,39.5,38.5,46.2,-9.5,0
"El Salvador",2190,"2016",1058,"70-74",61,42,44.5,53.4,19,19
"El Salvador",2190,"2016",1058,"75-79",78,65,69.25,83.1,13,0
"El Salvador",2190,"2016",1058,"80-84",72,70,66.5,79.8,2,0
"El Salvador",2190,"2016",1058,"85-89",73,67.5,61.5,73.8,5.5,0
"El Salvador",2190,"2016",1058,"90-94",47,39,36.5,43.8,8,8
"El Salvador",2190,"2016",1058,"95+",11,12.5,12.25,14.7,-1.5,0
"El Salvador",2190,"2016",1062,"0-4",0,0,0.25,0.3,0,0
"El Salvador",2190,"2016",1062,"10-14",0,0,0,0,0,0
"El Salvador",2190,"2016",1062,"15-19",0,0,0,0,0,0
"El Salvador",2190,"2016",1062,"20-24",0,0,0,0,0,0
"El Salvador",2190,"2016",1062,"25-29",0,0,0,0,0,0
"El Salvador",2190,"2016",1062,"30-34",0,0,0.25,0.3,0,0
"El Salvador",2190,"2016",1062,"35-39",0,0,0.25,0.3,0,0
"El Salvador",2190,"2016",1062,"40-44",0,0,0,0,0,0
"El Salvador",2190,"2016",1062,"45-49",0,0,0,0,0,0
"El Salvador",2190,"2016",1062,"5-9",0,0,0,0,0,0
"El Salvador",2190,"2016",1062,"50-54",0,0,0,0,0,0
"El Salvador",2190,"2016",1062,"55-59",0,0,0.25,0.3,0,0
"El Salvador",2190,"2016",1062,"60-64",0,0,0,0,0,0
"El Salvador",2190,"2016",1062,"65-69",1,1,0.75,0.9,0,0
"El Salvador",2190,"2016",1062,"70-74",0,0,0,0,0,0
"El Salvador",2190,"2016",1062,"75-79",0,0,0,0,0,0
"El Salvador",2190,"2016",1062,"80-84",0,0,0,0,0,0
"El Salvador",2190,"2016",1062,"85-89",0,0,0,0,0,0
"El Salvador",2190,"2016",1062,"90-94",0,0,0,0,0,0
"El Salvador",2190,"2016",1062,"95+",0,0,0,0,0,0
"El Salvador",2190,"2016",1063,"0-4",0,0,0,0,0,0
"El Salvador",2190,"2016",1063,"10-14",0,0,0,0,0,0
"El Salvador",2190,"2016",1063,"15-19",0,0,0,0,0,0
"El Salvador",2190,"2016",1063,"20-24",1,0,0.333333333333333,0.4,1,1
"El Salvador",2190,"2016",1063,"25-29",0,0,0,0,0,0
"El Salvador",2190,"2016",1063,"30-34",0,0,0,0,0,0
"El Salvador",2190,"2016",1063,"35-39",0,0,0,0,0,0
"El Salvador",2190,"2016",1063,"40-44",0,0,0,0,0,0
"El Salvador",2190,"2016",1063,"45-49",1,0,0.333333333333333,0.4,1,1
"El Salvador",2190,"2016",1063,"5-9",0,0,0,0,0,0
"El Salvador",2190,"2016",1063,"50-54",0,0,0,0,0,0
"El Salvador",2190,"2016",1063,"55-59",0,0,0,0,0,0
"El Salvador",2190,"2016",1063,"60-64",0,0,0,0,0,0
"El Salvador",2190,"2016",1063,"65-69",0,0,0.333333333333333,0.4,0,0
"El Salvador",2190,"2016",1063,"70-74",0,0,0,0,0,0
"El Salvador",2190,"2016",1063,"75-79",0,0,0,0,0,0
"El Salvador",2190,"2016",1063,"80-84",0,0,0,0,0,0
"El Salvador",2190,"2016",1063,"85-89",0,0,0,0,0,0
"El Salvador",2190,"2016",1063,"90-94",0,0,0,0,0,0
"El Salvador",2190,"2016",1063,"95+",0,0,0.333333333333333,0.4,0,0
"El Salvador",2190,"2016",1064,"0-4",35,52,49.25,59.1,-17,0
"El Salvador",2190,"2016",1064,"10-14",20,23,36.25,43.5,-3,0
"El Salvador",2190,"2016",1064,"15-19",27,29.5,32,38.4,-2.5,0
"El Salvador",2190,"2016",1064,"20-24",44,50,52,62.4,-6,0
"El Salvador",2190,"2016",1064,"25-29",50,68.5,65.5,78.6,-18.5,0
"El Salvador",2190,"2016",1064,"30-34",72,77.5,79,94.8,-5.5,0
"El Salvador",2190,"2016",1064,"35-39",119,129,131,157.2,-10,0
"El Salvador",2190,"2016",1064,"40-44",147,180.5,176,211.2,-33.5,0
"El Salvador",2190,"2016",1064,"45-49",197,224,227.75,273.3,-27,0
"El Salvador",2190,"2016",1064,"5-9",10,12,12.25,14.7,-2,0
"El Salvador",2190,"2016",1064,"50-54",272,313.5,313.75,376.5,-41.5,0
"El Salvador",2190,"2016",1064,"55-59",370,437.5,432,518.4,-67.5,0
"El Salvador",2190,"2016",1064,"60-64",458,520.5,530.5,636.6,-62.5,0
"El Salvador",2190,"2016",1064,"65-69",582,630,630.25,756.3,-48,0
"El Salvador",2190,"2016",1064,"70-74",780,836,842,1010.4,-56,0
"El Salvador",2190,"2016",1064,"75-79",945,1053,1054.5,1265.4,-108,0
"El Salvador",2190,"2016",1064,"80-84",1125,1199.5,1203.25,1443.9,-74.5,0
"El Salvador",2190,"2016",1064,"85-89",1112,1214,1251,1501.2,-102,0
"El Salvador",2190,"2016",1064,"90-94",785,856,880,1056,-71,0
"El Salvador",2190,"2016",1064,"95+",432,479,488.5,586.2,-47,0
"El Salvador",2190,"2016",1072,"0-4",121,116,123.75,148.5,5,0
"El Salvador",2190,"2016",1072,"10-14",18,15.5,22.5,27,2.5,0
"El Salvador",2190,"2016",1072,"15-19",27,32,32.25,38.7,-5,0
"El Salvador",2190,"2016",1072,"20-24",40,42,43.25,51.9,-2,0
"El Salvador",2190,"2016",1072,"25-29",43,43,42.75,51.3,0,0
"El Salvador",2190,"2016",1072,"30-34",46,50.5,50.25,60.3,-4.5,0
"El Salvador",2190,"2016",1072,"35-39",50,63.5,63.75,76.5,-13.5,0
"El Salvador",2190,"2016",1072,"40-44",55,62.5,68.25,81.9,-7.5,0
"El Salvador",2190,"2016",1072,"45-49",99,91,91,109.2,8,0
"El Salvador",2190,"2016",1072,"5-9",19,18,15.25,18.3,1,1
"El Salvador",2190,"2016",1072,"50-54",132,117.5,115.25,138.3,14.5,0
"El Salvador",2190,"2016",1072,"55-59",123,121.5,135.75,162.9,1.5,0
"El Salvador",2190,"2016",1072,"60-64",193,178,169,202.8,15,0
"El Salvador",2190,"2016",1072,"65-69",212,212.5,216,259.2,-0.5,0
"El Salvador",2190,"2016",1072,"70-74",288,277,277.75,333.3,11,0
"El Salvador",2190,"2016",1072,"75-79",376,395,389.5,467.4,-19,0
"El Salvador",2190,"2016",1072,"80-84",430,452,444.75,533.7,-22,0
"El Salvador",2190,"2016",1072,"85-89",451,453,453.25,543.9,-2,0
"El Salvador",2190,"2016",1072,"90-94",310,319.5,325.25,390.3,-9.5,0
"El Salvador",2190,"2016",1072,"95+",165,161.5,164.75,197.7,3.5,0
"El Salvador",2190,"2016",1078,"0-4",15,17.5,17.5,21,-2.5,0
"El Salvador",2190,"2016",1078,"10-14",5,4.5,4.25,5.1,0.5,0
"El Salvador",2190,"2016",1078,"15-19",10,9,9.25,11.1,1,0
"El Salvador",2190,"2016",1078,"20-24",15,16.5,20,24,-1.5,0
"El Salvador",2190,"2016",1078,"25-29",21,30.5,29.5,35.4,-9.5,0
"El Salvador",2190,"2016",1078,"30-34",66,54.5,57,68.4,11.5,0
"El Salvador",2190,"2016",1078,"35-39",84,86.5,89,106.8,-2.5,0
"El Salvador",2190,"2016",1078,"40-44",111,114.5,117.75,141.3,-3.5,0
"El Salvador",2190,"2016",1078,"45-49",130,128,130,156,2,0
"El Salvador",2190,"2016",1078,"5-9",3,5,5,6,-2,0
"El Salvador",2190,"2016",1078,"50-54",137,152,152.5,183,-15,0
"El Salvador",2190,"2016",1078,"55-59",194,193,189.75,227.7,1,0
"El Salvador",2190,"2016",1078,"60-64",187,189,190.75,228.9,-2,0
"El Salvador",2190,"2016",1078,"65-69",189,185,180,216,4,0
"El Salvador",2190,"2016",1078,"70-74",186,184.5,186.25,223.5,1.5,0
"El Salvador",2190,"2016",1078,"75-79",196,200.5,198,237.6,-4.5,0
"El Salvador",2190,"2016",1078,"80-84",174,167,167.75,201.3,7,0
"El Salvador",2190,"2016",1078,"85-89",134,129.5,132.25,158.7,4.5,0
"El Salvador",2190,"2016",1078,"90-94",73,76.5,72.75,87.3,-3.5,0
"El Salvador",2190,"2016",1078,"95+",26,30.5,30.75,36.9,-4.5,0
"El Salvador",2190,"2016",1082,"0-4",0,2,1.5,1.8,-2,0
"El Salvador",2190,"2016",1082,"10-14",0,1,1.25,1.5,-1,0
"El Salvador",2190,"2016",1082,"15-19",1,2.5,2.75,3.3,-1.5,0
"El Salvador",2190,"2016",1082,"20-24",5,2,2.25,2.7,3,3
"El Salvador",2190,"2016",1082,"25-29",0,1,1,1.2,-1,0
"El Salvador",2190,"2016",1082,"30-34",1,1,1.5,1.8,0,0
"El Salvador",2190,"2016",1082,"35-39",6,3.5,3.25,3.9,2.5,2.5
"El Salvador",2190,"2016",1082,"40-44",7,3.5,4,4.8,3.5,3.5
"El Salvador",2190,"2016",1082,"45-49",3,2,2.5,3,1,0
"El Salvador",2190,"2016",1082,"5-9",1,0,0.25,0.3,1,1
"El Salvador",2190,"2016",1082,"50-54",2,5,4.75,5.7,-3,0
"El Salvador",2190,"2016",1082,"55-59",9,7,7,8.4,2,2
"El Salvador",2190,"2016",1082,"60-64",3,7.5,6.75,8.1,-4.5,0
"El Salvador",2190,"2016",1082,"65-69",11,9,9,10.8,2,2
"El Salvador",2190,"2016",1082,"70-74",11,10.5,9.25,11.1,0.5,0
"El Salvador",2190,"2016",1082,"75-79",10,12,12.5,15,-2,0
"El Salvador",2190,"2016",1082,"80-84",15,16,16,19.2,-1,0
"El Salvador",2190,"2016",1082,"85-89",15,13,13.25,15.9,2,0
"El Salvador",2190,"2016",1082,"90-94",12,13,12,14.4,-1,0
"El Salvador",2190,"2016",1082,"95+",11,8,7.5,9,3,3
"El Salvador",2190,"2016",1083,"0-4",1,0.5,0.5,0.6,0.5,0.5
"El Salvador",2190,"2016",1083,"10-14",2,1.5,1.5,1.8,0.5,0.5
"El Salvador",2190,"2016",1083,"15-19",2,3,3.5,4.2,-1,0
"El Salvador",2190,"2016",1083,"20-24",6,6,5.25,6.3,0,0
"El Salvador",2190,"2016",1083,"25-29",6,5.5,5.5,6.6,0.5,0
"El Salvador",2190,"2016",1083,"30-34",1,5.5,4.5,5.4,-4.5,0
"El Salvador",2190,"2016",1083,"35-39",8,4.5,5.25,6.3,3.5,3.5
"El Salvador",2190,"2016",1083,"40-44",5,4,3.75,4.5,1,1
"El Salvador",2190,"2016",1083,"45-49",8,8,7.5,9,0,0
"El Salvador",2190,"2016",1083,"5-9",0,0,0.25,0.3,0,0
"El Salvador",2190,"2016",1083,"50-54",6,6.5,6,7.2,-0.5,0
"El Salvador",2190,"2016",1083,"55-59",7,6.5,6.75,8.1,0.5,0
"El Salvador",2190,"2016",1083,"60-64",6,6,6.5,7.8,0,0
"El Salvador",2190,"2016",1083,"65-69",9,8,7,8.4,1,1
"El Salvador",2190,"2016",1083,"70-74",4,7.5,7.75,9.3,-3.5,0
"El Salvador",2190,"2016",1083,"75-79",9,8,9.25,11.1,1,0
"El Salvador",2190,"2016",1083,"80-84",14,13.5,12.75,15.3,0.5,0
"El Salvador",2190,"2016",1083,"85-89",12,14,14,16.8,-2,0
"El Salvador",2190,"2016",1083,"90-94",5,6.5,6.5,7.8,-1.5,0
"El Salvador",2190,"2016",1083,"95+",5,4,4,4.8,1,1
"El Salvador",2190,"2016",1084,"0-4",10,10.5,10.75,12.9,-0.5,0
"El Salvador",2190,"2016",1084,"10-14",8,8,9.25,11.1,0,0
"El Salvador",2190,"2016",1084,"15-19",18,17,18,21.6,1,0
"El Salvador",2190,"2016",1084,"20-24",43,38,38,45.6,5,0
"El Salvador",2190,"2016",1084,"25-29",43,46.5,47,56.4,-3.5,0
"El Salvador",2190,"2016",1084,"30-34",55,61.5,62.5,75,-6.5,0
"El Salvador",2190,"2016",1084,"35-39",99,100.5,102.5,123,-1.5,0
"El Salvador",2190,"2016",1084,"40-44",134,149,146.75,176.1,-15,0
"El Salvador",2190,"2016",1084,"45-49",175,179,176.75,212.1,-4,0
"El Salvador",2190,"2016",1084,"5-9",4,3.5,3,3.6,0.5,0.5
"El Salvador",2190,"2016",1084,"50-54",208,227,224.25,269.1,-19,0
"El Salvador",2190,"2016",1084,"55-59",243,278.5,275.25,330.3,-35.5,0
"El Salvador",2190,"2016",1084,"60-64",306,315.5,318.5,382.2,-9.5,0
"El Salvador",2190,"2016",1084,"65-69",324,329,323,387.6,-5,0
"El Salvador",2190,"2016",1084,"70-74",312,319.5,328,393.6,-7.5,0
"El Salvador",2190,"2016",1084,"75-79",331,338.5,334.75,401.7,-7.5,0
"El Salvador",2190,"2016",1084,"80-84",258,272,273,327.6,-14,0
"El Salvador",2190,"2016",1084,"85-89",208,216.5,221,265.2,-8.5,0
"El Salvador",2190,"2016",1084,"90-94",110,113.5,112.75,135.3,-3.5,0
"El Salvador",2190,"2016",1084,"95+",39,40.5,41,49.2,-1.5,0
"El Salvador",2190,"2016",1087,"0-4",0,0,0,0,0,0
"El Salvador",2190,"2016",1087,"10-14",0,0,0.25,0.3,0,0
"El Salvador",2190,"2016",1087,"15-19",3,3.5,3.75,4.5,-0.5,0
"El Salvador",2190,"2016",1087,"20-24",5,8,7.75,9.3,-3,0
"El Salvador",2190,"2016",1087,"25-29",5,5,5.5,6.6,0,0
"El Salvador",2190,"2016",1087,"30-34",2,4,5,6,-2,0
"El Salvador",2190,"2016",1087,"35-39",2,3.5,3.75,4.5,-1.5,0
"El Salvador",2190,"2016",1087,"40-44",2,2,2.25,2.7,0,0
"El Salvador",2190,"2016",1087,"45-49",0,0,0.25,0.3,0,0
"El Salvador",2190,"2016",1087,"5-9",0,0,0,0,0,0
"El Salvador",2190,"2016",1087,"50-54",0,0,0.5,0.6,0,0
"El Salvador",2190,"2016",1087,"55-59",0,0,0,0,0,0
"El Salvador",2190,"2016",1087,"60-64",0,0,0,0,0,0
"El Salvador",2190,"2016",1087,"65-69",0,0,0,0,0,0
"El Salvador",2190,"2016",1087,"70-74",0,0,0,0,0,0
"El Salvador",2190,"2016",1087,"75-79",0,0,0,0,0,0
"El Salvador",2190,"2016",1087,"80-84",0,0,0,0,0,0
"El Salvador",2190,"2016",1087,"85-89",0,0,0,0,0,0
"El Salvador",2190,"2016",1087,"90-94",0,0,0,0,0,0
"El Salvador",2190,"2016",1087,"95+",0,0,0,0,0,0
"El Salvador",2190,"2016",1092,"0-4",353,334,326.75,392.1,19,0
"El Salvador",2190,"2016",1092,"10-14",0,0,0,0,0,0
"El Salvador",2190,"2016",1092,"15-19",0,0,0,0,0,0
"El Salvador",2190,"2016",1092,"20-24",0,0,0,0,0,0
"El Salvador",2190,"2016",1092,"25-29",0,0,0,0,0,0
"El Salvador",2190,"2016",1092,"30-34",0,0,0,0,0,0
"El Salvador",2190,"2016",1092,"35-39",0,0,0,0,0,0
"El Salvador",2190,"2016",1092,"40-44",0,0,0,0,0,0
"El Salvador",2190,"2016",1092,"45-49",0,0,0,0,0,0
"El Salvador",2190,"2016",1092,"5-9",0,0,0,0,0,0
"El Salvador",2190,"2016",1092,"50-54",0,0,0,0,0,0
"El Salvador",2190,"2016",1092,"55-59",0,0,0,0,0,0
"El Salvador",2190,"2016",1092,"60-64",0,0,0,0,0,0
"El Salvador",2190,"2016",1092,"65-69",0,0,0,0,0,0
"El Salvador",2190,"2016",1092,"70-74",0,0,0,0,0,0
"El Salvador",2190,"2016",1092,"75-79",0,0,0,0,0,0
"El Salvador",2190,"2016",1092,"80-84",0,0,0,0,0,0
"El Salvador",2190,"2016",1092,"85-89",0,0,0,0,0,0
"El Salvador",2190,"2016",1092,"90-94",0,0,0,0,0,0
"El Salvador",2190,"2016",1092,"95+",0,0,0,0,0,0
"El Salvador",2190,"2016",1093,"0-4",226,186,184,220.8,40,40
"El Salvador",2190,"2016",1093,"10-14",6,3.5,3.75,4.5,2.5,2.5
"El Salvador",2190,"2016",1093,"15-19",9,7,7,8.4,2,2
"El Salvador",2190,"2016",1093,"20-24",9,5,5.75,6.9,4,4
"El Salvador",2190,"2016",1093,"25-29",2,2,2.75,3.3,0,0
"El Salvador",2190,"2016",1093,"30-34",5,3,3.25,3.9,2,2
"El Salvador",2190,"2016",1093,"35-39",2,2,1.5,1.8,0,0
"El Salvador",2190,"2016",1093,"40-44",0,0.5,0.5,0.6,-0.5,0
"El Salvador",2190,"2016",1093,"45-49",0,0.5,0.5,0.6,-0.5,0
"El Salvador",2190,"2016",1093,"5-9",6,4.5,4.5,5.4,1.5,1.5
"El Salvador",2190,"2016",1093,"50-54",0,0.5,0.75,0.9,-0.5,0
"El Salvador",2190,"2016",1093,"55-59",2,1,1.75,2.1,1,0
"El Salvador",2190,"2016",1093,"60-64",1,1,1.25,1.5,0,0
"El Salvador",2190,"2016",1093,"65-69",0,1,1,1.2,-1,0
"El Salvador",2190,"2016",1093,"70-74",0,1,1.5,1.8,-1,0
"El Salvador",2190,"2016",1093,"75-79",0,0.5,1.25,1.5,-0.5,0
"El Salvador",2190,"2016",1093,"80-84",1,1,1.25,1.5,0,0
"El Salvador",2190,"2016",1093,"85-89",3,1.5,1.75,2.1,1.5,1.5
"El Salvador",2190,"2016",1093,"90-94",0,0.5,0.75,0.9,-0.5,0
"El Salvador",2190,"2016",1093,"95+",0,0.5,0.75,0.9,-0.5,0
"El Salvador",2190,"2016",1094,"0-4",105,103,109.5,131.4,2,0
"El Salvador",2190,"2016",1094,"10-14",31,28.5,49.5,59.4,2.5,0
"El Salvador",2190,"2016",1094,"15-19",48,50.5,53.25,63.9,-2.5,0
"El Salvador",2190,"2016",1094,"20-24",60,60.5,60.5,72.6,-0.5,0
"El Salvador",2190,"2016",1094,"25-29",73,70.5,69.5,83.4,2.5,0
"El Salvador",2190,"2016",1094,"30-34",78,81,83.5,100.2,-3,0
"El Salvador",2190,"2016",1094,"35-39",124,120.5,123.25,147.9,3.5,0
"El Salvador",2190,"2016",1094,"40-44",142,150,150.75,180.9,-8,0
"El Salvador",2190,"2016",1094,"45-49",186,175,175,210,11,0
"El Salvador",2190,"2016",1094,"5-9",21,21.5,22,26.4,-0.5,0
"El Salvador",2190,"2016",1094,"50-54",227,226,225,270,1,0
"El Salvador",2190,"2016",1094,"55-59",307,275,276.25,331.5,32,0
"El Salvador",2190,"2016",1094,"60-64",360,350.5,350.5,420.6,9.5,0
"El Salvador",2190,"2016",1094,"65-69",454,432.5,425.25,510.3,21.5,0
"El Salvador",2190,"2016",1094,"70-74",579,581,579,694.8,-2,0
"El Salvador",2190,"2016",1094,"75-79",805,729,737.5,885,76,0
"El Salvador",2190,"2016",1094,"80-84",980,924,935,1122,56,0
"El Salvador",2190,"2016",1094,"85-89",1080,1046,1034.75,1241.7,34,0
"El Salvador",2190,"2016",1094,"90-94",835,826.5,826.25,991.5,8.5,0
"El Salvador",2190,"2016",1094,"95+",515,470.5,458.25,549.9,44.5,0
"El Salvador",2190,"2016",1096,"0-4",13,13,13.25,15.9,0,0
"El Salvador",2190,"2016",1096,"10-14",11,13,12.75,15.3,-2,0
"El Salvador",2190,"2016",1096,"15-19",39,40,40,48,-1,0
"El Salvador",2190,"2016",1096,"20-24",72,85,86,103.2,-13,0
"El Salvador",2190,"2016",1096,"25-29",87,84.5,87,104.4,2.5,0
"El Salvador",2190,"2016",1096,"30-34",81,80,82.25,98.7,1,0
"El Salvador",2190,"2016",1096,"35-39",100,81,82.75,99.3,19,19
"El Salvador",2190,"2016",1096,"40-44",60,63.5,64,76.8,-3.5,0
"El Salvador",2190,"2016",1096,"45-49",57,61.5,61.75,74.1,-4.5,0
"El Salvador",2190,"2016",1096,"5-9",12,12,10.75,12.9,0,0
"El Salvador",2190,"2016",1096,"50-54",52,57,56.75,68.1,-5,0
"El Salvador",2190,"2016",1096,"55-59",59,59,57.25,68.7,0,0
"El Salvador",2190,"2016",1096,"60-64",41,46,46.25,55.5,-5,0
"El Salvador",2190,"2016",1096,"65-69",48,48.5,50.5,60.6,-0.5,0
"El Salvador",2190,"2016",1096,"70-74",38,42,42,50.4,-4,0
"El Salvador",2190,"2016",1096,"75-79",43,43.5,42.5,51,-0.5,0
"El Salvador",2190,"2016",1096,"80-84",30,33,33.75,40.5,-3,0
"El Salvador",2190,"2016",1096,"85-89",16,22,21,25.2,-6,0
"El Salvador",2190,"2016",1096,"90-94",6,9,9.25,11.1,-3,0
"El Salvador",2190,"2016",1096,"95+",2,4,4.75,5.7,-2,0
"El Salvador",2190,"2016",1102,"0-4",5,4,5.5,6.6,1,0
"El Salvador",2190,"2016",1102,"10-14",69,58,53.5,64.2,11,11
"El Salvador",2190,"2016",1102,"15-19",812,654,620.75,744.9,158,158
"El Salvador",2190,"2016",1102,"20-24",806,706,738.75,886.5,100,0
"El Salvador",2190,"2016",1102,"25-29",552,488.5,528.25,633.9,63.5,0
"El Salvador",2190,"2016",1102,"30-34",475,409,444.5,533.4,66,0
"El Salvador",2190,"2016",1102,"35-39",407,382.5,423.5,508.2,24.5,0
"El Salvador",2190,"2016",1102,"40-44",352,327.5,334,400.8,24.5,0
"El Salvador",2190,"2016",1102,"45-49",257,231,230.5,276.6,26,0
"El Salvador",2190,"2016",1102,"5-9",2,3.5,3.25,3.9,-1.5,0
"El Salvador",2190,"2016",1102,"50-54",162,149,148,177.6,13,0
"El Salvador",2190,"2016",1102,"55-59",105,97,104.25,125.1,8,0
"El Salvador",2190,"2016",1102,"60-64",73,82,79,94.8,-9,0
"El Salvador",2190,"2016",1102,"65-69",62,60,58,69.6,2,0
"El Salvador",2190,"2016",1102,"70-74",32,35.5,39.5,47.4,-3.5,0
"El Salvador",2190,"2016",1102,"75-79",42,29,30,36,13,13
"El Salvador",2190,"2016",1102,"80-84",22,18,17.75,21.3,4,4
"El Salvador",2190,"2016",1102,"85-89",14,10.5,11,13.2,3.5,3.5
"El Salvador",2190,"2016",1102,"90-94",4,6.5,6.25,7.5,-2.5,0
"El Salvador",2190,"2016",1102,"95+",6,5.5,5.75,6.9,0.5,0
"El Salvador",2190,"2017",1001,"0-4",71,76.5,79.75,95.7,-5.5,0
"El Salvador",2190,"2017",1001,"10-14",10,11,12,14.4,-1,0
"El Salvador",2190,"2017",1001,"15-19",25,19,19,22.8,6,6
"El Salvador",2190,"2017",1001,"20-24",45,39,38.25,45.9,6,0
"El Salvador",2190,"2017",1001,"25-29",51,45.5,46.25,55.5,5.5,0
"El Salvador",2190,"2017",1001,"30-34",55,58,53.75,64.5,-3,0
"El Salvador",2190,"2017",1001,"35-39",66,70.5,70.25,84.3,-4.5,0
"El Salvador",2190,"2017",1001,"40-44",63,72.5,74.75,89.7,-9.5,0
"El Salvador",2190,"2017",1001,"45-49",62,70.5,78.75,94.5,-8.5,0
"El Salvador",2190,"2017",1001,"5-9",8,9,10.5,12.6,-1,0
"El Salvador",2190,"2017",1001,"50-54",75,87.5,90.75,108.9,-12.5,0
"El Salvador",2190,"2017",1001,"55-59",72,93.5,97.75,117.3,-21.5,0
"El Salvador",2190,"2017",1001,"60-64",60,111.5,103.5,124.2,-51.5,0
"El Salvador",2190,"2017",1001,"65-69",79,111.5,115.75,138.9,-32.5,0
"El Salvador",2190,"2017",1001,"70-74",91,111,122.25,146.7,-20,0
"El Salvador",2190,"2017",1001,"75-79",97,136,142.75,171.3,-39,0
"El Salvador",2190,"2017",1001,"80-84",97,132,143.5,172.2,-35,0
"El Salvador",2190,"2017",1001,"85-89",86,108.5,117.5,141,-22.5,0
"El Salvador",2190,"2017",1001,"90-94",68,81.5,86.25,103.5,-13.5,0
"El Salvador",2190,"2017",1001,"95+",33,33.5,36.75,44.1,-0.5,0
"El Salvador",2190,"2017",1026,"0-4",13,21,20,24,-8,0
"El Salvador",2190,"2017",1026,"10-14",20,31,29.75,35.7,-11,0
"El Salvador",2190,"2017",1026,"15-19",34,37,37.75,45.3,-3,0
"El Salvador",2190,"2017",1026,"20-24",32,47,44.25,53.1,-15,0
"El Salvador",2190,"2017",1026,"25-29",45,47.5,46,55.2,-2.5,0
"El Salvador",2190,"2017",1026,"30-34",63,58,59,70.8,5,0
"El Salvador",2190,"2017",1026,"35-39",89,101,102.5,123,-12,0
"El Salvador",2190,"2017",1026,"40-44",170,134,141,169.2,36,36
"El Salvador",2190,"2017",1026,"45-49",180,180,184.25,221.1,0,0
"El Salvador",2190,"2017",1026,"5-9",20,19.5,18.5,22.2,0.5,0
"El Salvador",2190,"2017",1026,"50-54",258,217,222.75,267.3,41,0
"El Salvador",2190,"2017",1026,"55-59",315,296,294.75,353.7,19,0
"El Salvador",2190,"2017",1026,"60-64",361,310.5,316.25,379.5,50.5,0
"El Salvador",2190,"2017",1026,"65-69",377,359,355.5,426.6,18,0
"El Salvador",2190,"2017",1026,"70-74",391,398,399,478.8,-7,0
"El Salvador",2190,"2017",1026,"75-79",419,434.5,435,522,-15.5,0
"El Salvador",2190,"2017",1026,"80-84",328,337.5,342.5,411,-9.5,0
"El Salvador",2190,"2017",1026,"85-89",262,264,279.25,335.1,-2,0
"El Salvador",2190,"2017",1026,"90-94",122,124,124.25,149.1,-2,0
"El Salvador",2190,"2017",1026,"95+",38,40.5,45.5,54.6,-2.5,0
"El Salvador",2190,"2017",1048,"0-4",11,11.5,12.25,14.7,-0.5,0
"El Salvador",2190,"2017",1048,"10-14",6,3.5,3.25,3.9,2.5,2.5
"El Salvador",2190,"2017",1048,"15-19",10,6.5,7.25,8.7,3.5,3.5
"El Salvador",2190,"2017",1048,"20-24",4,5,4.75,5.7,-1,0
"El Salvador",2190,"2017",1048,"25-29",12,9.5,9,10.8,2.5,2.5
"El Salvador",2190,"2017",1048,"30-34",5,5.5,5.5,6.6,-0.5,0
"El Salvador",2190,"2017",1048,"35-39",7,4,4.5,5.4,3,3
"El Salvador",2190,"2017",1048,"40-44",6,8.5,8.5,10.2,-2.5,0
"El Salvador",2190,"2017",1048,"45-49",9,10,10.25,12.3,-1,0
"El Salvador",2190,"2017",1048,"5-9",2,2.5,2.75,3.3,-0.5,0
"El Salvador",2190,"2017",1048,"50-54",8,8.5,8.75,10.5,-0.5,0
"El Salvador",2190,"2017",1048,"55-59",13,14.5,14,16.8,-1.5,0
"El Salvador",2190,"2017",1048,"60-64",11,10,10.75,12.9,1,0
"El Salvador",2190,"2017",1048,"65-69",10,9.5,9.5,11.4,0.5,0
"El Salvador",2190,"2017",1048,"70-74",13,13,13.5,16.2,0,0
"El Salvador",2190,"2017",1048,"75-79",16,16.5,17.25,20.7,-0.5,0
"El Salvador",2190,"2017",1048,"80-84",8,12.5,11.5,13.8,-4.5,0
"El Salvador",2190,"2017",1048,"85-89",13,12.5,12,14.4,0.5,0
"El Salvador",2190,"2017",1048,"90-94",8,6,6,7.2,2,2
"El Salvador",2190,"2017",1048,"95+",2,3,2.75,3.3,-1,0
"El Salvador",2190,"2017",1051,"0-4",16,19.5,21,25.2,-3.5,0
"El Salvador",2190,"2017",1051,"10-14",3,5,7,8.4,-2,0
"El Salvador",2190,"2017",1051,"15-19",10,9.5,9,10.8,0.5,0
"El Salvador",2190,"2017",1051,"20-24",16,13.5,14.75,17.7,2.5,0
"El Salvador",2190,"2017",1051,"25-29",22,17.5,18.5,22.2,4.5,0
"El Salvador",2190,"2017",1051,"30-34",30,26,28.75,34.5,4,0
"El Salvador",2190,"2017",1051,"35-39",40,34,33.75,40.5,6,0
"El Salvador",2190,"2017",1051,"40-44",56,60.5,62.75,75.3,-4.5,0
"El Salvador",2190,"2017",1051,"45-49",100,92.5,90,108,7.5,0
"El Salvador",2190,"2017",1051,"5-9",5,5,5.75,6.9,0,0
"El Salvador",2190,"2017",1051,"50-54",149,118.5,123.5,148.2,30.5,30.5
"El Salvador",2190,"2017",1051,"55-59",172,167.5,168,201.6,4.5,0
"El Salvador",2190,"2017",1051,"60-64",222,199,197.25,236.7,23,0
"El Salvador",2190,"2017",1051,"65-69",220,214,213,255.6,6,0
"El Salvador",2190,"2017",1051,"70-74",282,233.5,245.5,294.6,48.5,0
"El Salvador",2190,"2017",1051,"75-79",227,218.5,220.5,264.6,8.5,0
"El Salvador",2190,"2017",1051,"80-84",215,213,204.25,245.1,2,0
"El Salvador",2190,"2017",1051,"85-89",158,159.5,163.75,196.5,-1.5,0
"El Salvador",2190,"2017",1051,"90-94",80,77,82,98.4,3,0
"El Salvador",2190,"2017",1051,"95+",24,27.5,26.75,32.1,-3.5,0
"El Salvador",2190,"2017",1055,"0-4",0,0,0.75,0.9,0,0
"El Salvador",2190,"2017",1055,"10-14",0,0,0.25,0.3,0,0
"El Salvador",2190,"2017",1055,"15-19",0,1.5,1.25,1.5,-1.5,0
"El Salvador",2190,"2017",1055,"20-24",10,8,7.75,9.3,2,2
"El Salvador",2190,"2017",1055,"25-29",29,27,27,32.4,2,0
"El Salvador",2190,"2017",1055,"30-34",56,54.5,47.75,57.3,1.5,0
"El Salvador",2190,"2017",1055,"35-39",71,67,66,79.2,4,0
"El Salvador",2190,"2017",1055,"40-44",98,86,85.75,102.9,12,0
"El Salvador",2190,"2017",1055,"45-49",78,69,66.75,80.1,9,0
"El Salvador",2190,"2017",1055,"5-9",0,0,0.25,0.3,0,0
"El Salvador",2190,"2017",1055,"50-54",81,59.5,59.5,71.4,21.5,21.5
"El Salvador",2190,"2017",1055,"55-59",59,57,56.75,68.1,2,0
"El Salvador",2190,"2017",1055,"60-64",51,43,43,51.6,8,0
"El Salvador",2190,"2017",1055,"65-69",37,23.5,26.75,32.1,13.5,13.5
"El Salvador",2190,"2017",1055,"70-74",32,26,27,32.4,6,0
"El Salvador",2190,"2017",1055,"75-79",19,16.5,16.75,20.1,2.5,0
"El Salvador",2190,"2017",1055,"80-84",12,11,12.5,15,1,0
"El Salvador",2190,"2017",1055,"85-89",10,9.5,8,9.6,0.5,0.5
"El Salvador",2190,"2017",1055,"90-94",10,8.5,7.5,9,1.5,1.5
"El Salvador",2190,"2017",1055,"95+",5,5,5,6,0,0
"El Salvador",2190,"2017",1058,"0-4",25,25,27.5,33,0,0
"El Salvador",2190,"2017",1058,"10-14",7,11,10.75,12.9,-4,0
"El Salvador",2190,"2017",1058,"15-19",20,16,15.25,18.3,4,4
"El Salvador",2190,"2017",1058,"20-24",12,13.5,13.75,16.5,-1.5,0
"El Salvador",2190,"2017",1058,"25-29",19,16.5,16,19.2,2.5,0
"El Salvador",2190,"2017",1058,"30-34",13,13,13,15.6,0,0
"El Salvador",2190,"2017",1058,"35-39",19,13.5,14,16.8,5.5,5.5
"El Salvador",2190,"2017",1058,"40-44",22,22,20,24,0,0
"El Salvador",2190,"2017",1058,"45-49",18,21.5,21.75,26.1,-3.5,0
"El Salvador",2190,"2017",1058,"5-9",10,9.5,10.25,12.3,0.5,0
"El Salvador",2190,"2017",1058,"50-54",22,21.5,21.75,26.1,0.5,0
"El Salvador",2190,"2017",1058,"55-59",14,29,27,32.4,-15,0
"El Salvador",2190,"2017",1058,"60-64",30,34.5,34.25,41.1,-4.5,0
"El Salvador",2190,"2017",1058,"65-69",45,39.5,38.5,46.2,5.5,0
"El Salvador",2190,"2017",1058,"70-74",37,42,44.5,53.4,-5,0
"El Salvador",2190,"2017",1058,"75-79",52,65,69.25,83.1,-13,0
"El Salvador",2190,"2017",1058,"80-84",68,70,66.5,79.8,-2,0
"El Salvador",2190,"2017",1058,"85-89",62,67.5,61.5,73.8,-5.5,0
"El Salvador",2190,"2017",1058,"90-94",31,39,36.5,43.8,-8,0
"El Salvador",2190,"2017",1058,"95+",14,12.5,12.25,14.7,1.5,0
"El Salvador",2190,"2017",1062,"0-4",0,0,0.25,0.3,0,0
"El Salvador",2190,"2017",1062,"10-14",0,0,0,0,0,0
"El Salvador",2190,"2017",1062,"15-19",0,0,0,0,0,0
"El Salvador",2190,"2017",1062,"20-24",0,0,0,0,0,0
"El Salvador",2190,"2017",1062,"25-29",0,0,0,0,0,0
"El Salvador",2190,"2017",1062,"30-34",0,0,0.25,0.3,0,0
"El Salvador",2190,"2017",1062,"35-39",1,0,0.25,0.3,1,1
"El Salvador",2190,"2017",1062,"40-44",0,0,0,0,0,0
"El Salvador",2190,"2017",1062,"45-49",0,0,0,0,0,0
"El Salvador",2190,"2017",1062,"5-9",0,0,0,0,0,0
"El Salvador",2190,"2017",1062,"50-54",0,0,0,0,0,0
"El Salvador",2190,"2017",1062,"55-59",0,0,0.25,0.3,0,0
"El Salvador",2190,"2017",1062,"60-64",0,0,0,0,0,0
"El Salvador",2190,"2017",1062,"65-69",1,1,0.75,0.9,0,0
"El Salvador",2190,"2017",1062,"70-74",0,0,0,0,0,0
"El Salvador",2190,"2017",1062,"75-79",0,0,0,0,0,0
"El Salvador",2190,"2017",1062,"80-84",0,0,0,0,0,0
"El Salvador",2190,"2017",1062,"85-89",0,0,0,0,0,0
"El Salvador",2190,"2017",1062,"90-94",0,0,0,0,0,0
"El Salvador",2190,"2017",1062,"95+",0,0,0,0,0,0
"El Salvador",2190,"2017",1064,"0-4",58,52,49.25,59.1,6,0
"El Salvador",2190,"2017",1064,"10-14",19,23,36.25,43.5,-4,0
"El Salvador",2190,"2017",1064,"15-19",28,29.5,32,38.4,-1.5,0
"El Salvador",2190,"2017",1064,"20-24",54,50,52,62.4,4,0
"El Salvador",2190,"2017",1064,"25-29",75,68.5,65.5,78.6,6.5,0
"El Salvador",2190,"2017",1064,"30-34",78,77.5,79,94.8,0.5,0
"El Salvador",2190,"2017",1064,"35-39",138,129,131,157.2,9,0
"El Salvador",2190,"2017",1064,"40-44",193,180.5,176,211.2,12.5,0
"El Salvador",2190,"2017",1064,"45-49",266,224,227.75,273.3,42,0
"El Salvador",2190,"2017",1064,"5-9",7,12,12.25,14.7,-5,0
"El Salvador",2190,"2017",1064,"50-54",356,313.5,313.75,376.5,42.5,0
"El Salvador",2190,"2017",1064,"55-59",483,437.5,432,518.4,45.5,0
"El Salvador",2190,"2017",1064,"60-64",623,520.5,530.5,636.6,102.5,0
"El Salvador",2190,"2017",1064,"65-69",679,630,630.25,756.3,49,0
"El Salvador",2190,"2017",1064,"70-74",979,836,842,1010.4,143,0
"El Salvador",2190,"2017",1064,"75-79",1201,1053,1054.5,1265.4,148,0
"El Salvador",2190,"2017",1064,"80-84",1393,1199.5,1203.25,1443.9,193.5,0
"El Salvador",2190,"2017",1064,"85-89",1505,1214,1251,1501.2,291,291
"El Salvador",2190,"2017",1064,"90-94",1064,856,880,1056,208,208
"El Salvador",2190,"2017",1064,"95+",609,479,488.5,586.2,130,130
"El Salvador",2190,"2017",1072,"0-4",109,116,123.75,148.5,-7,0
"El Salvador",2190,"2017",1072,"10-14",12,15.5,22.5,27,-3.5,0
"El Salvador",2190,"2017",1072,"15-19",36,32,32.25,38.7,4,0
"El Salvador",2190,"2017",1072,"20-24",43,42,43.25,51.9,1,0
"El Salvador",2190,"2017",1072,"25-29",40,43,42.75,51.3,-3,0
"El Salvador",2190,"2017",1072,"30-34",42,50.5,50.25,60.3,-8.5,0
"El Salvador",2190,"2017",1072,"35-39",77,63.5,63.75,76.5,13.5,13.5
"El Salvador",2190,"2017",1072,"40-44",64,62.5,68.25,81.9,1.5,0
"El Salvador",2190,"2017",1072,"45-49",83,91,91,109.2,-8,0
"El Salvador",2190,"2017",1072,"5-9",6,18,15.25,18.3,-12,0
"El Salvador",2190,"2017",1072,"50-54",103,117.5,115.25,138.3,-14.5,0
"El Salvador",2190,"2017",1072,"55-59",120,121.5,135.75,162.9,-1.5,0
"El Salvador",2190,"2017",1072,"60-64",166,178,169,202.8,-12,0
"El Salvador",2190,"2017",1072,"65-69",196,212.5,216,259.2,-16.5,0
"El Salvador",2190,"2017",1072,"70-74",291,277,277.75,333.3,14,0
"El Salvador",2190,"2017",1072,"75-79",414,395,389.5,467.4,19,0
"El Salvador",2190,"2017",1072,"80-84",474,452,444.75,533.7,22,0
"El Salvador",2190,"2017",1072,"85-89",527,453,453.25,543.9,74,0
"El Salvador",2190,"2017",1072,"90-94",367,319.5,325.25,390.3,47.5,0
"El Salvador",2190,"2017",1072,"95+",207,161.5,164.75,197.7,45.5,45.5
"El Salvador",2190,"2017",1078,"0-4",9,17.5,17.5,21,-8.5,0
"El Salvador",2190,"2017",1078,"10-14",1,4.5,4.25,5.1,-3.5,0
"El Salvador",2190,"2017",1078,"15-19",7,9,9.25,11.1,-2,0
"El Salvador",2190,"2017",1078,"20-24",16,16.5,20,24,-0.5,0
"El Salvador",2190,"2017",1078,"25-29",25,30.5,29.5,35.4,-5.5,0
"El Salvador",2190,"2017",1078,"30-34",55,54.5,57,68.4,0.5,0
"El Salvador",2190,"2017",1078,"35-39",81,86.5,89,106.8,-5.5,0
"El Salvador",2190,"2017",1078,"40-44",131,114.5,117.75,141.3,16.5,0
"El Salvador",2190,"2017",1078,"45-49",126,128,130,156,-2,0
"El Salvador",2190,"2017",1078,"5-9",5,5,5,6,0,0
"El Salvador",2190,"2017",1078,"50-54",155,152,152.5,183,3,0
"El Salvador",2190,"2017",1078,"55-59",212,193,189.75,227.7,19,0
"El Salvador",2190,"2017",1078,"60-64",209,189,190.75,228.9,20,0
"El Salvador",2190,"2017",1078,"65-69",181,185,180,216,-4,0
"El Salvador",2190,"2017",1078,"70-74",198,184.5,186.25,223.5,13.5,0
"El Salvador",2190,"2017",1078,"75-79",178,200.5,198,237.6,-22.5,0
"El Salvador",2190,"2017",1078,"80-84",163,167,167.75,201.3,-4,0
"El Salvador",2190,"2017",1078,"85-89",151,129.5,132.25,158.7,21.5,0
"El Salvador",2190,"2017",1078,"90-94",80,76.5,72.75,87.3,3.5,0
"El Salvador",2190,"2017",1078,"95+",29,30.5,30.75,36.9,-1.5,0
"El Salvador",2190,"2017",1082,"0-4",2,2,1.5,1.8,0,0
"El Salvador",2190,"2017",1082,"10-14",2,1,1.25,1.5,1,1
"El Salvador",2190,"2017",1082,"15-19",3,2.5,2.75,3.3,0.5,0
"El Salvador",2190,"2017",1082,"20-24",2,2,2.25,2.7,0,0
"El Salvador",2190,"2017",1082,"25-29",1,1,1,1.2,0,0
"El Salvador",2190,"2017",1082,"30-34",0,1,1.5,1.8,-1,0
"El Salvador",2190,"2017",1082,"35-39",4,3.5,3.25,3.9,0.5,0.5
"El Salvador",2190,"2017",1082,"40-44",4,3.5,4,4.8,0.5,0
"El Salvador",2190,"2017",1082,"45-49",1,2,2.5,3,-1,0
"El Salvador",2190,"2017",1082,"5-9",0,0,0.25,0.3,0,0
"El Salvador",2190,"2017",1082,"50-54",4,5,4.75,5.7,-1,0
"El Salvador",2190,"2017",1082,"55-59",6,7,7,8.4,-1,0
"El Salvador",2190,"2017",1082,"60-64",8,7.5,6.75,8.1,0.5,0
"El Salvador",2190,"2017",1082,"65-69",7,9,9,10.8,-2,0
"El Salvador",2190,"2017",1082,"70-74",4,10.5,9.25,11.1,-6.5,0
"El Salvador",2190,"2017",1082,"75-79",7,12,12.5,15,-5,0
"El Salvador",2190,"2017",1082,"80-84",16,16,16,19.2,0,0
"El Salvador",2190,"2017",1082,"85-89",14,13,13.25,15.9,1,0
"El Salvador",2190,"2017",1082,"90-94",15,13,12,14.4,2,2
"El Salvador",2190,"2017",1082,"95+",9,8,7.5,9,1,0
"El Salvador",2190,"2017",1083,"0-4",0,0.5,0.5,0.6,-0.5,0
"El Salvador",2190,"2017",1083,"10-14",1,1.5,1.5,1.8,-0.5,0
"El Salvador",2190,"2017",1083,"15-19",6,3,3.5,4.2,3,3
"El Salvador",2190,"2017",1083,"20-24",8,6,5.25,6.3,2,2
"El Salvador",2190,"2017",1083,"25-29",5,5.5,5.5,6.6,-0.5,0
"El Salvador",2190,"2017",1083,"30-34",6,5.5,4.5,5.4,0.5,0.5
"El Salvador",2190,"2017",1083,"35-39",5,4.5,5.25,6.3,0.5,0
"El Salvador",2190,"2017",1083,"40-44",6,4,3.75,4.5,2,2
"El Salvador",2190,"2017",1083,"45-49",8,8,7.5,9,0,0
"El Salvador",2190,"2017",1083,"5-9",1,0,0.25,0.3,1,1
"El Salvador",2190,"2017",1083,"50-54",7,6.5,6,7.2,0.5,0
"El Salvador",2190,"2017",1083,"55-59",9,6.5,6.75,8.1,2.5,2.5
"El Salvador",2190,"2017",1083,"60-64",6,6,6.5,7.8,0,0
"El Salvador",2190,"2017",1083,"65-69",8,8,7,8.4,0,0
"El Salvador",2190,"2017",1083,"70-74",6,7.5,7.75,9.3,-1.5,0
"El Salvador",2190,"2017",1083,"75-79",14,8,9.25,11.1,6,6
"El Salvador",2190,"2017",1083,"80-84",13,13.5,12.75,15.3,-0.5,0
"El Salvador",2190,"2017",1083,"85-89",10,14,14,16.8,-4,0
"El Salvador",2190,"2017",1083,"90-94",8,6.5,6.5,7.8,1.5,1.5
"El Salvador",2190,"2017",1083,"95+",4,4,4,4.8,0,0
"El Salvador",2190,"2017",1084,"0-4",11,10.5,10.75,12.9,0.5,0
"El Salvador",2190,"2017",1084,"10-14",7,8,9.25,11.1,-1,0
"El Salvador",2190,"2017",1084,"15-19",16,17,18,21.6,-1,0
"El Salvador",2190,"2017",1084,"20-24",39,38,38,45.6,1,0
"El Salvador",2190,"2017",1084,"25-29",52,46.5,47,56.4,5.5,0
"El Salvador",2190,"2017",1084,"30-34",68,61.5,62.5,75,6.5,0
"El Salvador",2190,"2017",1084,"35-39",102,100.5,102.5,123,1.5,0
"El Salvador",2190,"2017",1084,"40-44",166,149,146.75,176.1,17,0
"El Salvador",2190,"2017",1084,"45-49",190,179,176.75,212.1,11,0
"El Salvador",2190,"2017",1084,"5-9",1,3.5,3,3.6,-2.5,0
"El Salvador",2190,"2017",1084,"50-54",235,227,224.25,269.1,8,0
"El Salvador",2190,"2017",1084,"55-59",281,278.5,275.25,330.3,2.5,0
"El Salvador",2190,"2017",1084,"60-64",350,315.5,318.5,382.2,34.5,0
"El Salvador",2190,"2017",1084,"65-69",338,329,323,387.6,9,0
"El Salvador",2190,"2017",1084,"70-74",314,319.5,328,393.6,-5.5,0
"El Salvador",2190,"2017",1084,"75-79",347,338.5,334.75,401.7,8.5,0
"El Salvador",2190,"2017",1084,"80-84",268,272,273,327.6,-4,0
"El Salvador",2190,"2017",1084,"85-89",204,216.5,221,265.2,-12.5,0
"El Salvador",2190,"2017",1084,"90-94",96,113.5,112.75,135.3,-17.5,0
"El Salvador",2190,"2017",1084,"95+",46,40.5,41,49.2,5.5,0
"El Salvador",2190,"2017",1087,"0-4",0,0,0,0,0,0
"El Salvador",2190,"2017",1087,"10-14",0,0,0.25,0.3,0,0
"El Salvador",2190,"2017",1087,"15-19",2,3.5,3.75,4.5,-1.5,0
"El Salvador",2190,"2017",1087,"20-24",8,8,7.75,9.3,0,0
"El Salvador",2190,"2017",1087,"25-29",5,5,5.5,6.6,0,0
"El Salvador",2190,"2017",1087,"30-34",4,4,5,6,0,0
"El Salvador",2190,"2017",1087,"35-39",2,3.5,3.75,4.5,-1.5,0
"El Salvador",2190,"2017",1087,"40-44",4,2,2.25,2.7,2,2
"El Salvador",2190,"2017",1087,"45-49",0,0,0.25,0.3,0,0
"El Salvador",2190,"2017",1087,"5-9",0,0,0,0,0,0
"El Salvador",2190,"2017",1087,"50-54",0,0,0.5,0.6,0,0
"El Salvador",2190,"2017",1087,"55-59",0,0,0,0,0,0
"El Salvador",2190,"2017",1087,"60-64",0,0,0,0,0,0
"El Salvador",2190,"2017",1087,"65-69",0,0,0,0,0,0
"El Salvador",2190,"2017",1087,"70-74",0,0,0,0,0,0
"El Salvador",2190,"2017",1087,"75-79",0,0,0,0,0,0
"El Salvador",2190,"2017",1087,"80-84",0,0,0,0,0,0
"El Salvador",2190,"2017",1087,"85-89",0,0,0,0,0,0
"El Salvador",2190,"2017",1087,"90-94",0,0,0,0,0,0
"El Salvador",2190,"2017",1087,"95+",0,0,0,0,0,0
"El Salvador",2190,"2017",1092,"0-4",315,334,326.75,392.1,-19,0
"El Salvador",2190,"2017",1092,"10-14",0,0,0,0,0,0
"El Salvador",2190,"2017",1092,"15-19",0,0,0,0,0,0
"El Salvador",2190,"2017",1092,"20-24",0,0,0,0,0,0
"El Salvador",2190,"2017",1092,"25-29",0,0,0,0,0,0
"El Salvador",2190,"2017",1092,"30-34",0,0,0,0,0,0
"El Salvador",2190,"2017",1092,"35-39",0,0,0,0,0,0
"El Salvador",2190,"2017",1092,"40-44",0,0,0,0,0,0
"El Salvador",2190,"2017",1092,"45-49",0,0,0,0,0,0
"El Salvador",2190,"2017",1092,"5-9",0,0,0,0,0,0
"El Salvador",2190,"2017",1092,"50-54",0,0,0,0,0,0
"El Salvador",2190,"2017",1092,"55-59",0,0,0,0,0,0
"El Salvador",2190,"2017",1092,"60-64",0,0,0,0,0,0
"El Salvador",2190,"2017",1092,"65-69",0,0,0,0,0,0
"El Salvador",2190,"2017",1092,"70-74",0,0,0,0,0,0
"El Salvador",2190,"2017",1092,"75-79",0,0,0,0,0,0
"El Salvador",2190,"2017",1092,"80-84",0,0,0,0,0,0
"El Salvador",2190,"2017",1092,"85-89",0,0,0,0,0,0
"El Salvador",2190,"2017",1092,"90-94",0,0,0,0,0,0
"El Salvador",2190,"2017",1092,"95+",0,0,0,0,0,0
"El Salvador",2190,"2017",1093,"0-4",201,186,184,220.8,15,0
"El Salvador",2190,"2017",1093,"10-14",4,3.5,3.75,4.5,0.5,0
"El Salvador",2190,"2017",1093,"15-19",5,7,7,8.4,-2,0
"El Salvador",2190,"2017",1093,"20-24",4,5,5.75,6.9,-1,0
"El Salvador",2190,"2017",1093,"25-29",5,2,2.75,3.3,3,3
"El Salvador",2190,"2017",1093,"30-34",3,3,3.25,3.9,0,0
"El Salvador",2190,"2017",1093,"35-39",2,2,1.5,1.8,0,0
"El Salvador",2190,"2017",1093,"40-44",0,0.5,0.5,0.6,-0.5,0
"El Salvador",2190,"2017",1093,"45-49",1,0.5,0.5,0.6,0.5,0.5
"El Salvador",2190,"2017",1093,"5-9",6,4.5,4.5,5.4,1.5,1.5
"El Salvador",2190,"2017",1093,"50-54",1,0.5,0.75,0.9,0.5,0.5
"El Salvador",2190,"2017",1093,"55-59",0,1,1.75,2.1,-1,0
"El Salvador",2190,"2017",1093,"60-64",1,1,1.25,1.5,0,0
"El Salvador",2190,"2017",1093,"65-69",1,1,1,1.2,0,0
"El Salvador",2190,"2017",1093,"70-74",2,1,1.5,1.8,1,1
"El Salvador",2190,"2017",1093,"75-79",0,0.5,1.25,1.5,-0.5,0
"El Salvador",2190,"2017",1093,"80-84",1,1,1.25,1.5,0,0
"El Salvador",2190,"2017",1093,"85-89",0,1.5,1.75,2.1,-1.5,0
"El Salvador",2190,"2017",1093,"90-94",0,0.5,0.75,0.9,-0.5,0
"El Salvador",2190,"2017",1093,"95+",1,0.5,0.75,0.9,0.5,0.5
"El Salvador",2190,"2017",1094,"0-4",96,103,109.5,131.4,-7,0
"El Salvador",2190,"2017",1094,"10-14",24,28.5,49.5,59.4,-4.5,0
"El Salvador",2190,"2017",1094,"15-19",53,50.5,53.25,63.9,2.5,0
"El Salvador",2190,"2017",1094,"20-24",53,60.5,60.5,72.6,-7.5,0
"El Salvador",2190,"2017",1094,"25-29",74,70.5,69.5,83.4,3.5,0
"El Salvador",2190,"2017",1094,"30-34",100,81,83.5,100.2,19,0
"El Salvador",2190,"2017",1094,"35-39",111,120.5,123.25,147.9,-9.5,0
"El Salvador",2190,"2017",1094,"40-44",151,150,150.75,180.9,1,0
"El Salvador",2190,"2017",1094,"45-49",164,175,175,210,-11,0
"El Salvador",2190,"2017",1094,"5-9",22,21.5,22,26.4,0.5,0
"El Salvador",2190,"2017",1094,"50-54",240,226,225,270,14,0
"El Salvador",2190,"2017",1094,"55-59",256,275,276.25,331.5,-19,0
"El Salvador",2190,"2017",1094,"60-64",341,350.5,350.5,420.6,-9.5,0
"El Salvador",2190,"2017",1094,"65-69",413,432.5,425.25,510.3,-19.5,0
"El Salvador",2190,"2017",1094,"70-74",583,581,579,694.8,2,0
"El Salvador",2190,"2017",1094,"75-79",687,729,737.5,885,-42,0
"El Salvador",2190,"2017",1094,"80-84",912,924,935,1122,-12,0
"El Salvador",2190,"2017",1094,"85-89",967,1046,1034.75,1241.7,-79,0
"El Salvador",2190,"2017",1094,"90-94",854,826.5,826.25,991.5,27.5,0
"El Salvador",2190,"2017",1094,"95+",468,470.5,458.25,549.9,-2.5,0
"El Salvador",2190,"2017",1096,"0-4",13,13,13.25,15.9,0,0
"El Salvador",2190,"2017",1096,"10-14",13,13,12.75,15.3,0,0
"El Salvador",2190,"2017",1096,"15-19",45,40,40,48,5,0
"El Salvador",2190,"2017",1096,"20-24",87,85,86,103.2,2,0
"El Salvador",2190,"2017",1096,"25-29",82,84.5,87,104.4,-2.5,0
"El Salvador",2190,"2017",1096,"30-34",71,80,82.25,98.7,-9,0
"El Salvador",2190,"2017",1096,"35-39",69,81,82.75,99.3,-12,0
"El Salvador",2190,"2017",1096,"40-44",69,63.5,64,76.8,5.5,0
"El Salvador",2190,"2017",1096,"45-49",67,61.5,61.75,74.1,5.5,0
"El Salvador",2190,"2017",1096,"5-9",6,12,10.75,12.9,-6,0
"El Salvador",2190,"2017",1096,"50-54",59,57,56.75,68.1,2,0
"El Salvador",2190,"2017",1096,"55-59",61,59,57.25,68.7,2,0
"El Salvador",2190,"2017",1096,"60-64",46,46,46.25,55.5,0,0
"El Salvador",2190,"2017",1096,"65-69",49,48.5,50.5,60.6,0.5,0
"El Salvador",2190,"2017",1096,"70-74",45,42,42,50.4,3,0
"El Salvador",2190,"2017",1096,"75-79",44,43.5,42.5,51,0.5,0
"El Salvador",2190,"2017",1096,"80-84",28,33,33.75,40.5,-5,0
"El Salvador",2190,"2017",1096,"85-89",24,22,21,25.2,2,0
"El Salvador",2190,"2017",1096,"90-94",8,9,9.25,11.1,-1,0
"El Salvador",2190,"2017",1096,"95+",6,4,4.75,5.7,2,2
"El Salvador",2190,"2017",1102,"0-4",12,4,5.5,6.6,8,8
"El Salvador",2190,"2017",1102,"10-14",47,58,53.5,64.2,-11,0
"El Salvador",2190,"2017",1102,"15-19",496,654,620.75,744.9,-158,0
"El Salvador",2190,"2017",1102,"20-24",606,706,738.75,886.5,-100,0
"El Salvador",2190,"2017",1102,"25-29",425,488.5,528.25,633.9,-63.5,0
"El Salvador",2190,"2017",1102,"30-34",343,409,444.5,533.4,-66,0
"El Salvador",2190,"2017",1102,"35-39",358,382.5,423.5,508.2,-24.5,0
"El Salvador",2190,"2017",1102,"40-44",303,327.5,334,400.8,-24.5,0
"El Salvador",2190,"2017",1102,"45-49",205,231,230.5,276.6,-26,0
"El Salvador",2190,"2017",1102,"5-9",6,3.5,3.25,3.9,2.5,2.5
"El Salvador",2190,"2017",1102,"50-54",136,149,148,177.6,-13,0
"El Salvador",2190,"2017",1102,"55-59",89,97,104.25,125.1,-8,0
"El Salvador",2190,"2017",1102,"60-64",93,82,79,94.8,11,0
"El Salvador",2190,"2017",1102,"65-69",58,60,58,69.6,-2,0
"El Salvador",2190,"2017",1102,"70-74",29,35.5,39.5,47.4,-6.5,0
"El Salvador",2190,"2017",1102,"75-79",20,29,30,36,-9,0
"El Salvador",2190,"2017",1102,"80-84",12,18,17.75,21.3,-6,0
"El Salvador",2190,"2017",1102,"85-89",7,10.5,11,13.2,-3.5,0
"El Salvador",2190,"2017",1102,"90-94",6,6.5,6.25,7.5,-0.5,0
"El Salvador",2190,"2017",1102,"95+",5,5.5,5.75,6.9,-0.5,0
"El Salvador",2190,"2018",1001,"0-4",55,76.5,79.75,95.7,-21.5,0
"El Salvador",2190,"2018",1001,"10-14",12,11,12,14.4,1,0
"El Salvador",2190,"2018",1001,"15-19",14,19,19,22.8,-5,0
"El Salvador",2190,"2018",1001,"20-24",37,39,38.25,45.9,-2,0
"El Salvador",2190,"2018",1001,"25-29",48,45.5,46.25,55.5,2.5,0
"El Salvador",2190,"2018",1001,"30-34",38,58,53.75,64.5,-20,0
"El Salvador",2190,"2018",1001,"35-39",74,70.5,70.25,84.3,3.5,0
"El Salvador",2190,"2018",1001,"40-44",74,72.5,74.75,89.7,1.5,0
"El Salvador",2190,"2018",1001,"45-49",60,70.5,78.75,94.5,-10.5,0
"El Salvador",2190,"2018",1001,"5-9",10,9,10.5,12.6,1,0
"El Salvador",2190,"2018",1001,"50-54",85,87.5,90.75,108.9,-2.5,0
"El Salvador",2190,"2018",1001,"55-59",92,93.5,97.75,117.3,-1.5,0
"El Salvador",2190,"2018",1001,"60-64",125,111.5,103.5,124.2,13.5,13.5
"El Salvador",2190,"2018",1001,"65-69",110,111.5,115.75,138.9,-1.5,0
"El Salvador",2190,"2018",1001,"70-74",118,111,122.25,146.7,7,0
"El Salvador",2190,"2018",1001,"75-79",141,136,142.75,171.3,5,0
"El Salvador",2190,"2018",1001,"80-84",132,132,143.5,172.2,0,0
"El Salvador",2190,"2018",1001,"85-89",106,108.5,117.5,141,-2.5,0
"El Salvador",2190,"2018",1001,"90-94",77,81.5,86.25,103.5,-4.5,0
"El Salvador",2190,"2018",1001,"95+",32,33.5,36.75,44.1,-1.5,0
"El Salvador",2190,"2018",1026,"0-4",25,21,20,24,4,4
"El Salvador",2190,"2018",1026,"10-14",37,31,29.75,35.7,6,6
"El Salvador",2190,"2018",1026,"15-19",40,37,37.75,45.3,3,0
"El Salvador",2190,"2018",1026,"20-24",51,47,44.25,53.1,4,0
"El Salvador",2190,"2018",1026,"25-29",54,47.5,46,55.2,6.5,0
"El Salvador",2190,"2018",1026,"30-34",49,58,59,70.8,-9,0
"El Salvador",2190,"2018",1026,"35-39",113,101,102.5,123,12,0
"El Salvador",2190,"2018",1026,"40-44",136,134,141,169.2,2,0
"El Salvador",2190,"2018",1026,"45-49",171,180,184.25,221.1,-9,0
"El Salvador",2190,"2018",1026,"5-9",14,19.5,18.5,22.2,-5.5,0
"El Salvador",2190,"2018",1026,"50-54",213,217,222.75,267.3,-4,0
"El Salvador",2190,"2018",1026,"55-59",281,296,294.75,353.7,-15,0
"El Salvador",2190,"2018",1026,"60-64",312,310.5,316.25,379.5,1.5,0
"El Salvador",2190,"2018",1026,"65-69",341,359,355.5,426.6,-18,0
"El Salvador",2190,"2018",1026,"70-74",409,398,399,478.8,11,0
"El Salvador",2190,"2018",1026,"75-79",410,434.5,435,522,-24.5,0
"El Salvador",2190,"2018",1026,"80-84",336,337.5,342.5,411,-1.5,0
"El Salvador",2190,"2018",1026,"85-89",333,264,279.25,335.1,69,0
"El Salvador",2190,"2018",1026,"90-94",136,124,124.25,149.1,12,0
"El Salvador",2190,"2018",1026,"95+",64,40.5,45.5,54.6,23.5,23.5
"El Salvador",2190,"2018",1048,"0-4",10,11.5,12.25,14.7,-1.5,0
"El Salvador",2190,"2018",1048,"10-14",0,3.5,3.25,3.9,-3.5,0
"El Salvador",2190,"2018",1048,"15-19",6,6.5,7.25,8.7,-0.5,0
"El Salvador",2190,"2018",1048,"20-24",5,5,4.75,5.7,0,0
"El Salvador",2190,"2018",1048,"25-29",7,9.5,9,10.8,-2.5,0
"El Salvador",2190,"2018",1048,"30-34",6,5.5,5.5,6.6,0.5,0
"El Salvador",2190,"2018",1048,"35-39",4,4,4.5,5.4,0,0
"El Salvador",2190,"2018",1048,"40-44",11,8.5,8.5,10.2,2.5,2.5
"El Salvador",2190,"2018",1048,"45-49",9,10,10.25,12.3,-1,0
"El Salvador",2190,"2018",1048,"5-9",3,2.5,2.75,3.3,0.5,0
"El Salvador",2190,"2018",1048,"50-54",7,8.5,8.75,10.5,-1.5,0
"El Salvador",2190,"2018",1048,"55-59",16,14.5,14,16.8,1.5,0
"El Salvador",2190,"2018",1048,"60-64",6,10,10.75,12.9,-4,0
"El Salvador",2190,"2018",1048,"65-69",11,9.5,9.5,11.4,1.5,0
"El Salvador",2190,"2018",1048,"70-74",13,13,13.5,16.2,0,0
"El Salvador",2190,"2018",1048,"75-79",15,16.5,17.25,20.7,-1.5,0
"El Salvador",2190,"2018",1048,"80-84",13,12.5,11.5,13.8,0.5,0
"El Salvador",2190,"2018",1048,"85-89",7,12.5,12,14.4,-5.5,0
"El Salvador",2190,"2018",1048,"90-94",7,6,6,7.2,1,0
"El Salvador",2190,"2018",1048,"95+",3,3,2.75,3.3,0,0
"El Salvador",2190,"2018",1051,"0-4",29,19.5,21,25.2,9.5,9.5
"El Salvador",2190,"2018",1051,"10-14",15,5,7,8.4,10,10
"El Salvador",2190,"2018",1051,"15-19",11,9.5,9,10.8,1.5,1.5
"El Salvador",2190,"2018",1051,"20-24",21,13.5,14.75,17.7,7.5,7.5
"El Salvador",2190,"2018",1051,"25-29",27,17.5,18.5,22.2,9.5,9.5
"El Salvador",2190,"2018",1051,"30-34",43,26,28.75,34.5,17,17
"El Salvador",2190,"2018",1051,"35-39",42,34,33.75,40.5,8,8
"El Salvador",2190,"2018",1051,"40-44",88,60.5,62.75,75.3,27.5,27.5
"El Salvador",2190,"2018",1051,"45-49",99,92.5,90,108,6.5,0
"El Salvador",2190,"2018",1051,"5-9",8,5,5.75,6.9,3,3
"El Salvador",2190,"2018",1051,"50-54",125,118.5,123.5,148.2,6.5,0
"El Salvador",2190,"2018",1051,"55-59",188,167.5,168,201.6,20.5,0
"El Salvador",2190,"2018",1051,"60-64",224,199,197.25,236.7,25,0
"El Salvador",2190,"2018",1051,"65-69",222,214,213,255.6,8,0
"El Salvador",2190,"2018",1051,"70-74",234,233.5,245.5,294.6,0.5,0
"El Salvador",2190,"2018",1051,"75-79",239,218.5,220.5,264.6,20.5,0
"El Salvador",2190,"2018",1051,"80-84",227,213,204.25,245.1,14,0
"El Salvador",2190,"2018",1051,"85-89",161,159.5,163.75,196.5,1.5,0
"El Salvador",2190,"2018",1051,"90-94",109,77,82,98.4,32,32
"El Salvador",2190,"2018",1051,"95+",27,27.5,26.75,32.1,-0.5,0
"El Salvador",2190,"2018",1055,"0-4",0,0,0.75,0.9,0,0
"El Salvador",2190,"2018",1055,"10-14",1,0,0.25,0.3,1,1
"El Salvador",2190,"2018",1055,"15-19",1,1.5,1.25,1.5,-0.5,0
"El Salvador",2190,"2018",1055,"20-24",7,8,7.75,9.3,-1,0
"El Salvador",2190,"2018",1055,"25-29",25,27,27,32.4,-2,0
"El Salvador",2190,"2018",1055,"30-34",24,54.5,47.75,57.3,-30.5,0
"El Salvador",2190,"2018",1055,"35-39",49,67,66,79.2,-18,0
"El Salvador",2190,"2018",1055,"40-44",73,86,85.75,102.9,-13,0
"El Salvador",2190,"2018",1055,"45-49",65,69,66.75,80.1,-4,0
"El Salvador",2190,"2018",1055,"5-9",1,0,0.25,0.3,1,1
"El Salvador",2190,"2018",1055,"50-54",38,59.5,59.5,71.4,-21.5,0
"El Salvador",2190,"2018",1055,"55-59",55,57,56.75,68.1,-2,0
"El Salvador",2190,"2018",1055,"60-64",37,43,43,51.6,-6,0
"El Salvador",2190,"2018",1055,"65-69",24,23.5,26.75,32.1,0.5,0
"El Salvador",2190,"2018",1055,"70-74",24,26,27,32.4,-2,0
"El Salvador",2190,"2018",1055,"75-79",16,16.5,16.75,20.1,-0.5,0
"El Salvador",2190,"2018",1055,"80-84",20,11,12.5,15,9,9
"El Salvador",2190,"2018",1055,"85-89",10,9.5,8,9.6,0.5,0.5
"El Salvador",2190,"2018",1055,"90-94",11,8.5,7.5,9,2.5,2.5
"El Salvador",2190,"2018",1055,"95+",5,5,5,6,0,0
"El Salvador",2190,"2018",1058,"0-4",24,25,27.5,33,-1,0
"El Salvador",2190,"2018",1058,"10-14",11,11,10.75,12.9,0,0
"El Salvador",2190,"2018",1058,"15-19",9,16,15.25,18.3,-7,0
"El Salvador",2190,"2018",1058,"20-24",9,13.5,13.75,16.5,-4.5,0
"El Salvador",2190,"2018",1058,"25-29",12,16.5,16,19.2,-4.5,0
"El Salvador",2190,"2018",1058,"30-34",13,13,13,15.6,0,0
"El Salvador",2190,"2018",1058,"35-39",12,13.5,14,16.8,-1.5,0
"El Salvador",2190,"2018",1058,"40-44",22,22,20,24,0,0
"El Salvador",2190,"2018",1058,"45-49",23,21.5,21.75,26.1,1.5,0
"El Salvador",2190,"2018",1058,"5-9",8,9.5,10.25,12.3,-1.5,0
"El Salvador",2190,"2018",1058,"50-54",21,21.5,21.75,26.1,-0.5,0
"El Salvador",2190,"2018",1058,"55-59",31,29,27,32.4,2,0
"El Salvador",2190,"2018",1058,"60-64",28,34.5,34.25,41.1,-6.5,0
"El Salvador",2190,"2018",1058,"65-69",36,39.5,38.5,46.2,-3.5,0
"El Salvador",2190,"2018",1058,"70-74",33,42,44.5,53.4,-9,0
"El Salvador",2190,"2018",1058,"75-79",46,65,69.25,83.1,-19,0
"El Salvador",2190,"2018",1058,"80-84",39,70,66.5,79.8,-31,0
"El Salvador",2190,"2018",1058,"85-89",31,67.5,61.5,73.8,-36.5,0
"El Salvador",2190,"2018",1058,"90-94",21,39,36.5,43.8,-18,0
"El Salvador",2190,"2018",1058,"95+",8,12.5,12.25,14.7,-4.5,0
"El Salvador",2190,"2018",1062,"0-4",1,0,0.25,0.3,1,1
"El Salvador",2190,"2018",1062,"10-14",0,0,0,0,0,0
"El Salvador",2190,"2018",1062,"15-19",0,0,0,0,0,0
"El Salvador",2190,"2018",1062,"20-24",0,0,0,0,0,0
"El Salvador",2190,"2018",1062,"25-29",0,0,0,0,0,0
"El Salvador",2190,"2018",1062,"30-34",1,0,0.25,0.3,1,1
"El Salvador",2190,"2018",1062,"35-39",0,0,0.25,0.3,0,0
"El Salvador",2190,"2018",1062,"40-44",0,0,0,0,0,0
"El Salvador",2190,"2018",1062,"45-49",0,0,0,0,0,0
"El Salvador",2190,"2018",1062,"5-9",0,0,0,0,0,0
"El Salvador",2190,"2018",1062,"50-54",0,0,0,0,0,0
"El Salvador",2190,"2018",1062,"55-59",0,0,0.25,0.3,0,0
"El Salvador",2190,"2018",1062,"60-64",0,0,0,0,0,0
"El Salvador",2190,"2018",1062,"65-69",0,1,0.75,0.9,-1,0
"El Salvador",2190,"2018",1062,"70-74",0,0,0,0,0,0
"El Salvador",2190,"2018",1062,"75-79",0,0,0,0,0,0
"El Salvador",2190,"2018",1062,"80-84",0,0,0,0,0,0
"El Salvador",2190,"2018",1062,"85-89",0,0,0,0,0,0
"El Salvador",2190,"2018",1062,"90-94",0,0,0,0,0,0
"El Salvador",2190,"2018",1062,"95+",0,0,0,0,0,0
"El Salvador",2190,"2018",1063,"0-4",0,0,0,0,0,0
"El Salvador",2190,"2018",1063,"10-14",0,0,0,0,0,0
"El Salvador",2190,"2018",1063,"15-19",0,0,0,0,0,0
"El Salvador",2190,"2018",1063,"20-24",0,0,0.333333333333333,0.4,0,0
"El Salvador",2190,"2018",1063,"25-29",0,0,0,0,0,0
"El Salvador",2190,"2018",1063,"30-34",0,0,0,0,0,0
"El Salvador",2190,"2018",1063,"35-39",0,0,0,0,0,0
"El Salvador",2190,"2018",1063,"40-44",0,0,0,0,0,0
"El Salvador",2190,"2018",1063,"45-49",0,0,0.333333333333333,0.4,0,0
"El Salvador",2190,"2018",1063,"5-9",0,0,0,0,0,0
"El Salvador",2190,"2018",1063,"50-54",0,0,0,0,0,0
"El Salvador",2190,"2018",1063,"55-59",0,0,0,0,0,0
"El Salvador",2190,"2018",1063,"60-64",0,0,0,0,0,0
"El Salvador",2190,"2018",1063,"65-69",0,0,0.333333333333333,0.4,0,0
"El Salvador",2190,"2018",1063,"70-74",0,0,0,0,0,0
"El Salvador",2190,"2018",1063,"75-79",0,0,0,0,0,0
"El Salvador",2190,"2018",1063,"80-84",0,0,0,0,0,0
"El Salvador",2190,"2018",1063,"85-89",0,0,0,0,0,0
"El Salvador",2190,"2018",1063,"90-94",0,0,0,0,0,0
"El Salvador",2190,"2018",1063,"95+",1,0,0.333333333333333,0.4,1,1
"El Salvador",2190,"2018",1064,"0-4",57,52,49.25,59.1,5,0
"El Salvador",2190,"2018",1064,"10-14",80,23,36.25,43.5,57,57
"El Salvador",2190,"2018",1064,"15-19",42,29.5,32,38.4,12.5,12.5
"El Salvador",2190,"2018",1064,"20-24",64,50,52,62.4,14,14
"El Salvador",2190,"2018",1064,"25-29",67,68.5,65.5,78.6,-1.5,0
"El Salvador",2190,"2018",1064,"30-34",77,77.5,79,94.8,-0.5,0
"El Salvador",2190,"2018",1064,"35-39",147,129,131,157.2,18,0
"El Salvador",2190,"2018",1064,"40-44",196,180.5,176,211.2,15.5,0
"El Salvador",2190,"2018",1064,"45-49",221,224,227.75,273.3,-3,0
"El Salvador",2190,"2018",1064,"5-9",18,12,12.25,14.7,6,6
"El Salvador",2190,"2018",1064,"50-54",323,313.5,313.75,376.5,9.5,0
"El Salvador",2190,"2018",1064,"55-59",444,437.5,432,518.4,6.5,0
"El Salvador",2190,"2018",1064,"60-64",521,520.5,530.5,636.6,0.5,0
"El Salvador",2190,"2018",1064,"65-69",635,630,630.25,756.3,5,0
"El Salvador",2190,"2018",1064,"70-74",717,836,842,1010.4,-119,0
"El Salvador",2190,"2018",1064,"75-79",911,1053,1054.5,1265.4,-142,0
"El Salvador",2190,"2018",1064,"80-84",1021,1199.5,1203.25,1443.9,-178.5,0
"El Salvador",2190,"2018",1064,"85-89",1071,1214,1251,1501.2,-143,0
"El Salvador",2190,"2018",1064,"90-94",744,856,880,1056,-112,0
"El Salvador",2190,"2018",1064,"95+",387,479,488.5,586.2,-92,0
"El Salvador",2190,"2018",1072,"0-4",111,116,123.75,148.5,-5,0
"El Salvador",2190,"2018",1072,"10-14",47,15.5,22.5,27,31.5,31.5
"El Salvador",2190,"2018",1072,"15-19",38,32,32.25,38.7,6,0
"El Salvador",2190,"2018",1072,"20-24",49,42,43.25,51.9,7,0
"El Salvador",2190,"2018",1072,"25-29",43,43,42.75,51.3,0,0
"El Salvador",2190,"2018",1072,"30-34",55,50.5,50.25,60.3,4.5,0
"El Salvador",2190,"2018",1072,"35-39",83,63.5,63.75,76.5,19.5,19.5
"El Salvador",2190,"2018",1072,"40-44",93,62.5,68.25,81.9,30.5,30.5
"El Salvador",2190,"2018",1072,"45-49",117,91,91,109.2,26,26
"El Salvador",2190,"2018",1072,"5-9",17,18,15.25,18.3,-1,0
"El Salvador",2190,"2018",1072,"50-54",136,117.5,115.25,138.3,18.5,0
"El Salvador",2190,"2018",1072,"55-59",191,121.5,135.75,162.9,69.5,69.5
"El Salvador",2190,"2018",1072,"60-64",190,178,169,202.8,12,0
"El Salvador",2190,"2018",1072,"65-69",243,212.5,216,259.2,30.5,0
"El Salvador",2190,"2018",1072,"70-74",266,277,277.75,333.3,-11,0
"El Salvador",2190,"2018",1072,"75-79",349,395,389.5,467.4,-46,0
"El Salvador",2190,"2018",1072,"80-84",401,452,444.75,533.7,-51,0
"El Salvador",2190,"2018",1072,"85-89",380,453,453.25,543.9,-73,0
"El Salvador",2190,"2018",1072,"90-94",295,319.5,325.25,390.3,-24.5,0
"El Salvador",2190,"2018",1072,"95+",129,161.5,164.75,197.7,-32.5,0
"El Salvador",2190,"2018",1078,"0-4",20,17.5,17.5,21,2.5,0
"El Salvador",2190,"2018",1078,"10-14",7,4.5,4.25,5.1,2.5,2.5
"El Salvador",2190,"2018",1078,"15-19",12,9,9.25,11.1,3,3
"El Salvador",2190,"2018",1078,"20-24",32,16.5,20,24,15.5,15.5
"El Salvador",2190,"2018",1078,"25-29",36,30.5,29.5,35.4,5.5,5.5
"El Salvador",2190,"2018",1078,"30-34",54,54.5,57,68.4,-0.5,0
"El Salvador",2190,"2018",1078,"35-39",89,86.5,89,106.8,2.5,0
"El Salvador",2190,"2018",1078,"40-44",114,114.5,117.75,141.3,-0.5,0
"El Salvador",2190,"2018",1078,"45-49",147,128,130,156,19,0
"El Salvador",2190,"2018",1078,"5-9",7,5,5,6,2,2
"El Salvador",2190,"2018",1078,"50-54",149,152,152.5,183,-3,0
"El Salvador",2190,"2018",1078,"55-59",192,193,189.75,227.7,-1,0
"El Salvador",2190,"2018",1078,"60-64",191,189,190.75,228.9,2,0
"El Salvador",2190,"2018",1078,"65-69",189,185,180,216,4,0
"El Salvador",2190,"2018",1078,"70-74",183,184.5,186.25,223.5,-1.5,0
"El Salvador",2190,"2018",1078,"75-79",205,200.5,198,237.6,4.5,0
"El Salvador",2190,"2018",1078,"80-84",170,167,167.75,201.3,3,0
"El Salvador",2190,"2018",1078,"85-89",125,129.5,132.25,158.7,-4.5,0
"El Salvador",2190,"2018",1078,"90-94",80,76.5,72.75,87.3,3.5,0
"El Salvador",2190,"2018",1078,"95+",36,30.5,30.75,36.9,5.5,0
"El Salvador",2190,"2018",1082,"0-4",2,2,1.5,1.8,0,0
"El Salvador",2190,"2018",1082,"10-14",0,1,1.25,1.5,-1,0
"El Salvador",2190,"2018",1082,"15-19",2,2.5,2.75,3.3,-0.5,0
"El Salvador",2190,"2018",1082,"20-24",0,2,2.25,2.7,-2,0
"El Salvador",2190,"2018",1082,"25-29",1,1,1,1.2,0,0
"El Salvador",2190,"2018",1082,"30-34",1,1,1.5,1.8,0,0
"El Salvador",2190,"2018",1082,"35-39",0,3.5,3.25,3.9,-3.5,0
"El Salvador",2190,"2018",1082,"40-44",3,3.5,4,4.8,-0.5,0
"El Salvador",2190,"2018",1082,"45-49",1,2,2.5,3,-1,0
"El Salvador",2190,"2018",1082,"5-9",0,0,0.25,0.3,0,0
"El Salvador",2190,"2018",1082,"50-54",7,5,4.75,5.7,2,2
"El Salvador",2190,"2018",1082,"55-59",8,7,7,8.4,1,0
"El Salvador",2190,"2018",1082,"60-64",7,7.5,6.75,8.1,-0.5,0
"El Salvador",2190,"2018",1082,"65-69",10,9,9,10.8,1,0
"El Salvador",2190,"2018",1082,"70-74",12,10.5,9.25,11.1,1.5,1.5
"El Salvador",2190,"2018",1082,"75-79",19,12,12.5,15,7,7
"El Salvador",2190,"2018",1082,"80-84",16,16,16,19.2,0,0
"El Salvador",2190,"2018",1082,"85-89",12,13,13.25,15.9,-1,0
"El Salvador",2190,"2018",1082,"90-94",14,13,12,14.4,1,0
"El Salvador",2190,"2018",1082,"95+",7,8,7.5,9,-1,0
"El Salvador",2190,"2018",1083,"0-4",0,0.5,0.5,0.6,-0.5,0
"El Salvador",2190,"2018",1083,"10-14",2,1.5,1.5,1.8,0.5,0.5
"El Salvador",2190,"2018",1083,"15-19",3,3,3.5,4.2,0,0
"El Salvador",2190,"2018",1083,"20-24",6,6,5.25,6.3,0,0
"El Salvador",2190,"2018",1083,"25-29",6,5.5,5.5,6.6,0.5,0
"El Salvador",2190,"2018",1083,"30-34",6,5.5,4.5,5.4,0.5,0.5
"El Salvador",2190,"2018",1083,"35-39",4,4.5,5.25,6.3,-0.5,0
"El Salvador",2190,"2018",1083,"40-44",3,4,3.75,4.5,-1,0
"El Salvador",2190,"2018",1083,"45-49",10,8,7.5,9,2,2
"El Salvador",2190,"2018",1083,"5-9",0,0,0.25,0.3,0,0
"El Salvador",2190,"2018",1083,"50-54",4,6.5,6,7.2,-2.5,0
"El Salvador",2190,"2018",1083,"55-59",5,6.5,6.75,8.1,-1.5,0
"El Salvador",2190,"2018",1083,"60-64",6,6,6.5,7.8,0,0
"El Salvador",2190,"2018",1083,"65-69",8,8,7,8.4,0,0
"El Salvador",2190,"2018",1083,"70-74",12,7.5,7.75,9.3,4.5,4.5
"El Salvador",2190,"2018",1083,"75-79",7,8,9.25,11.1,-1,0
"El Salvador",2190,"2018",1083,"80-84",16,13.5,12.75,15.3,2.5,2.5
"El Salvador",2190,"2018",1083,"85-89",16,14,14,16.8,2,0
"El Salvador",2190,"2018",1083,"90-94",7,6.5,6.5,7.8,0.5,0
"El Salvador",2190,"2018",1083,"95+",3,4,4,4.8,-1,0
"El Salvador",2190,"2018",1084,"0-4",14,10.5,10.75,12.9,3.5,3.5
"El Salvador",2190,"2018",1084,"10-14",14,8,9.25,11.1,6,6
"El Salvador",2190,"2018",1084,"15-19",16,17,18,21.6,-1,0
"El Salvador",2190,"2018",1084,"20-24",33,38,38,45.6,-5,0
"El Salvador",2190,"2018",1084,"25-29",44,46.5,47,56.4,-2.5,0
"El Salvador",2190,"2018",1084,"30-34",51,61.5,62.5,75,-10.5,0
"El Salvador",2190,"2018",1084,"35-39",97,100.5,102.5,123,-3.5,0
"El Salvador",2190,"2018",1084,"40-44",164,149,146.75,176.1,15,0
"El Salvador",2190,"2018",1084,"45-49",183,179,176.75,212.1,4,0
"El Salvador",2190,"2018",1084,"5-9",4,3.5,3,3.6,0.5,0.5
"El Salvador",2190,"2018",1084,"50-54",233,227,224.25,269.1,6,0
"El Salvador",2190,"2018",1084,"55-59",301,278.5,275.25,330.3,22.5,0
"El Salvador",2190,"2018",1084,"60-64",325,315.5,318.5,382.2,9.5,0
"El Salvador",2190,"2018",1084,"65-69",334,329,323,387.6,5,0
"El Salvador",2190,"2018",1084,"70-74",325,319.5,328,393.6,5.5,0
"El Salvador",2190,"2018",1084,"75-79",315,338.5,334.75,401.7,-23.5,0
"El Salvador",2190,"2018",1084,"80-84",290,272,273,327.6,18,0
"El Salvador",2190,"2018",1084,"85-89",247,216.5,221,265.2,30.5,0
"El Salvador",2190,"2018",1084,"90-94",128,113.5,112.75,135.3,14.5,0
"El Salvador",2190,"2018",1084,"95+",37,40.5,41,49.2,-3.5,0
"El Salvador",2190,"2018",1087,"0-4",0,0,0,0,0,0
"El Salvador",2190,"2018",1087,"10-14",0,0,0.25,0.3,0,0
"El Salvador",2190,"2018",1087,"15-19",4,3.5,3.75,4.5,0.5,0
"El Salvador",2190,"2018",1087,"20-24",8,8,7.75,9.3,0,0
"El Salvador",2190,"2018",1087,"25-29",2,5,5.5,6.6,-3,0
"El Salvador",2190,"2018",1087,"30-34",4,4,5,6,0,0
"El Salvador",2190,"2018",1087,"35-39",5,3.5,3.75,4.5,1.5,1.5
"El Salvador",2190,"2018",1087,"40-44",2,2,2.25,2.7,0,0
"El Salvador",2190,"2018",1087,"45-49",0,0,0.25,0.3,0,0
"El Salvador",2190,"2018",1087,"5-9",0,0,0,0,0,0
"El Salvador",2190,"2018",1087,"50-54",0,0,0.5,0.6,0,0
"El Salvador",2190,"2018",1087,"55-59",0,0,0,0,0,0
"El Salvador",2190,"2018",1087,"60-64",0,0,0,0,0,0
"El Salvador",2190,"2018",1087,"65-69",0,0,0,0,0,0
"El Salvador",2190,"2018",1087,"70-74",0,0,0,0,0,0
"El Salvador",2190,"2018",1087,"75-79",0,0,0,0,0,0
"El Salvador",2190,"2018",1087,"80-84",0,0,0,0,0,0
"El Salvador",2190,"2018",1087,"85-89",0,0,0,0,0,0
"El Salvador",2190,"2018",1087,"90-94",0,0,0,0,0,0
"El Salvador",2190,"2018",1087,"95+",0,0,0,0,0,0
"El Salvador",2190,"2018",1092,"0-4",250,334,326.75,392.1,-84,0
"El Salvador",2190,"2018",1092,"10-14",0,0,0,0,0,0
"El Salvador",2190,"2018",1092,"15-19",0,0,0,0,0,0
"El Salvador",2190,"2018",1092,"20-24",0,0,0,0,0,0
"El Salvador",2190,"2018",1092,"25-29",0,0,0,0,0,0
"El Salvador",2190,"2018",1092,"30-34",0,0,0,0,0,0
"El Salvador",2190,"2018",1092,"35-39",0,0,0,0,0,0
"El Salvador",2190,"2018",1092,"40-44",0,0,0,0,0,0
"El Salvador",2190,"2018",1092,"45-49",0,0,0,0,0,0
"El Salvador",2190,"2018",1092,"5-9",0,0,0,0,0,0
"El Salvador",2190,"2018",1092,"50-54",0,0,0,0,0,0
"El Salvador",2190,"2018",1092,"55-59",0,0,0,0,0,0
"El Salvador",2190,"2018",1092,"60-64",0,0,0,0,0,0
"El Salvador",2190,"2018",1092,"65-69",0,0,0,0,0,0
"El Salvador",2190,"2018",1092,"70-74",0,0,0,0,0,0
"El Salvador",2190,"2018",1092,"75-79",0,0,0,0,0,0
"El Salvador",2190,"2018",1092,"80-84",0,0,0,0,0,0
"El Salvador",2190,"2018",1092,"85-89",0,0,0,0,0,0
"El Salvador",2190,"2018",1092,"90-94",0,0,0,0,0,0
"El Salvador",2190,"2018",1092,"95+",0,0,0,0,0,0
"El Salvador",2190,"2018",1093,"0-4",138,186,184,220.8,-48,0
"El Salvador",2190,"2018",1093,"10-14",2,3.5,3.75,4.5,-1.5,0
"El Salvador",2190,"2018",1093,"15-19",5,7,7,8.4,-2,0
"El Salvador",2190,"2018",1093,"20-24",5,5,5.75,6.9,0,0
"El Salvador",2190,"2018",1093,"25-29",2,2,2.75,3.3,0,0
"El Salvador",2190,"2018",1093,"30-34",2,3,3.25,3.9,-1,0
"El Salvador",2190,"2018",1093,"35-39",0,2,1.5,1.8,-2,0
"El Salvador",2190,"2018",1093,"40-44",1,0.5,0.5,0.6,0.5,0.5
"El Salvador",2190,"2018",1093,"45-49",1,0.5,0.5,0.6,0.5,0.5
"El Salvador",2190,"2018",1093,"5-9",3,4.5,4.5,5.4,-1.5,0
"El Salvador",2190,"2018",1093,"50-54",2,0.5,0.75,0.9,1.5,1.5
"El Salvador",2190,"2018",1093,"55-59",5,1,1.75,2.1,4,4
"El Salvador",2190,"2018",1093,"60-64",2,1,1.25,1.5,1,1
"El Salvador",2190,"2018",1093,"65-69",2,1,1,1.2,1,1
"El Salvador",2190,"2018",1093,"70-74",4,1,1.5,1.8,3,3
"El Salvador",2190,"2018",1093,"75-79",4,0.5,1.25,1.5,3.5,3.5
"El Salvador",2190,"2018",1093,"80-84",2,1,1.25,1.5,1,1
"El Salvador",2190,"2018",1093,"85-89",4,1.5,1.75,2.1,2.5,2.5
"El Salvador",2190,"2018",1093,"90-94",2,0.5,0.75,0.9,1.5,1.5
"El Salvador",2190,"2018",1093,"95+",2,0.5,0.75,0.9,1.5,1.5
"El Salvador",2190,"2018",1094,"0-4",101,103,109.5,131.4,-2,0
"El Salvador",2190,"2018",1094,"10-14",117,28.5,49.5,59.4,88.5,88.5
"El Salvador",2190,"2018",1094,"15-19",48,50.5,53.25,63.9,-2.5,0
"El Salvador",2190,"2018",1094,"20-24",61,60.5,60.5,72.6,0.5,0
"El Salvador",2190,"2018",1094,"25-29",63,70.5,69.5,83.4,-7.5,0
"El Salvador",2190,"2018",1094,"30-34",72,81,83.5,100.2,-9,0
"El Salvador",2190,"2018",1094,"35-39",141,120.5,123.25,147.9,20.5,0
"El Salvador",2190,"2018",1094,"40-44",161,150,150.75,180.9,11,0
"El Salvador",2190,"2018",1094,"45-49",201,175,175,210,26,0
"El Salvador",2190,"2018",1094,"5-9",17,21.5,22,26.4,-4.5,0
"El Salvador",2190,"2018",1094,"50-54",225,226,225,270,-1,0
"El Salvador",2190,"2018",1094,"55-59",294,275,276.25,331.5,19,0
"El Salvador",2190,"2018",1094,"60-64",375,350.5,350.5,420.6,24.5,0
"El Salvador",2190,"2018",1094,"65-69",452,432.5,425.25,510.3,19.5,0
"El Salvador",2190,"2018",1094,"70-74",600,581,579,694.8,19,0
"El Salvador",2190,"2018",1094,"75-79",715,729,737.5,885,-14,0
"El Salvador",2190,"2018",1094,"80-84",924,924,935,1122,0,0
"El Salvador",2190,"2018",1094,"85-89",1044,1046,1034.75,1241.7,-2,0
"El Salvador",2190,"2018",1094,"90-94",818,826.5,826.25,991.5,-8.5,0
"El Salvador",2190,"2018",1094,"95+",377,470.5,458.25,549.9,-93.5,0
"El Salvador",2190,"2018",1096,"0-4",11,13,13.25,15.9,-2,0
"El Salvador",2190,"2018",1096,"10-14",13,13,12.75,15.3,0,0
"El Salvador",2190,"2018",1096,"15-19",35,40,40,48,-5,0
"El Salvador",2190,"2018",1096,"20-24",83,85,86,103.2,-2,0
"El Salvador",2190,"2018",1096,"25-29",101,84.5,87,104.4,16.5,0
"El Salvador",2190,"2018",1096,"30-34",79,80,82.25,98.7,-1,0
"El Salvador",2190,"2018",1096,"35-39",73,81,82.75,99.3,-8,0
"El Salvador",2190,"2018",1096,"40-44",63,63.5,64,76.8,-0.5,0
"El Salvador",2190,"2018",1096,"45-49",59,61.5,61.75,74.1,-2.5,0
"El Salvador",2190,"2018",1096,"5-9",13,12,10.75,12.9,1,1
"El Salvador",2190,"2018",1096,"50-54",55,57,56.75,68.1,-2,0
"El Salvador",2190,"2018",1096,"55-59",59,59,57.25,68.7,0,0
"El Salvador",2190,"2018",1096,"60-64",52,46,46.25,55.5,6,0
"El Salvador",2190,"2018",1096,"65-69",57,48.5,50.5,60.6,8.5,0
"El Salvador",2190,"2018",1096,"70-74",39,42,42,50.4,-3,0
"El Salvador",2190,"2018",1096,"75-79",46,43.5,42.5,51,2.5,0
"El Salvador",2190,"2018",1096,"80-84",41,33,33.75,40.5,8,8
"El Salvador",2190,"2018",1096,"85-89",23,22,21,25.2,1,0
"El Salvador",2190,"2018",1096,"90-94",13,9,9.25,11.1,4,4
"El Salvador",2190,"2018",1096,"95+",10,4,4.75,5.7,6,6
"El Salvador",2190,"2018",1102,"0-4",3,4,5.5,6.6,-1,0
"El Salvador",2190,"2018",1102,"10-14",25,58,53.5,64.2,-33,0
"El Salvador",2190,"2018",1102,"15-19",318,654,620.75,744.9,-336,0
"El Salvador",2190,"2018",1102,"20-24",521,706,738.75,886.5,-185,0
"El Salvador",2190,"2018",1102,"25-29",367,488.5,528.25,633.9,-121.5,0
"El Salvador",2190,"2018",1102,"30-34",256,409,444.5,533.4,-153,0
"El Salvador",2190,"2018",1102,"35-39",255,382.5,423.5,508.2,-127.5,0
"El Salvador",2190,"2018",1102,"40-44",240,327.5,334,400.8,-87.5,0
"El Salvador",2190,"2018",1102,"45-49",155,231,230.5,276.6,-76,0
"El Salvador",2190,"2018",1102,"5-9",0,3.5,3.25,3.9,-3.5,0
"El Salvador",2190,"2018",1102,"50-54",107,149,148,177.6,-42,0
"El Salvador",2190,"2018",1102,"55-59",80,97,104.25,125.1,-17,0
"El Salvador",2190,"2018",1102,"60-64",59,82,79,94.8,-23,0
"El Salvador",2190,"2018",1102,"65-69",41,60,58,69.6,-19,0
"El Salvador",2190,"2018",1102,"70-74",39,35.5,39.5,47.4,3.5,0
"El Salvador",2190,"2018",1102,"75-79",30,29,30,36,1,0
"El Salvador",2190,"2018",1102,"80-84",23,18,17.75,21.3,5,5
"El Salvador",2190,"2018",1102,"85-89",17,10.5,11,13.2,6.5,6.5
"El Salvador",2190,"2018",1102,"90-94",8,6.5,6.25,7.5,1.5,1.5
"El Salvador",2190,"2018",1102,"95+",8,5.5,5.75,6.9,2.5,2.5
"Guatemala",2250,"2015",1001,"0-4",1319,1247.5,1235.5,1482.6,71.5,0
"Guatemala",2250,"2015",1001,"10-14",81,76,69,82.8,5,0
"Guatemala",2250,"2015",1001,"15-19",87,80.5,78.75,94.5,6.5,0
"Guatemala",2250,"2015",1001,"20-24",122,116,114,136.8,6,0
"Guatemala",2250,"2015",1001,"25-29",126,133.5,131.25,157.5,-7.5,0
"Guatemala",2250,"2015",1001,"30-34",146,147.5,140.25,168.3,-1.5,0
"Guatemala",2250,"2015",1001,"35-39",182,147.5,152.75,183.3,34.5,0
"Guatemala",2250,"2015",1001,"40-44",148,146.5,146,175.2,1.5,0
"Guatemala",2250,"2015",1001,"45-49",142,145.5,141,169.2,-3.5,0
"Guatemala",2250,"2015",1001,"5-9",106,108.5,107.5,129,-2.5,0
"Guatemala",2250,"2015",1001,"50-54",160,149.5,150.75,180.9,10.5,0
"Guatemala",2250,"2015",1001,"55-59",162,166.5,169,202.8,-4.5,0
"Guatemala",2250,"2015",1001,"60-64",185,185.5,191.5,229.8,-0.5,0
"Guatemala",2250,"2015",1001,"65-69",207,212,209,250.8,-5,0
"Guatemala",2250,"2015",1001,"70-74",201,218.5,218,261.6,-17.5,0
"Guatemala",2250,"2015",1001,"75-79",216,218.5,219,262.8,-2.5,0
"Guatemala",2250,"2015",1001,"80-84",223,218,211.25,253.5,5,0
"Guatemala",2250,"2015",1001,"85-89",187,191,192.25,230.7,-4,0
"Guatemala",2250,"2015",1001,"90-94",77,83.5,83.5,100.2,-6.5,0
"Guatemala",2250,"2015",1001,"95+",25,28.5,28,33.6,-3.5,0
"Guatemala",2250,"2015",1026,"0-4",81,80.5,79.75,95.7,0.5,0
"Guatemala",2250,"2015",1026,"10-14",77,76,74.25,89.1,1,0
"Guatemala",2250,"2015",1026,"15-19",121,124,124.5,149.4,-3,0
"Guatemala",2250,"2015",1026,"20-24",121,134,132.75,159.3,-13,0
"Guatemala",2250,"2015",1026,"25-29",143,145.5,148.25,177.9,-2.5,0
"Guatemala",2250,"2015",1026,"30-34",190,187,189.25,227.1,3,0
"Guatemala",2250,"2015",1026,"35-39",279,275,279,334.8,4,0
"Guatemala",2250,"2015",1026,"40-44",347,338,336,403.2,9,0
"Guatemala",2250,"2015",1026,"45-49",419,435.5,433.5,520.2,-16.5,0
"Guatemala",2250,"2015",1026,"5-9",61,66,69.25,83.1,-5,0
"Guatemala",2250,"2015",1026,"50-54",559,549.5,549,658.8,9.5,0
"Guatemala",2250,"2015",1026,"55-59",694,704,707.25,848.7,-10,0
"Guatemala",2250,"2015",1026,"60-64",847,843,830.75,996.9,4,0
"Guatemala",2250,"2015",1026,"65-69",870,951.5,940,1128,-81.5,0
"Guatemala",2250,"2015",1026,"70-74",916,923.5,927.25,1112.7,-7.5,0
"Guatemala",2250,"2015",1026,"75-79",936,878,887,1064.4,58,0
"Guatemala",2250,"2015",1026,"80-84",727,724,717.75,861.3,3,0
"Guatemala",2250,"2015",1026,"85-89",526,524,528.25,633.9,2,0
"Guatemala",2250,"2015",1026,"90-94",193,219,213.25,255.9,-26,0
"Guatemala",2250,"2015",1026,"95+",45,48,50.75,60.9,-3,0
"Guatemala",2250,"2015",1048,"0-4",172,163.5,167.25,200.7,8.5,0
"Guatemala",2250,"2015",1048,"10-14",20,18,20.25,24.3,2,0
"Guatemala",2250,"2015",1048,"15-19",35,30,29,34.8,5,5
"Guatemala",2250,"2015",1048,"20-24",19,25.5,24.75,29.7,-6.5,0
"Guatemala",2250,"2015",1048,"25-29",26,26,27,32.4,0,0
"Guatemala",2250,"2015",1048,"30-34",31,28.5,27.25,32.7,2.5,0
"Guatemala",2250,"2015",1048,"35-39",24,24,28.75,34.5,0,0
"Guatemala",2250,"2015",1048,"40-44",21,22.5,22.5,27,-1.5,0
"Guatemala",2250,"2015",1048,"45-49",19,25,25,30,-6,0
"Guatemala",2250,"2015",1048,"5-9",19,19.5,18.5,22.2,-0.5,0
"Guatemala",2250,"2015",1048,"50-54",32,28.5,28,33.6,3.5,0
"Guatemala",2250,"2015",1048,"55-59",34,33,33,39.6,1,0
"Guatemala",2250,"2015",1048,"60-64",37,37.5,38.25,45.9,-0.5,0
"Guatemala",2250,"2015",1048,"65-69",44,39.5,40,48,4.5,0
"Guatemala",2250,"2015",1048,"70-74",35,37,37.5,45,-2,0
"Guatemala",2250,"2015",1048,"75-79",51,44,44,52.8,7,0
"Guatemala",2250,"2015",1048,"80-84",62,51.5,52.75,63.3,10.5,0
"Guatemala",2250,"2015",1048,"85-89",34,38,40.75,48.9,-4,0
"Guatemala",2250,"2015",1048,"90-94",20,20.5,19.25,23.1,-0.5,0
"Guatemala",2250,"2015",1048,"95+",11,9,10,12,2,0
"Guatemala",2250,"2015",1051,"0-4",428,403,410.25,492.3,25,0
"Guatemala",2250,"2015",1051,"10-14",19,19.5,22.25,26.7,-0.5,0
"Guatemala",2250,"2015",1051,"15-19",31,33.5,35,42,-2.5,0
"Guatemala",2250,"2015",1051,"20-24",43,41.5,42.75,51.3,1.5,0
"Guatemala",2250,"2015",1051,"25-29",68,68.5,67,80.4,-0.5,0
"Guatemala",2250,"2015",1051,"30-34",110,101.5,100.75,120.9,8.5,0
"Guatemala",2250,"2015",1051,"35-39",170,179,180.25,216.3,-9,0
"Guatemala",2250,"2015",1051,"40-44",264,256.5,256.25,307.5,7.5,0
"Guatemala",2250,"2015",1051,"45-49",377,384,392,470.4,-7,0
"Guatemala",2250,"2015",1051,"5-9",29,27,26.25,31.5,2,0
"Guatemala",2250,"2015",1051,"50-54",529,540.5,542.5,651,-11.5,0
"Guatemala",2250,"2015",1051,"55-59",747,761.5,767.25,920.7,-14.5,0
"Guatemala",2250,"2015",1051,"60-64",855,897.5,908.25,1089.9,-42.5,0
"Guatemala",2250,"2015",1051,"65-69",939,945,957.25,1148.7,-6,0
"Guatemala",2250,"2015",1051,"70-74",822,832,855.5,1026.6,-10,0
"Guatemala",2250,"2015",1051,"75-79",869,794.5,807.5,969,74.5,0
"Guatemala",2250,"2015",1051,"80-84",761,702,710,852,59,0
"Guatemala",2250,"2015",1051,"85-89",593,563.5,565.5,678.6,29.5,0
"Guatemala",2250,"2015",1051,"90-94",276,282,281.25,337.5,-6,0
"Guatemala",2250,"2015",1051,"95+",95,97,98,117.6,-2,0
"Guatemala",2250,"2015",1055,"0-4",11,3,4.5,5.4,8,8
"Guatemala",2250,"2015",1055,"10-14",8,4,4.25,5.1,4,4
"Guatemala",2250,"2015",1055,"15-19",6,6,6.75,8.1,0,0
"Guatemala",2250,"2015",1055,"20-24",24,21.5,20.5,24.6,2.5,0
"Guatemala",2250,"2015",1055,"25-29",24,29.5,28.75,34.5,-5.5,0
"Guatemala",2250,"2015",1055,"30-34",55,48,47.75,57.3,7,0
"Guatemala",2250,"2015",1055,"35-39",77,51.5,55.75,66.9,25.5,25.5
"Guatemala",2250,"2015",1055,"40-44",76,62,64.25,77.1,14,0
"Guatemala",2250,"2015",1055,"45-49",72,64,65.25,78.3,8,0
"Guatemala",2250,"2015",1055,"5-9",4,2.5,2.5,3,1.5,1.5
"Guatemala",2250,"2015",1055,"50-54",66,53,54.25,65.1,13,13
"Guatemala",2250,"2015",1055,"55-59",53,51,49.5,59.4,2,0
"Guatemala",2250,"2015",1055,"60-64",44,38,38.5,46.2,6,0
"Guatemala",2250,"2015",1055,"65-69",41,29.5,31,37.2,11.5,11.5
"Guatemala",2250,"2015",1055,"70-74",28,33,32,38.4,-5,0
"Guatemala",2250,"2015",1055,"75-79",30,28,25,30,2,0
"Guatemala",2250,"2015",1055,"80-84",23,26,25.5,30.6,-3,0
"Guatemala",2250,"2015",1055,"85-89",29,27,26.5,31.8,2,0
"Guatemala",2250,"2015",1055,"90-94",15,15.5,16.25,19.5,-0.5,0
"Guatemala",2250,"2015",1055,"95+",6,7,8,9.6,-1,0
"Guatemala",2250,"2015",1058,"0-4",257,244,243.25,291.9,13,0
"Guatemala",2250,"2015",1058,"10-14",36,55,51.5,61.8,-19,0
"Guatemala",2250,"2015",1058,"15-19",59,64,66.5,79.8,-5,0
"Guatemala",2250,"2015",1058,"20-24",67,63.5,61.75,74.1,3.5,0
"Guatemala",2250,"2015",1058,"25-29",64,63.5,61.5,73.8,0.5,0
"Guatemala",2250,"2015",1058,"30-34",62,59.5,60.75,72.9,2.5,0
"Guatemala",2250,"2015",1058,"35-39",68,64,64.25,77.1,4,0
"Guatemala",2250,"2015",1058,"40-44",42,53.5,52.5,63,-11.5,0
"Guatemala",2250,"2015",1058,"45-49",69,64.5,64.25,77.1,4.5,0
"Guatemala",2250,"2015",1058,"5-9",50,58.5,59.75,71.7,-8.5,0
"Guatemala",2250,"2015",1058,"50-54",71,61.5,63.75,76.5,9.5,0
"Guatemala",2250,"2015",1058,"55-59",84,68,72,86.4,16,0
"Guatemala",2250,"2015",1058,"60-64",77,77.5,84,100.8,-0.5,0
"Guatemala",2250,"2015",1058,"65-69",93,94,97.5,117,-1,0
"Guatemala",2250,"2015",1058,"70-74",82,98,95.75,114.9,-16,0
"Guatemala",2250,"2015",1058,"75-79",126,124,124,148.8,2,0
"Guatemala",2250,"2015",1058,"80-84",126,131.5,130.75,156.9,-5.5,0
"Guatemala",2250,"2015",1058,"85-89",98,100.5,100.75,120.9,-2.5,0
"Guatemala",2250,"2015",1058,"90-94",36,46.5,47.25,56.7,-10.5,0
"Guatemala",2250,"2015",1058,"95+",16,17.5,17.25,20.7,-1.5,0
"Guatemala",2250,"2015",1062,"0-4",0,0,0.5,0.6,0,0
"Guatemala",2250,"2015",1062,"10-14",0,0,0,0,0,0
"Guatemala",2250,"2015",1062,"15-19",0,0,0,0,0,0
"Guatemala",2250,"2015",1062,"20-24",0,0,0,0,0,0
"Guatemala",2250,"2015",1062,"25-29",0,0,0,0,0,0
"Guatemala",2250,"2015",1062,"30-34",0,0,0,0,0,0
"Guatemala",2250,"2015",1062,"35-39",0,0,0,0,0,0
"Guatemala",2250,"2015",1062,"40-44",0,0,0,0,0,0
"Guatemala",2250,"2015",1062,"45-49",0,0,0,0,0,0
"Guatemala",2250,"2015",1062,"5-9",0,0,0,0,0,0
"Guatemala",2250,"2015",1062,"50-54",0,0,0,0,0,0
"Guatemala",2250,"2015",1062,"55-59",0,0,0,0,0,0
"Guatemala",2250,"2015",1062,"60-64",0,0,0.25,0.3,0,0
"Guatemala",2250,"2015",1062,"65-69",0,0,0.25,0.3,0,0
"Guatemala",2250,"2015",1062,"70-74",1,0,0.25,0.3,1,1
"Guatemala",2250,"2015",1062,"75-79",2,0.5,0.75,0.9,1.5,1.5
"Guatemala",2250,"2015",1062,"80-84",1,0.5,0.5,0.6,0.5,0.5
"Guatemala",2250,"2015",1062,"85-89",1,0,0.25,0.3,1,1
"Guatemala",2250,"2015",1062,"90-94",1,0.5,1,1.2,0.5,0
"Guatemala",2250,"2015",1062,"95+",0,0,0,0,0,0
"Guatemala",2250,"2015",1063,"0-4",2,1,1,1.2,1,1
"Guatemala",2250,"2015",1063,"10-14",0,0,0,0,0,0
"Guatemala",2250,"2015",1063,"15-19",2,1,1,1.2,1,1
"Guatemala",2250,"2015",1063,"20-24",0,0.5,0.5,0.6,-0.5,0
"Guatemala",2250,"2015",1063,"25-29",0,0,0.25,0.3,0,0
"Guatemala",2250,"2015",1063,"30-34",0,0,0,0,0,0
"Guatemala",2250,"2015",1063,"35-39",0,0.5,0.5,0.6,-0.5,0
"Guatemala",2250,"2015",1063,"40-44",1,0.5,0.5,0.6,0.5,0.5
"Guatemala",2250,"2015",1063,"45-49",2,0.5,0.75,0.9,1.5,1.5
"Guatemala",2250,"2015",1063,"5-9",0,0,0,0,0,0
"Guatemala",2250,"2015",1063,"50-54",1,0,0.25,0.3,1,1
"Guatemala",2250,"2015",1063,"55-59",0,0,0,0,0,0
"Guatemala",2250,"2015",1063,"60-64",0,0,0,0,0,0
"Guatemala",2250,"2015",1063,"65-69",0,0,0,0,0,0
"Guatemala",2250,"2015",1063,"70-74",0,0,0,0,0,0
"Guatemala",2250,"2015",1063,"75-79",0,0,0,0,0,0
"Guatemala",2250,"2015",1063,"80-84",0,0,0,0,0,0
"Guatemala",2250,"2015",1063,"85-89",0,0,0,0,0,0
"Guatemala",2250,"2015",1063,"90-94",0,0,0.25,0.3,0,0
"Guatemala",2250,"2015",1063,"95+",0,0,0,0,0,0
"Guatemala",2250,"2015",1064,"0-4",173,179,182.25,218.7,-6,0
"Guatemala",2250,"2015",1064,"10-14",36,38,36.75,44.1,-2,0
"Guatemala",2250,"2015",1064,"15-19",81,83,85.75,102.9,-2,0
"Guatemala",2250,"2015",1064,"20-24",116,120,118.25,141.9,-4,0
"Guatemala",2250,"2015",1064,"25-29",131,129,129.25,155.1,2,0
"Guatemala",2250,"2015",1064,"30-34",163,162.5,167.5,201,0.5,0
"Guatemala",2250,"2015",1064,"35-39",239,233,232.5,279,6,0
"Guatemala",2250,"2015",1064,"40-44",248,274.5,273.75,328.5,-26.5,0
"Guatemala",2250,"2015",1064,"45-49",344,348,354,424.8,-4,0
"Guatemala",2250,"2015",1064,"5-9",23,23,23.25,27.9,0,0
"Guatemala",2250,"2015",1064,"50-54",460,497,492.25,590.7,-37,0
"Guatemala",2250,"2015",1064,"55-59",660,661,660.75,792.9,-1,0
"Guatemala",2250,"2015",1064,"60-64",868,858.5,858.25,1029.9,9.5,0
"Guatemala",2250,"2015",1064,"65-69",1092,1115,1111.75,1334.1,-23,0
"Guatemala",2250,"2015",1064,"70-74",1245,1267,1284.5,1541.4,-22,0
"Guatemala",2250,"2015",1064,"75-79",1563,1572,1544,1852.8,-9,0
"Guatemala",2250,"2015",1064,"80-84",1940,1860.5,1867.75,2241.3,79.5,0
"Guatemala",2250,"2015",1064,"85-89",1883,1872.5,1885.75,2262.9,10.5,0
"Guatemala",2250,"2015",1064,"90-94",1101,1165.5,1166.25,1399.5,-64.5,0
"Guatemala",2250,"2015",1064,"95+",447,476,476.5,571.8,-29,0
"Guatemala",2250,"2015",1072,"0-4",2375,2174.5,2139.75,2567.7,200.5,0
"Guatemala",2250,"2015",1072,"10-14",90,84,83.25,99.9,6,0
"Guatemala",2250,"2015",1072,"15-19",97,110.5,111.5,133.8,-13.5,0
"Guatemala",2250,"2015",1072,"20-24",117,115,118.25,141.9,2,0
"Guatemala",2250,"2015",1072,"25-29",114,121,119.75,143.7,-7,0
"Guatemala",2250,"2015",1072,"30-34",127,130,128.25,153.9,-3,0
"Guatemala",2250,"2015",1072,"35-39",168,147.5,147.75,177.3,20.5,0
"Guatemala",2250,"2015",1072,"40-44",130,161.5,155.75,186.9,-31.5,0
"Guatemala",2250,"2015",1072,"45-49",170,176.5,177,212.4,-6.5,0
"Guatemala",2250,"2015",1072,"5-9",129,114,109,130.8,15,0
"Guatemala",2250,"2015",1072,"50-54",237,229,235.5,282.6,8,0
"Guatemala",2250,"2015",1072,"55-59",280,305.5,301.25,361.5,-25.5,0
"Guatemala",2250,"2015",1072,"60-64",387,391.5,401.5,481.8,-4.5,0
"Guatemala",2250,"2015",1072,"65-69",537,535.5,540,648,1.5,0
"Guatemala",2250,"2015",1072,"70-74",656,697,690,828,-41,0
"Guatemala",2250,"2015",1072,"75-79",896,900.5,884.25,1061.1,-4.5,0
"Guatemala",2250,"2015",1072,"80-84",1138,1134.5,1121,1345.2,3.5,0
"Guatemala",2250,"2015",1072,"85-89",1152,1160,1153,1383.6,-8,0
"Guatemala",2250,"2015",1072,"90-94",689,711.5,711,853.2,-22.5,0
"Guatemala",2250,"2015",1072,"95+",235,254.5,255.5,306.6,-19.5,0
"Guatemala",2250,"2015",1078,"0-4",217,203,198,237.6,14,0
"Guatemala",2250,"2015",1078,"10-14",33,34.5,34,40.8,-1.5,0
"Guatemala",2250,"2015",1078,"15-19",84,67,66,79.2,17,17
"Guatemala",2250,"2015",1078,"20-24",102,103,104.75,125.7,-1,0
"Guatemala",2250,"2015",1078,"25-29",176,181,176.5,211.8,-5,0
"Guatemala",2250,"2015",1078,"30-34",294,266,267.25,320.7,28,0
"Guatemala",2250,"2015",1078,"35-39",414,396.5,390.5,468.6,17.5,0
"Guatemala",2250,"2015",1078,"40-44",481,442,447,536.4,39,0
"Guatemala",2250,"2015",1078,"45-49",464,476.5,472,566.4,-12.5,0
"Guatemala",2250,"2015",1078,"5-9",45,36.5,36,43.2,8.5,8.5
"Guatemala",2250,"2015",1078,"50-54",529,532,533.25,639.9,-3,0
"Guatemala",2250,"2015",1078,"55-59",549,617,612.5,735,-68,0
"Guatemala",2250,"2015",1078,"60-64",612,631.5,624.25,749.1,-19.5,0
"Guatemala",2250,"2015",1078,"65-69",573,584,587.75,705.3,-11,0
"Guatemala",2250,"2015",1078,"70-74",467,491.5,504.5,605.4,-24.5,0
"Guatemala",2250,"2015",1078,"75-79",449,449,455.75,546.9,0,0
"Guatemala",2250,"2015",1078,"80-84",395,393.5,393.75,472.5,1.5,0
"Guatemala",2250,"2015",1078,"85-89",266,281.5,280.5,336.6,-15.5,0
"Guatemala",2250,"2015",1078,"90-94",112,121.5,121.25,145.5,-9.5,0
"Guatemala",2250,"2015",1078,"95+",41,33,33.75,40.5,8,8
"Guatemala",2250,"2015",1082,"0-4",16,10.5,10.75,12.9,5.5,5.5
"Guatemala",2250,"2015",1082,"10-14",5,1,1.75,2.1,4,4
"Guatemala",2250,"2015",1082,"15-19",10,6,6.25,7.5,4,4
"Guatemala",2250,"2015",1082,"20-24",5,5.5,5.75,6.9,-0.5,0
"Guatemala",2250,"2015",1082,"25-29",4,4,4,4.8,0,0
"Guatemala",2250,"2015",1082,"30-34",9,5.5,6.25,7.5,3.5,3.5
"Guatemala",2250,"2015",1082,"35-39",7,6.5,5.5,6.6,0.5,0.5
"Guatemala",2250,"2015",1082,"40-44",5,5,5.75,6.9,0,0
"Guatemala",2250,"2015",1082,"45-49",9,7,7.25,8.7,2,2
"Guatemala",2250,"2015",1082,"5-9",3,2,2,2.4,1,1
"Guatemala",2250,"2015",1082,"50-54",19,10.5,12.25,14.7,8.5,8.5
"Guatemala",2250,"2015",1082,"55-59",13,13.5,13.5,16.2,-0.5,0
"Guatemala",2250,"2015",1082,"60-64",13,14,14.5,17.4,-1,0
"Guatemala",2250,"2015",1082,"65-69",16,17.5,16.5,19.8,-1.5,0
"Guatemala",2250,"2015",1082,"70-74",21,17.5,17.75,21.3,3.5,0
"Guatemala",2250,"2015",1082,"75-79",18,18,17.5,21,0,0
"Guatemala",2250,"2015",1082,"80-84",21,20,18.75,22.5,1,0
"Guatemala",2250,"2015",1082,"85-89",19,24,24,28.8,-5,0
"Guatemala",2250,"2015",1082,"90-94",6,17,16.25,19.5,-11,0
"Guatemala",2250,"2015",1082,"95+",6,6,7.25,8.7,0,0
"Guatemala",2250,"2015",1083,"0-4",13,5.5,7.25,8.7,7.5,7.5
"Guatemala",2250,"2015",1083,"10-14",7,8,7,8.4,-1,0
"Guatemala",2250,"2015",1083,"15-19",6,7.5,9,10.8,-1.5,0
"Guatemala",2250,"2015",1083,"20-24",17,12,12.5,15,5,5
"Guatemala",2250,"2015",1083,"25-29",14,14,13.25,15.9,0,0
"Guatemala",2250,"2015",1083,"30-34",11,10.5,10,12,0.5,0
"Guatemala",2250,"2015",1083,"35-39",15,15.5,15.5,18.6,-0.5,0
"Guatemala",2250,"2015",1083,"40-44",10,12,12.5,15,-2,0
"Guatemala",2250,"2015",1083,"45-49",18,18,17.5,21,0,0
"Guatemala",2250,"2015",1083,"5-9",1,2.5,2.25,2.7,-1.5,0
"Guatemala",2250,"2015",1083,"50-54",19,18.5,18,21.6,0.5,0
"Guatemala",2250,"2015",1083,"55-59",20,20,21.25,25.5,0,0
"Guatemala",2250,"2015",1083,"60-64",31,24.5,25,30,6.5,6.5
"Guatemala",2250,"2015",1083,"65-69",23,25.5,25.75,30.9,-2.5,0
"Guatemala",2250,"2015",1083,"70-74",25,23.5,23.25,27.9,1.5,0
"Guatemala",2250,"2015",1083,"75-79",39,28,29.5,35.4,11,11
"Guatemala",2250,"2015",1083,"80-84",33,32.5,34.75,41.7,0.5,0
"Guatemala",2250,"2015",1083,"85-89",39,36.5,36,43.2,2.5,0
"Guatemala",2250,"2015",1083,"90-94",26,22,21,25.2,4,4
"Guatemala",2250,"2015",1083,"95+",6,7,7,8.4,-1,0
"Guatemala",2250,"2015",1084,"0-4",87,77,78.25,93.9,10,0
"Guatemala",2250,"2015",1084,"10-14",38,28.5,29.5,35.4,9.5,9.5
"Guatemala",2250,"2015",1084,"15-19",81,70.5,71,85.2,10.5,0
"Guatemala",2250,"2015",1084,"20-24",70,80.5,79.75,95.7,-10.5,0
"Guatemala",2250,"2015",1084,"25-29",46,66,63.75,76.5,-20,0
"Guatemala",2250,"2015",1084,"30-34",68,74.5,78.75,94.5,-6.5,0
"Guatemala",2250,"2015",1084,"35-39",93,102.5,102.75,123.3,-9.5,0
"Guatemala",2250,"2015",1084,"40-44",116,114,120.5,144.6,2,0
"Guatemala",2250,"2015",1084,"45-49",156,158,157,188.4,-2,0
"Guatemala",2250,"2015",1084,"5-9",21,18,17.25,20.7,3,3
"Guatemala",2250,"2015",1084,"50-54",185,187,198,237.6,-2,0
"Guatemala",2250,"2015",1084,"55-59",243,274.5,274.75,329.7,-31.5,0
"Guatemala",2250,"2015",1084,"60-64",332,335.5,341.5,409.8,-3.5,0
"Guatemala",2250,"2015",1084,"65-69",309,362.5,361.25,433.5,-53.5,0
"Guatemala",2250,"2015",1084,"70-74",345,345,335.75,402.9,0,0
"Guatemala",2250,"2015",1084,"75-79",365,347,348.5,418.2,18,0
"Guatemala",2250,"2015",1084,"80-84",362,310.5,319.25,383.1,51.5,0
"Guatemala",2250,"2015",1084,"85-89",281,278.5,280,336,2.5,0
"Guatemala",2250,"2015",1084,"90-94",133,129,129,154.8,4,0
"Guatemala",2250,"2015",1084,"95+",29,40.5,41,49.2,-11.5,0
"Guatemala",2250,"2015",1087,"0-4",0,0,0,0,0,0
"Guatemala",2250,"2015",1087,"10-14",0,0.5,0.75,0.9,-0.5,0
"Guatemala",2250,"2015",1087,"15-19",51,43.5,42.25,50.7,7.5,7.5
"Guatemala",2250,"2015",1087,"20-24",60,58,57,68.4,2,0
"Guatemala",2250,"2015",1087,"25-29",50,55.5,55.75,66.9,-5.5,0
"Guatemala",2250,"2015",1087,"30-34",67,56,56.25,67.5,11,0
"Guatemala",2250,"2015",1087,"35-39",52,54,53,63.6,-2,0
"Guatemala",2250,"2015",1087,"40-44",29,29,27,32.4,0,0
"Guatemala",2250,"2015",1087,"45-49",2,3.5,3.5,4.2,-1.5,0
"Guatemala",2250,"2015",1087,"5-9",0,0,0,0,0,0
"Guatemala",2250,"2015",1087,"50-54",2,2,1.5,1.8,0,0
"Guatemala",2250,"2015",1087,"55-59",0,0,0,0,0,0
"Guatemala",2250,"2015",1087,"60-64",0,0,0,0,0,0
"Guatemala",2250,"2015",1087,"65-69",0,0,0,0,0,0
"Guatemala",2250,"2015",1087,"70-74",0,0,0,0,0,0
"Guatemala",2250,"2015",1087,"75-79",0,0,0,0,0,0
"Guatemala",2250,"2015",1087,"80-84",0,0,0,0,0,0
"Guatemala",2250,"2015",1087,"85-89",0,0,0,0,0,0
"Guatemala",2250,"2015",1087,"90-94",0,0,0,0,0,0
"Guatemala",2250,"2015",1087,"95+",0,0,0,0,0,0
"Guatemala",2250,"2015",1092,"0-4",3145,3116.5,3107.5,3729,28.5,0
"Guatemala",2250,"2015",1092,"10-14",0,0,0,0,0,0
"Guatemala",2250,"2015",1092,"15-19",0,0,0,0,0,0
"Guatemala",2250,"2015",1092,"20-24",0,0,0,0,0,0
"Guatemala",2250,"2015",1092,"25-29",0,0,0,0,0,0
"Guatemala",2250,"2015",1092,"30-34",0,0,0,0,0,0
"Guatemala",2250,"2015",1092,"35-39",0,0,0,0,0,0
"Guatemala",2250,"2015",1092,"40-44",0,0,0,0,0,0
"Guatemala",2250,"2015",1092,"45-49",0,0,0,0,0,0
"Guatemala",2250,"2015",1092,"5-9",0,0,0,0,0,0
"Guatemala",2250,"2015",1092,"50-54",0,0,0,0,0,0
"Guatemala",2250,"2015",1092,"55-59",0,0,0,0,0,0
"Guatemala",2250,"2015",1092,"60-64",0,0,0,0,0,0
"Guatemala",2250,"2015",1092,"65-69",0,0,0,0,0,0
"Guatemala",2250,"2015",1092,"70-74",0,0,0,0,0,0
"Guatemala",2250,"2015",1092,"75-79",0,0,0,0,0,0
"Guatemala",2250,"2015",1092,"80-84",0,0,0,0,0,0
"Guatemala",2250,"2015",1092,"85-89",0,0,0,0,0,0
"Guatemala",2250,"2015",1092,"90-94",0,0,0,0,0,0
"Guatemala",2250,"2015",1092,"95+",0,0,0,0,0,0
"Guatemala",2250,"2015",1093,"0-4",1164,1171,1180.25,1416.3,-7,0
"Guatemala",2250,"2015",1093,"10-14",25,20.5,21,25.2,4.5,0
"Guatemala",2250,"2015",1093,"15-19",26,25.5,25,30,0.5,0
"Guatemala",2250,"2015",1093,"20-24",12,14,14.5,17.4,-2,0
"Guatemala",2250,"2015",1093,"25-29",17,12.5,12.75,15.3,4.5,4.5
"Guatemala",2250,"2015",1093,"30-34",11,6.5,7.5,9,4.5,4.5
"Guatemala",2250,"2015",1093,"35-39",9,7.5,7.75,9.3,1.5,0
"Guatemala",2250,"2015",1093,"40-44",6,5.5,5,6,0.5,0
"Guatemala",2250,"2015",1093,"45-49",5,5.5,5.5,6.6,-0.5,0
"Guatemala",2250,"2015",1093,"5-9",28,24,24,28.8,4,0
"Guatemala",2250,"2015",1093,"50-54",5,5.5,5.25,6.3,-0.5,0
"Guatemala",2250,"2015",1093,"55-59",3,4,4.5,5.4,-1,0
"Guatemala",2250,"2015",1093,"60-64",8,6,5.5,6.6,2,2
"Guatemala",2250,"2015",1093,"65-69",6,5,5,6,1,0
"Guatemala",2250,"2015",1093,"70-74",3,3,4.25,5.1,0,0
"Guatemala",2250,"2015",1093,"75-79",8,3,3.75,4.5,5,5
"Guatemala",2250,"2015",1093,"80-84",5,2.5,2.75,3.3,2.5,2.5
"Guatemala",2250,"2015",1093,"85-89",2,3,3.25,3.9,-1,0
"Guatemala",2250,"2015",1093,"90-94",3,2,2,2.4,1,1
"Guatemala",2250,"2015",1093,"95+",2,4.5,4,4.8,-2.5,0
"Guatemala",2250,"2015",1094,"0-4",871,923.5,953.75,1144.5,-52.5,0
"Guatemala",2250,"2015",1094,"10-14",70,80,80,96,-10,0
"Guatemala",2250,"2015",1094,"15-19",140,139.5,134.25,161.1,0.5,0
"Guatemala",2250,"2015",1094,"20-24",137,157,158.75,190.5,-20,0
"Guatemala",2250,"2015",1094,"25-29",159,172,171.25,205.5,-13,0
"Guatemala",2250,"2015",1094,"30-34",173,182,188.25,225.9,-9,0
"Guatemala",2250,"2015",1094,"35-39",176,232,218.75,262.5,-56,0
"Guatemala",2250,"2015",1094,"40-44",189,219.5,233.75,280.5,-30.5,0
"Guatemala",2250,"2015",1094,"45-49",197,261.5,257.25,308.7,-64.5,0
"Guatemala",2250,"2015",1094,"5-9",83,77,75,90,6,0
"Guatemala",2250,"2015",1094,"50-54",262,304.5,307.25,368.7,-42.5,0
"Guatemala",2250,"2015",1094,"55-59",291,405,401,481.2,-114,0
"Guatemala",2250,"2015",1094,"60-64",341,475.5,461.25,553.5,-134.5,0
"Guatemala",2250,"2015",1094,"65-69",436,568,581,697.2,-132,0
"Guatemala",2250,"2015",1094,"70-74",477,668.5,665.75,798.9,-191.5,0
"Guatemala",2250,"2015",1094,"75-79",681,808.5,826.5,991.8,-127.5,0
"Guatemala",2250,"2015",1094,"80-84",869,1062.5,1059,1270.8,-193.5,0
"Guatemala",2250,"2015",1094,"85-89",889,1134.5,1113.5,1336.2,-245.5,0
"Guatemala",2250,"2015",1094,"90-94",648,774.5,791.75,950.1,-126.5,0
"Guatemala",2250,"2015",1094,"95+",247,337.5,327.25,392.7,-90.5,0
"Guatemala",2250,"2015",1096,"0-4",34,36,36.5,43.8,-2,0
"Guatemala",2250,"2015",1096,"10-14",43,36,36.5,43.8,7,0
"Guatemala",2250,"2015",1096,"15-19",113,144,136.5,163.8,-31,0
"Guatemala",2250,"2015",1096,"20-24",180,268,249,298.8,-88,0
"Guatemala",2250,"2015",1096,"25-29",150,219.5,207.25,248.7,-69.5,0
"Guatemala",2250,"2015",1096,"30-34",146,150,152.75,183.3,-4,0
"Guatemala",2250,"2015",1096,"35-39",110,116,117.25,140.7,-6,0
"Guatemala",2250,"2015",1096,"40-44",69,105,98.5,118.2,-36,0
"Guatemala",2250,"2015",1096,"45-49",65,82.5,79.75,95.7,-17.5,0
"Guatemala",2250,"2015",1096,"5-9",30,28,27,32.4,2,0
"Guatemala",2250,"2015",1096,"50-54",54,74.5,71,85.2,-20.5,0
"Guatemala",2250,"2015",1096,"55-59",53,66,65.25,78.3,-13,0
"Guatemala",2250,"2015",1096,"60-64",49,55.5,55.5,66.6,-6.5,0
"Guatemala",2250,"2015",1096,"65-69",40,45.5,45,54,-5.5,0
"Guatemala",2250,"2015",1096,"70-74",22,34,32.25,38.7,-12,0
"Guatemala",2250,"2015",1096,"75-79",25,32,32.75,39.3,-7,0
"Guatemala",2250,"2015",1096,"80-84",17,21,20.75,24.9,-4,0
"Guatemala",2250,"2015",1096,"85-89",7,11,10.75,12.9,-4,0
"Guatemala",2250,"2015",1096,"90-94",2,3.5,3.5,4.2,-1.5,0
"Guatemala",2250,"2015",1096,"95+",0,0,0,0,0,0
"Guatemala",2250,"2015",1102,"0-4",20,16,15,18,4,4
"Guatemala",2250,"2015",1102,"10-14",73,56.5,59.75,71.7,16.5,16.5
"Guatemala",2250,"2015",1102,"15-19",605,628,615.5,738.6,-23,0
"Guatemala",2250,"2015",1102,"20-24",805,756,734.25,881.1,49,0
"Guatemala",2250,"2015",1102,"25-29",646,559,563.75,676.5,87,0
"Guatemala",2250,"2015",1102,"30-34",504,468.5,453,543.6,35.5,0
"Guatemala",2250,"2015",1102,"35-39",421,394,394.5,473.4,27,0
"Guatemala",2250,"2015",1102,"40-44",294,271,273,327.6,23,0
"Guatemala",2250,"2015",1102,"45-49",210,193,187.25,224.7,17,0
"Guatemala",2250,"2015",1102,"5-9",18,10,11.75,14.1,8,8
"Guatemala",2250,"2015",1102,"50-54",155,145,141,169.2,10,0
"Guatemala",2250,"2015",1102,"55-59",120,109.5,109.5,131.4,10.5,0
"Guatemala",2250,"2015",1102,"60-64",84,64.5,66.25,79.5,19.5,19.5
"Guatemala",2250,"2015",1102,"65-69",49,45.5,44.75,53.7,3.5,0
"Guatemala",2250,"2015",1102,"70-74",35,27,27.75,33.3,8,8
"Guatemala",2250,"2015",1102,"75-79",28,15,17,20.4,13,13
"Guatemala",2250,"2015",1102,"80-84",15,13.5,13,15.6,1.5,0
"Guatemala",2250,"2015",1102,"85-89",7,4.5,5,6,2.5,2.5
"Guatemala",2250,"2015",1102,"90-94",3,2.5,2.5,3,0.5,0
"Guatemala",2250,"2015",1102,"95+",0,1,1.25,1.5,-1,0
"Guatemala",2250,"2016",1001,"0-4",1402,1247.5,1235.5,1482.6,154.5,0
"Guatemala",2250,"2016",1001,"10-14",83,76,69,82.8,7,7
"Guatemala",2250,"2016",1001,"15-19",90,80.5,78.75,94.5,9.5,0
"Guatemala",2250,"2016",1001,"20-24",111,116,114,136.8,-5,0
"Guatemala",2250,"2016",1001,"25-29",146,133.5,131.25,157.5,12.5,0
"Guatemala",2250,"2016",1001,"30-34",163,147.5,140.25,168.3,15.5,0
"Guatemala",2250,"2016",1001,"35-39",157,147.5,152.75,183.3,9.5,0
"Guatemala",2250,"2016",1001,"40-44",145,146.5,146,175.2,-1.5,0
"Guatemala",2250,"2016",1001,"45-49",149,145.5,141,169.2,3.5,0
"Guatemala",2250,"2016",1001,"5-9",98,108.5,107.5,129,-10.5,0
"Guatemala",2250,"2016",1001,"50-54",144,149.5,150.75,180.9,-5.5,0
"Guatemala",2250,"2016",1001,"55-59",181,166.5,169,202.8,14.5,0
"Guatemala",2250,"2016",1001,"60-64",213,185.5,191.5,229.8,27.5,0
"Guatemala",2250,"2016",1001,"65-69",195,212,209,250.8,-17,0
"Guatemala",2250,"2016",1001,"70-74",234,218.5,218,261.6,15.5,0
"Guatemala",2250,"2016",1001,"75-79",236,218.5,219,262.8,17.5,0
"Guatemala",2250,"2016",1001,"80-84",222,218,211.25,253.5,4,0
"Guatemala",2250,"2016",1001,"85-89",195,191,192.25,230.7,4,0
"Guatemala",2250,"2016",1001,"90-94",77,83.5,83.5,100.2,-6.5,0
"Guatemala",2250,"2016",1001,"95+",27,28.5,28,33.6,-1.5,0
"Guatemala",2250,"2016",1026,"0-4",80,80.5,79.75,95.7,-0.5,0
"Guatemala",2250,"2016",1026,"10-14",66,76,74.25,89.1,-10,0
"Guatemala",2250,"2016",1026,"15-19",127,124,124.5,149.4,3,0
"Guatemala",2250,"2016",1026,"20-24",128,134,132.75,159.3,-6,0
"Guatemala",2250,"2016",1026,"25-29",146,145.5,148.25,177.9,0.5,0
"Guatemala",2250,"2016",1026,"30-34",181,187,189.25,227.1,-6,0
"Guatemala",2250,"2016",1026,"35-39",271,275,279,334.8,-4,0
"Guatemala",2250,"2016",1026,"40-44",321,338,336,403.2,-17,0
"Guatemala",2250,"2016",1026,"45-49",431,435.5,433.5,520.2,-4.5,0
"Guatemala",2250,"2016",1026,"5-9",63,66,69.25,83.1,-3,0
"Guatemala",2250,"2016",1026,"50-54",527,549.5,549,658.8,-22.5,0
"Guatemala",2250,"2016",1026,"55-59",735,704,707.25,848.7,31,0
"Guatemala",2250,"2016",1026,"60-64",839,843,830.75,996.9,-4,0
"Guatemala",2250,"2016",1026,"65-69",928,951.5,940,1128,-23.5,0
"Guatemala",2250,"2016",1026,"70-74",880,923.5,927.25,1112.7,-43.5,0
"Guatemala",2250,"2016",1026,"75-79",881,878,887,1064.4,3,0
"Guatemala",2250,"2016",1026,"80-84",682,724,717.75,861.3,-42,0
"Guatemala",2250,"2016",1026,"85-89",543,524,528.25,633.9,19,0
"Guatemala",2250,"2016",1026,"90-94",217,219,213.25,255.9,-2,0
"Guatemala",2250,"2016",1026,"95+",44,48,50.75,60.9,-4,0
"Guatemala",2250,"2016",1048,"0-4",188,163.5,167.25,200.7,24.5,0
"Guatemala",2250,"2016",1048,"10-14",32,18,20.25,24.3,14,14
"Guatemala",2250,"2016",1048,"15-19",29,30,29,34.8,-1,0
"Guatemala",2250,"2016",1048,"20-24",23,25.5,24.75,29.7,-2.5,0
"Guatemala",2250,"2016",1048,"25-29",26,26,27,32.4,0,0
"Guatemala",2250,"2016",1048,"30-34",34,28.5,27.25,32.7,5.5,5.5
"Guatemala",2250,"2016",1048,"35-39",23,24,28.75,34.5,-1,0
"Guatemala",2250,"2016",1048,"40-44",23,22.5,22.5,27,0.5,0
"Guatemala",2250,"2016",1048,"45-49",26,25,25,30,1,0
"Guatemala",2250,"2016",1048,"5-9",14,19.5,18.5,22.2,-5.5,0
"Guatemala",2250,"2016",1048,"50-54",33,28.5,28,33.6,4.5,0
"Guatemala",2250,"2016",1048,"55-59",33,33,33,39.6,0,0
"Guatemala",2250,"2016",1048,"60-64",38,37.5,38.25,45.9,0.5,0
"Guatemala",2250,"2016",1048,"65-69",39,39.5,40,48,-0.5,0
"Guatemala",2250,"2016",1048,"70-74",32,37,37.5,45,-5,0
"Guatemala",2250,"2016",1048,"75-79",45,44,44,52.8,1,0
"Guatemala",2250,"2016",1048,"80-84",55,51.5,52.75,63.3,3.5,0
"Guatemala",2250,"2016",1048,"85-89",42,38,40.75,48.9,4,0
"Guatemala",2250,"2016",1048,"90-94",21,20.5,19.25,23.1,0.5,0
"Guatemala",2250,"2016",1048,"95+",7,9,10,12,-2,0
"Guatemala",2250,"2016",1051,"0-4",478,403,410.25,492.3,75,0
"Guatemala",2250,"2016",1051,"10-14",32,19.5,22.25,26.7,12.5,12.5
"Guatemala",2250,"2016",1051,"15-19",33,33.5,35,42,-0.5,0
"Guatemala",2250,"2016",1051,"20-24",50,41.5,42.75,51.3,8.5,0
"Guatemala",2250,"2016",1051,"25-29",71,68.5,67,80.4,2.5,0
"Guatemala",2250,"2016",1051,"30-34",97,101.5,100.75,120.9,-4.5,0
"Guatemala",2250,"2016",1051,"35-39",193,179,180.25,216.3,14,0
"Guatemala",2250,"2016",1051,"40-44",245,256.5,256.25,307.5,-11.5,0
"Guatemala",2250,"2016",1051,"45-49",391,384,392,470.4,7,0
"Guatemala",2250,"2016",1051,"5-9",27,27,26.25,31.5,0,0
"Guatemala",2250,"2016",1051,"50-54",552,540.5,542.5,651,11.5,0
"Guatemala",2250,"2016",1051,"55-59",729,761.5,767.25,920.7,-32.5,0
"Guatemala",2250,"2016",1051,"60-64",861,897.5,908.25,1089.9,-36.5,0
"Guatemala",2250,"2016",1051,"65-69",951,945,957.25,1148.7,6,0
"Guatemala",2250,"2016",1051,"70-74",821,832,855.5,1026.6,-11,0
"Guatemala",2250,"2016",1051,"75-79",792,794.5,807.5,969,-2.5,0
"Guatemala",2250,"2016",1051,"80-84",693,702,710,852,-9,0
"Guatemala",2250,"2016",1051,"85-89",551,563.5,565.5,678.6,-12.5,0
"Guatemala",2250,"2016",1051,"90-94",263,282,281.25,337.5,-19,0
"Guatemala",2250,"2016",1051,"95+",90,97,98,117.6,-7,0
"Guatemala",2250,"2016",1055,"0-4",2,3,4.5,5.4,-1,0
"Guatemala",2250,"2016",1055,"10-14",1,4,4.25,5.1,-3,0
"Guatemala",2250,"2016",1055,"15-19",5,6,6.75,8.1,-1,0
"Guatemala",2250,"2016",1055,"20-24",21,21.5,20.5,24.6,-0.5,0
"Guatemala",2250,"2016",1055,"25-29",32,29.5,28.75,34.5,2.5,0
"Guatemala",2250,"2016",1055,"30-34",41,48,47.75,57.3,-7,0
"Guatemala",2250,"2016",1055,"35-39",43,51.5,55.75,66.9,-8.5,0
"Guatemala",2250,"2016",1055,"40-44",57,62,64.25,77.1,-5,0
"Guatemala",2250,"2016",1055,"45-49",56,64,65.25,78.3,-8,0
"Guatemala",2250,"2016",1055,"5-9",2,2.5,2.5,3,-0.5,0
"Guatemala",2250,"2016",1055,"50-54",45,53,54.25,65.1,-8,0
"Guatemala",2250,"2016",1055,"55-59",51,51,49.5,59.4,0,0
"Guatemala",2250,"2016",1055,"60-64",34,38,38.5,46.2,-4,0
"Guatemala",2250,"2016",1055,"65-69",26,29.5,31,37.2,-3.5,0
"Guatemala",2250,"2016",1055,"70-74",34,33,32,38.4,1,0
"Guatemala",2250,"2016",1055,"75-79",28,28,25,30,0,0
"Guatemala",2250,"2016",1055,"80-84",29,26,25.5,30.6,3,0
"Guatemala",2250,"2016",1055,"85-89",29,27,26.5,31.8,2,0
"Guatemala",2250,"2016",1055,"90-94",11,15.5,16.25,19.5,-4.5,0
"Guatemala",2250,"2016",1055,"95+",6,7,8,9.6,-1,0
"Guatemala",2250,"2016",1058,"0-4",243,244,243.25,291.9,-1,0
"Guatemala",2250,"2016",1058,"10-14",60,55,51.5,61.8,5,0
"Guatemala",2250,"2016",1058,"15-19",69,64,66.5,79.8,5,0
"Guatemala",2250,"2016",1058,"20-24",62,63.5,61.75,74.1,-1.5,0
"Guatemala",2250,"2016",1058,"25-29",51,63.5,61.5,73.8,-12.5,0
"Guatemala",2250,"2016",1058,"30-34",77,59.5,60.75,72.9,17.5,17.5
"Guatemala",2250,"2016",1058,"35-39",62,64,64.25,77.1,-2,0
"Guatemala",2250,"2016",1058,"40-44",52,53.5,52.5,63,-1.5,0
"Guatemala",2250,"2016",1058,"45-49",63,64.5,64.25,77.1,-1.5,0
"Guatemala",2250,"2016",1058,"5-9",72,58.5,59.75,71.7,13.5,13.5
"Guatemala",2250,"2016",1058,"50-54",62,61.5,63.75,76.5,0.5,0
"Guatemala",2250,"2016",1058,"55-59",68,68,72,86.4,0,0
"Guatemala",2250,"2016",1058,"60-64",71,77.5,84,100.8,-6.5,0
"Guatemala",2250,"2016",1058,"65-69",92,94,97.5,117,-2,0
"Guatemala",2250,"2016",1058,"70-74",105,98,95.75,114.9,7,0
"Guatemala",2250,"2016",1058,"75-79",122,124,124,148.8,-2,0
"Guatemala",2250,"2016",1058,"80-84",120,131.5,130.75,156.9,-11.5,0
"Guatemala",2250,"2016",1058,"85-89",104,100.5,100.75,120.9,3.5,0
"Guatemala",2250,"2016",1058,"90-94",41,46.5,47.25,56.7,-5.5,0
"Guatemala",2250,"2016",1058,"95+",19,17.5,17.25,20.7,1.5,0
"Guatemala",2250,"2016",1062,"0-4",2,0,0.5,0.6,2,2
"Guatemala",2250,"2016",1062,"10-14",0,0,0,0,0,0
"Guatemala",2250,"2016",1062,"15-19",0,0,0,0,0,0
"Guatemala",2250,"2016",1062,"20-24",0,0,0,0,0,0
"Guatemala",2250,"2016",1062,"25-29",0,0,0,0,0,0
"Guatemala",2250,"2016",1062,"30-34",0,0,0,0,0,0
"Guatemala",2250,"2016",1062,"35-39",0,0,0,0,0,0
"Guatemala",2250,"2016",1062,"40-44",0,0,0,0,0,0
"Guatemala",2250,"2016",1062,"45-49",0,0,0,0,0,0
"Guatemala",2250,"2016",1062,"5-9",0,0,0,0,0,0
"Guatemala",2250,"2016",1062,"50-54",0,0,0,0,0,0
"Guatemala",2250,"2016",1062,"55-59",0,0,0,0,0,0
"Guatemala",2250,"2016",1062,"60-64",0,0,0.25,0.3,0,0
"Guatemala",2250,"2016",1062,"65-69",0,0,0.25,0.3,0,0
"Guatemala",2250,"2016",1062,"70-74",0,0,0.25,0.3,0,0
"Guatemala",2250,"2016",1062,"75-79",1,0.5,0.75,0.9,0.5,0.5
"Guatemala",2250,"2016",1062,"80-84",0,0.5,0.5,0.6,-0.5,0
"Guatemala",2250,"2016",1062,"85-89",0,0,0.25,0.3,0,0
"Guatemala",2250,"2016",1062,"90-94",0,0.5,1,1.2,-0.5,0
"Guatemala",2250,"2016",1062,"95+",0,0,0,0,0,0
"Guatemala",2250,"2016",1063,"0-4",1,1,1,1.2,0,0
"Guatemala",2250,"2016",1063,"10-14",0,0,0,0,0,0
"Guatemala",2250,"2016",1063,"15-19",1,1,1,1.2,0,0
"Guatemala",2250,"2016",1063,"20-24",0,0.5,0.5,0.6,-0.5,0
"Guatemala",2250,"2016",1063,"25-29",0,0,0.25,0.3,0,0
"Guatemala",2250,"2016",1063,"30-34",0,0,0,0,0,0
"Guatemala",2250,"2016",1063,"35-39",1,0.5,0.5,0.6,0.5,0.5
"Guatemala",2250,"2016",1063,"40-44",1,0.5,0.5,0.6,0.5,0.5
"Guatemala",2250,"2016",1063,"45-49",0,0.5,0.75,0.9,-0.5,0
"Guatemala",2250,"2016",1063,"5-9",0,0,0,0,0,0
"Guatemala",2250,"2016",1063,"50-54",0,0,0.25,0.3,0,0
"Guatemala",2250,"2016",1063,"55-59",0,0,0,0,0,0
"Guatemala",2250,"2016",1063,"60-64",0,0,0,0,0,0
"Guatemala",2250,"2016",1063,"65-69",0,0,0,0,0,0
"Guatemala",2250,"2016",1063,"70-74",0,0,0,0,0,0
"Guatemala",2250,"2016",1063,"75-79",0,0,0,0,0,0
"Guatemala",2250,"2016",1063,"80-84",0,0,0,0,0,0
"Guatemala",2250,"2016",1063,"85-89",0,0,0,0,0,0
"Guatemala",2250,"2016",1063,"90-94",0,0,0.25,0.3,0,0
"Guatemala",2250,"2016",1063,"95+",0,0,0,0,0,0
"Guatemala",2250,"2016",1064,"0-4",173,179,182.25,218.7,-6,0
"Guatemala",2250,"2016",1064,"10-14",40,38,36.75,44.1,2,0
"Guatemala",2250,"2016",1064,"15-19",85,83,85.75,102.9,2,0
"Guatemala",2250,"2016",1064,"20-24",124,120,118.25,141.9,4,0
"Guatemala",2250,"2016",1064,"25-29",136,129,129.25,155.1,7,0
"Guatemala",2250,"2016",1064,"30-34",189,162.5,167.5,201,26.5,0
"Guatemala",2250,"2016",1064,"35-39",243,233,232.5,279,10,0
"Guatemala",2250,"2016",1064,"40-44",259,274.5,273.75,328.5,-15.5,0
"Guatemala",2250,"2016",1064,"45-49",340,348,354,424.8,-8,0
"Guatemala",2250,"2016",1064,"5-9",22,23,23.25,27.9,-1,0
"Guatemala",2250,"2016",1064,"50-54",515,497,492.25,590.7,18,0
"Guatemala",2250,"2016",1064,"55-59",699,661,660.75,792.9,38,0
"Guatemala",2250,"2016",1064,"60-64",837,858.5,858.25,1029.9,-21.5,0
"Guatemala",2250,"2016",1064,"65-69",1138,1115,1111.75,1334.1,23,0
"Guatemala",2250,"2016",1064,"70-74",1242,1267,1284.5,1541.4,-25,0
"Guatemala",2250,"2016",1064,"75-79",1588,1572,1544,1852.8,16,0
"Guatemala",2250,"2016",1064,"80-84",1852,1860.5,1867.75,2241.3,-8.5,0
"Guatemala",2250,"2016",1064,"85-89",1862,1872.5,1885.75,2262.9,-10.5,0
"Guatemala",2250,"2016",1064,"90-94",1114,1165.5,1166.25,1399.5,-51.5,0
"Guatemala",2250,"2016",1064,"95+",435,476,476.5,571.8,-41,0
"Guatemala",2250,"2016",1072,"0-4",2294,2174.5,2139.75,2567.7,119.5,0
"Guatemala",2250,"2016",1072,"10-14",80,84,83.25,99.9,-4,0
"Guatemala",2250,"2016",1072,"15-19",122,110.5,111.5,133.8,11.5,0
"Guatemala",2250,"2016",1072,"20-24",103,115,118.25,141.9,-12,0
"Guatemala",2250,"2016",1072,"25-29",123,121,119.75,143.7,2,0
"Guatemala",2250,"2016",1072,"30-34",109,130,128.25,153.9,-21,0
"Guatemala",2250,"2016",1072,"35-39",128,147.5,147.75,177.3,-19.5,0
"Guatemala",2250,"2016",1072,"40-44",163,161.5,155.75,186.9,1.5,0
"Guatemala",2250,"2016",1072,"45-49",178,176.5,177,212.4,1.5,0
"Guatemala",2250,"2016",1072,"5-9",117,114,109,130.8,3,0
"Guatemala",2250,"2016",1072,"50-54",212,229,235.5,282.6,-17,0
"Guatemala",2250,"2016",1072,"55-59",314,305.5,301.25,361.5,8.5,0
"Guatemala",2250,"2016",1072,"60-64",396,391.5,401.5,481.8,4.5,0
"Guatemala",2250,"2016",1072,"65-69",524,535.5,540,648,-11.5,0
"Guatemala",2250,"2016",1072,"70-74",710,697,690,828,13,0
"Guatemala",2250,"2016",1072,"75-79",905,900.5,884.25,1061.1,4.5,0
"Guatemala",2250,"2016",1072,"80-84",1131,1134.5,1121,1345.2,-3.5,0
"Guatemala",2250,"2016",1072,"85-89",1168,1160,1153,1383.6,8,0
"Guatemala",2250,"2016",1072,"90-94",694,711.5,711,853.2,-17.5,0
"Guatemala",2250,"2016",1072,"95+",238,254.5,255.5,306.6,-16.5,0
"Guatemala",2250,"2016",1078,"0-4",228,203,198,237.6,25,0
"Guatemala",2250,"2016",1078,"10-14",39,34.5,34,40.8,4.5,0
"Guatemala",2250,"2016",1078,"15-19",71,67,66,79.2,4,0
"Guatemala",2250,"2016",1078,"20-24",103,103,104.75,125.7,0,0
"Guatemala",2250,"2016",1078,"25-29",186,181,176.5,211.8,5,0
"Guatemala",2250,"2016",1078,"30-34",276,266,267.25,320.7,10,0
"Guatemala",2250,"2016",1078,"35-39",418,396.5,390.5,468.6,21.5,0
"Guatemala",2250,"2016",1078,"40-44",450,442,447,536.4,8,0
"Guatemala",2250,"2016",1078,"45-49",505,476.5,472,566.4,28.5,0
"Guatemala",2250,"2016",1078,"5-9",32,36.5,36,43.2,-4.5,0
"Guatemala",2250,"2016",1078,"50-54",563,532,533.25,639.9,31,0
"Guatemala",2250,"2016",1078,"55-59",667,617,612.5,735,50,0
"Guatemala",2250,"2016",1078,"60-64",651,631.5,624.25,749.1,19.5,0
"Guatemala",2250,"2016",1078,"65-69",595,584,587.75,705.3,11,0
"Guatemala",2250,"2016",1078,"70-74",496,491.5,504.5,605.4,4.5,0
"Guatemala",2250,"2016",1078,"75-79",486,449,455.75,546.9,37,0
"Guatemala",2250,"2016",1078,"80-84",410,393.5,393.75,472.5,16.5,0
"Guatemala",2250,"2016",1078,"85-89",293,281.5,280.5,336.6,11.5,0
"Guatemala",2250,"2016",1078,"90-94",119,121.5,121.25,145.5,-2.5,0
"Guatemala",2250,"2016",1078,"95+",28,33,33.75,40.5,-5,0
"Guatemala",2250,"2016",1082,"0-4",11,10.5,10.75,12.9,0.5,0
"Guatemala",2250,"2016",1082,"10-14",1,1,1.75,2.1,0,0
"Guatemala",2250,"2016",1082,"15-19",6,6,6.25,7.5,0,0
"Guatemala",2250,"2016",1082,"20-24",6,5.5,5.75,6.9,0.5,0
"Guatemala",2250,"2016",1082,"25-29",6,4,4,4.8,2,2
"Guatemala",2250,"2016",1082,"30-34",5,5.5,6.25,7.5,-0.5,0
"Guatemala",2250,"2016",1082,"35-39",7,6.5,5.5,6.6,0.5,0.5
"Guatemala",2250,"2016",1082,"40-44",9,5,5.75,6.9,4,4
"Guatemala",2250,"2016",1082,"45-49",5,7,7.25,8.7,-2,0
"Guatemala",2250,"2016",1082,"5-9",2,2,2,2.4,0,0
"Guatemala",2250,"2016",1082,"50-54",11,10.5,12.25,14.7,0.5,0
"Guatemala",2250,"2016",1082,"55-59",17,13.5,13.5,16.2,3.5,3.5
"Guatemala",2250,"2016",1082,"60-64",13,14,14.5,17.4,-1,0
"Guatemala",2250,"2016",1082,"65-69",20,17.5,16.5,19.8,2.5,2.5
"Guatemala",2250,"2016",1082,"70-74",16,17.5,17.75,21.3,-1.5,0
"Guatemala",2250,"2016",1082,"75-79",18,18,17.5,21,0,0
"Guatemala",2250,"2016",1082,"80-84",21,20,18.75,22.5,1,0
"Guatemala",2250,"2016",1082,"85-89",31,24,24,28.8,7,7
"Guatemala",2250,"2016",1082,"90-94",17,17,16.25,19.5,0,0
"Guatemala",2250,"2016",1082,"95+",6,6,7.25,8.7,0,0
"Guatemala",2250,"2016",1083,"0-4",5,5.5,7.25,8.7,-0.5,0
"Guatemala",2250,"2016",1083,"10-14",10,8,7,8.4,2,2
"Guatemala",2250,"2016",1083,"15-19",8,7.5,9,10.8,0.5,0
"Guatemala",2250,"2016",1083,"20-24",10,12,12.5,15,-2,0
"Guatemala",2250,"2016",1083,"25-29",11,14,13.25,15.9,-3,0
"Guatemala",2250,"2016",1083,"30-34",11,10.5,10,12,0.5,0
"Guatemala",2250,"2016",1083,"35-39",13,15.5,15.5,18.6,-2.5,0
"Guatemala",2250,"2016",1083,"40-44",12,12,12.5,15,0,0
"Guatemala",2250,"2016",1083,"45-49",18,18,17.5,21,0,0
"Guatemala",2250,"2016",1083,"5-9",2,2.5,2.25,2.7,-0.5,0
"Guatemala",2250,"2016",1083,"50-54",22,18.5,18,21.6,3.5,3.5
"Guatemala",2250,"2016",1083,"55-59",18,20,21.25,25.5,-2,0
"Guatemala",2250,"2016",1083,"60-64",25,24.5,25,30,0.5,0
"Guatemala",2250,"2016",1083,"65-69",21,25.5,25.75,30.9,-4.5,0
"Guatemala",2250,"2016",1083,"70-74",22,23.5,23.25,27.9,-1.5,0
"Guatemala",2250,"2016",1083,"75-79",23,28,29.5,35.4,-5,0
"Guatemala",2250,"2016",1083,"80-84",42,32.5,34.75,41.7,9.5,9.5
"Guatemala",2250,"2016",1083,"85-89",31,36.5,36,43.2,-5.5,0
"Guatemala",2250,"2016",1083,"90-94",26,22,21,25.2,4,4
"Guatemala",2250,"2016",1083,"95+",5,7,7,8.4,-2,0
"Guatemala",2250,"2016",1084,"0-4",75,77,78.25,93.9,-2,0
"Guatemala",2250,"2016",1084,"10-14",23,28.5,29.5,35.4,-5.5,0
"Guatemala",2250,"2016",1084,"15-19",72,70.5,71,85.2,1.5,0
"Guatemala",2250,"2016",1084,"20-24",85,80.5,79.75,95.7,4.5,0
"Guatemala",2250,"2016",1084,"25-29",68,66,63.75,76.5,2,0
"Guatemala",2250,"2016",1084,"30-34",98,74.5,78.75,94.5,23.5,23.5
"Guatemala",2250,"2016",1084,"35-39",94,102.5,102.75,123.3,-8.5,0
"Guatemala",2250,"2016",1084,"40-44",112,114,120.5,144.6,-2,0
"Guatemala",2250,"2016",1084,"45-49",144,158,157,188.4,-14,0
"Guatemala",2250,"2016",1084,"5-9",18,18,17.25,20.7,0,0
"Guatemala",2250,"2016",1084,"50-54",182,187,198,237.6,-5,0
"Guatemala",2250,"2016",1084,"55-59",282,274.5,274.75,329.7,7.5,0
"Guatemala",2250,"2016",1084,"60-64",339,335.5,341.5,409.8,3.5,0
"Guatemala",2250,"2016",1084,"65-69",360,362.5,361.25,433.5,-2.5,0
"Guatemala",2250,"2016",1084,"70-74",290,345,335.75,402.9,-55,0
"Guatemala",2250,"2016",1084,"75-79",335,347,348.5,418.2,-12,0
"Guatemala",2250,"2016",1084,"80-84",325,310.5,319.25,383.1,14.5,0
"Guatemala",2250,"2016",1084,"85-89",276,278.5,280,336,-2.5,0
"Guatemala",2250,"2016",1084,"90-94",135,129,129,154.8,6,0
"Guatemala",2250,"2016",1084,"95+",39,40.5,41,49.2,-1.5,0
"Guatemala",2250,"2016",1087,"0-4",0,0,0,0,0,0
"Guatemala",2250,"2016",1087,"10-14",1,0.5,0.75,0.9,0.5,0.5
"Guatemala",2250,"2016",1087,"15-19",45,43.5,42.25,50.7,1.5,0
"Guatemala",2250,"2016",1087,"20-24",61,58,57,68.4,3,0
"Guatemala",2250,"2016",1087,"25-29",67,55.5,55.75,66.9,11.5,11.5
"Guatemala",2250,"2016",1087,"30-34",56,56,56.25,67.5,0,0
"Guatemala",2250,"2016",1087,"35-39",56,54,53,63.6,2,0
"Guatemala",2250,"2016",1087,"40-44",18,29,27,32.4,-11,0
"Guatemala",2250,"2016",1087,"45-49",5,3.5,3.5,4.2,1.5,1.5
"Guatemala",2250,"2016",1087,"5-9",0,0,0,0,0,0
"Guatemala",2250,"2016",1087,"50-54",2,2,1.5,1.8,0,0
"Guatemala",2250,"2016",1087,"55-59",0,0,0,0,0,0
"Guatemala",2250,"2016",1087,"60-64",0,0,0,0,0,0
"Guatemala",2250,"2016",1087,"65-69",0,0,0,0,0,0
"Guatemala",2250,"2016",1087,"70-74",0,0,0,0,0,0
"Guatemala",2250,"2016",1087,"75-79",0,0,0,0,0,0
"Guatemala",2250,"2016",1087,"80-84",0,0,0,0,0,0
"Guatemala",2250,"2016",1087,"85-89",0,0,0,0,0,0
"Guatemala",2250,"2016",1087,"90-94",0,0,0,0,0,0
"Guatemala",2250,"2016",1087,"95+",0,0,0,0,0,0
"Guatemala",2250,"2016",1092,"0-4",3192,3116.5,3107.5,3729,75.5,0
"Guatemala",2250,"2016",1092,"10-14",0,0,0,0,0,0
"Guatemala",2250,"2016",1092,"15-19",0,0,0,0,0,0
"Guatemala",2250,"2016",1092,"20-24",0,0,0,0,0,0
"Guatemala",2250,"2016",1092,"25-29",0,0,0,0,0,0
"Guatemala",2250,"2016",1092,"30-34",0,0,0,0,0,0
"Guatemala",2250,"2016",1092,"35-39",0,0,0,0,0,0
"Guatemala",2250,"2016",1092,"40-44",0,0,0,0,0,0
"Guatemala",2250,"2016",1092,"45-49",0,0,0,0,0,0
"Guatemala",2250,"2016",1092,"5-9",0,0,0,0,0,0
"Guatemala",2250,"2016",1092,"50-54",0,0,0,0,0,0
"Guatemala",2250,"2016",1092,"55-59",0,0,0,0,0,0
"Guatemala",2250,"2016",1092,"60-64",0,0,0,0,0,0
"Guatemala",2250,"2016",1092,"65-69",0,0,0,0,0,0
"Guatemala",2250,"2016",1092,"70-74",0,0,0,0,0,0
"Guatemala",2250,"2016",1092,"75-79",0,0,0,0,0,0
"Guatemala",2250,"2016",1092,"80-84",0,0,0,0,0,0
"Guatemala",2250,"2016",1092,"85-89",0,0,0,0,0,0
"Guatemala",2250,"2016",1092,"90-94",0,0,0,0,0,0
"Guatemala",2250,"2016",1092,"95+",0,0,0,0,0,0
"Guatemala",2250,"2016",1093,"0-4",1225,1171,1180.25,1416.3,54,0
"Guatemala",2250,"2016",1093,"10-14",19,20.5,21,25.2,-1.5,0
"Guatemala",2250,"2016",1093,"15-19",25,25.5,25,30,-0.5,0
"Guatemala",2250,"2016",1093,"20-24",13,14,14.5,17.4,-1,0
"Guatemala",2250,"2016",1093,"25-29",9,12.5,12.75,15.3,-3.5,0
"Guatemala",2250,"2016",1093,"30-34",7,6.5,7.5,9,0.5,0
"Guatemala",2250,"2016",1093,"35-39",10,7.5,7.75,9.3,2.5,2.5
"Guatemala",2250,"2016",1093,"40-44",6,5.5,5,6,0.5,0
"Guatemala",2250,"2016",1093,"45-49",6,5.5,5.5,6.6,0.5,0
"Guatemala",2250,"2016",1093,"5-9",20,24,24,28.8,-4,0
"Guatemala",2250,"2016",1093,"50-54",9,5.5,5.25,6.3,3.5,3.5
"Guatemala",2250,"2016",1093,"55-59",8,4,4.5,5.4,4,4
"Guatemala",2250,"2016",1093,"60-64",7,6,5.5,6.6,1,1
"Guatemala",2250,"2016",1093,"65-69",7,5,5,6,2,2
"Guatemala",2250,"2016",1093,"70-74",8,3,4.25,5.1,5,5
"Guatemala",2250,"2016",1093,"75-79",3,3,3.75,4.5,0,0
"Guatemala",2250,"2016",1093,"80-84",4,2.5,2.75,3.3,1.5,1.5
"Guatemala",2250,"2016",1093,"85-89",4,3,3.25,3.9,1,1
"Guatemala",2250,"2016",1093,"90-94",2,2,2,2.4,0,0
"Guatemala",2250,"2016",1093,"95+",5,4.5,4,4.8,0.5,0.5
"Guatemala",2250,"2016",1094,"0-4",1104,923.5,953.75,1144.5,180.5,0
"Guatemala",2250,"2016",1094,"10-14",90,80,80,96,10,0
"Guatemala",2250,"2016",1094,"15-19",115,139.5,134.25,161.1,-24.5,0
"Guatemala",2250,"2016",1094,"20-24",149,157,158.75,190.5,-8,0
"Guatemala",2250,"2016",1094,"25-29",165,172,171.25,205.5,-7,0
"Guatemala",2250,"2016",1094,"30-34",169,182,188.25,225.9,-13,0
"Guatemala",2250,"2016",1094,"35-39",235,232,218.75,262.5,3,0
"Guatemala",2250,"2016",1094,"40-44",221,219.5,233.75,280.5,1.5,0
"Guatemala",2250,"2016",1094,"45-49",237,261.5,257.25,308.7,-24.5,0
"Guatemala",2250,"2016",1094,"5-9",81,77,75,90,4,0
"Guatemala",2250,"2016",1094,"50-54",284,304.5,307.25,368.7,-20.5,0
"Guatemala",2250,"2016",1094,"55-59",385,405,401,481.2,-20,0
"Guatemala",2250,"2016",1094,"60-64",494,475.5,461.25,553.5,18.5,0
"Guatemala",2250,"2016",1094,"65-69",550,568,581,697.2,-18,0
"Guatemala",2250,"2016",1094,"70-74",661,668.5,665.75,798.9,-7.5,0
"Guatemala",2250,"2016",1094,"75-79",754,808.5,826.5,991.8,-54.5,0
"Guatemala",2250,"2016",1094,"80-84",1010,1062.5,1059,1270.8,-52.5,0
"Guatemala",2250,"2016",1094,"85-89",1101,1134.5,1113.5,1336.2,-33.5,0
"Guatemala",2250,"2016",1094,"90-94",730,774.5,791.75,950.1,-44.5,0
"Guatemala",2250,"2016",1094,"95+",308,337.5,327.25,392.7,-29.5,0
"Guatemala",2250,"2016",1096,"0-4",30,36,36.5,43.8,-6,0
"Guatemala",2250,"2016",1096,"10-14",33,36,36.5,43.8,-3,0
"Guatemala",2250,"2016",1096,"15-19",144,144,136.5,163.8,0,0
"Guatemala",2250,"2016",1096,"20-24",280,268,249,298.8,12,0
"Guatemala",2250,"2016",1096,"25-29",222,219.5,207.25,248.7,2.5,0
"Guatemala",2250,"2016",1096,"30-34",135,150,152.75,183.3,-15,0
"Guatemala",2250,"2016",1096,"35-39",122,116,117.25,140.7,6,0
"Guatemala",2250,"2016",1096,"40-44",102,105,98.5,118.2,-3,0
"Guatemala",2250,"2016",1096,"45-49",86,82.5,79.75,95.7,3.5,0
"Guatemala",2250,"2016",1096,"5-9",26,28,27,32.4,-2,0
"Guatemala",2250,"2016",1096,"50-54",81,74.5,71,85.2,6.5,0
"Guatemala",2250,"2016",1096,"55-59",76,66,65.25,78.3,10,0
"Guatemala",2250,"2016",1096,"60-64",66,55.5,55.5,66.6,10.5,0
"Guatemala",2250,"2016",1096,"65-69",51,45.5,45,54,5.5,0
"Guatemala",2250,"2016",1096,"70-74",39,34,32.25,38.7,5,5
"Guatemala",2250,"2016",1096,"75-79",32,32,32.75,39.3,0,0
"Guatemala",2250,"2016",1096,"80-84",24,21,20.75,24.9,3,0
"Guatemala",2250,"2016",1096,"85-89",15,11,10.75,12.9,4,4
"Guatemala",2250,"2016",1096,"90-94",2,3.5,3.5,4.2,-1.5,0
"Guatemala",2250,"2016",1096,"95+",0,0,0,0,0,0
"Guatemala",2250,"2016",1102,"0-4",17,16,15,18,1,0
"Guatemala",2250,"2016",1102,"10-14",54,56.5,59.75,71.7,-2.5,0
"Guatemala",2250,"2016",1102,"15-19",651,628,615.5,738.6,23,0
"Guatemala",2250,"2016",1102,"20-24",781,756,734.25,881.1,25,0
"Guatemala",2250,"2016",1102,"25-29",546,559,563.75,676.5,-13,0
"Guatemala",2250,"2016",1102,"30-34",504,468.5,453,543.6,35.5,0
"Guatemala",2250,"2016",1102,"35-39",444,394,394.5,473.4,50,0
"Guatemala",2250,"2016",1102,"40-44",280,271,273,327.6,9,0
"Guatemala",2250,"2016",1102,"45-49",194,193,187.25,224.7,1,0
"Guatemala",2250,"2016",1102,"5-9",10,10,11.75,14.1,0,0
"Guatemala",2250,"2016",1102,"50-54",152,145,141,169.2,7,0
"Guatemala",2250,"2016",1102,"55-59",117,109.5,109.5,131.4,7.5,0
"Guatemala",2250,"2016",1102,"60-64",63,64.5,66.25,79.5,-1.5,0
"Guatemala",2250,"2016",1102,"65-69",47,45.5,44.75,53.7,1.5,0
"Guatemala",2250,"2016",1102,"70-74",23,27,27.75,33.3,-4,0
"Guatemala",2250,"2016",1102,"75-79",10,15,17,20.4,-5,0
"Guatemala",2250,"2016",1102,"80-84",10,13.5,13,15.6,-3.5,0
"Guatemala",2250,"2016",1102,"85-89",5,4.5,5,6,0.5,0
"Guatemala",2250,"2016",1102,"90-94",3,2.5,2.5,3,0.5,0
"Guatemala",2250,"2016",1102,"95+",2,1,1.25,1.5,1,1
"Guatemala",2250,"2017",1001,"0-4",1176,1247.5,1235.5,1482.6,-71.5,0
"Guatemala",2250,"2017",1001,"10-14",71,76,69,82.8,-5,0
"Guatemala",2250,"2017",1001,"15-19",74,80.5,78.75,94.5,-6.5,0
"Guatemala",2250,"2017",1001,"20-24",121,116,114,136.8,5,0
"Guatemala",2250,"2017",1001,"25-29",141,133.5,131.25,157.5,7.5,0
"Guatemala",2250,"2017",1001,"30-34",149,147.5,140.25,168.3,1.5,0
"Guatemala",2250,"2017",1001,"35-39",134,147.5,152.75,183.3,-13.5,0
"Guatemala",2250,"2017",1001,"40-44",152,146.5,146,175.2,5.5,0
"Guatemala",2250,"2017",1001,"45-49",154,145.5,141,169.2,8.5,0
"Guatemala",2250,"2017",1001,"5-9",111,108.5,107.5,129,2.5,0
"Guatemala",2250,"2017",1001,"50-54",148,149.5,150.75,180.9,-1.5,0
"Guatemala",2250,"2017",1001,"55-59",165,166.5,169,202.8,-1.5,0
"Guatemala",2250,"2017",1001,"60-64",182,185.5,191.5,229.8,-3.5,0
"Guatemala",2250,"2017",1001,"65-69",217,212,209,250.8,5,0
"Guatemala",2250,"2017",1001,"70-74",233,218.5,218,261.6,14.5,0
"Guatemala",2250,"2017",1001,"75-79",221,218.5,219,262.8,2.5,0
"Guatemala",2250,"2017",1001,"80-84",214,218,211.25,253.5,-4,0
"Guatemala",2250,"2017",1001,"85-89",183,191,192.25,230.7,-8,0
"Guatemala",2250,"2017",1001,"90-94",90,83.5,83.5,100.2,6.5,0
"Guatemala",2250,"2017",1001,"95+",30,28.5,28,33.6,1.5,0
"Guatemala",2250,"2017",1026,"0-4",88,80.5,79.75,95.7,7.5,0
"Guatemala",2250,"2017",1026,"10-14",79,76,74.25,89.1,3,0
"Guatemala",2250,"2017",1026,"15-19",132,124,124.5,149.4,8,0
"Guatemala",2250,"2017",1026,"20-24",140,134,132.75,159.3,6,0
"Guatemala",2250,"2017",1026,"25-29",159,145.5,148.25,177.9,13.5,0
"Guatemala",2250,"2017",1026,"30-34",202,187,189.25,227.1,15,0
"Guatemala",2250,"2017",1026,"35-39",270,275,279,334.8,-5,0
"Guatemala",2250,"2017",1026,"40-44",338,338,336,403.2,0,0
"Guatemala",2250,"2017",1026,"45-49",444,435.5,433.5,520.2,8.5,0
"Guatemala",2250,"2017",1026,"5-9",84,66,69.25,83.1,18,18
"Guatemala",2250,"2017",1026,"50-54",570,549.5,549,658.8,20.5,0
"Guatemala",2250,"2017",1026,"55-59",714,704,707.25,848.7,10,0
"Guatemala",2250,"2017",1026,"60-64",777,843,830.75,996.9,-66,0
"Guatemala",2250,"2017",1026,"65-69",975,951.5,940,1128,23.5,0
"Guatemala",2250,"2017",1026,"70-74",931,923.5,927.25,1112.7,7.5,0
"Guatemala",2250,"2017",1026,"75-79",856,878,887,1064.4,-22,0
"Guatemala",2250,"2017",1026,"80-84",721,724,717.75,861.3,-3,0
"Guatemala",2250,"2017",1026,"85-89",522,524,528.25,633.9,-2,0
"Guatemala",2250,"2017",1026,"90-94",222,219,213.25,255.9,3,0
"Guatemala",2250,"2017",1026,"95+",63,48,50.75,60.9,15,15
"Guatemala",2250,"2017",1048,"0-4",154,163.5,167.25,200.7,-9.5,0
"Guatemala",2250,"2017",1048,"10-14",13,18,20.25,24.3,-5,0
"Guatemala",2250,"2017",1048,"15-19",31,30,29,34.8,1,0
"Guatemala",2250,"2017",1048,"20-24",28,25.5,24.75,29.7,2.5,0
"Guatemala",2250,"2017",1048,"25-29",23,26,27,32.4,-3,0
"Guatemala",2250,"2017",1048,"30-34",26,28.5,27.25,32.7,-2.5,0
"Guatemala",2250,"2017",1048,"35-39",44,24,28.75,34.5,20,20
"Guatemala",2250,"2017",1048,"40-44",22,22.5,22.5,27,-0.5,0
"Guatemala",2250,"2017",1048,"45-49",24,25,25,30,-1,0
"Guatemala",2250,"2017",1048,"5-9",21,19.5,18.5,22.2,1.5,0
"Guatemala",2250,"2017",1048,"50-54",25,28.5,28,33.6,-3.5,0
"Guatemala",2250,"2017",1048,"55-59",33,33,33,39.6,0,0
"Guatemala",2250,"2017",1048,"60-64",35,37.5,38.25,45.9,-2.5,0
"Guatemala",2250,"2017",1048,"65-69",37,39.5,40,48,-2.5,0
"Guatemala",2250,"2017",1048,"70-74",39,37,37.5,45,2,0
"Guatemala",2250,"2017",1048,"75-79",43,44,44,52.8,-1,0
"Guatemala",2250,"2017",1048,"80-84",48,51.5,52.75,63.3,-3.5,0
"Guatemala",2250,"2017",1048,"85-89",54,38,40.75,48.9,16,16
"Guatemala",2250,"2017",1048,"90-94",21,20.5,19.25,23.1,0.5,0
"Guatemala",2250,"2017",1048,"95+",7,9,10,12,-2,0
"Guatemala",2250,"2017",1051,"0-4",357,403,410.25,492.3,-46,0
"Guatemala",2250,"2017",1051,"10-14",20,19.5,22.25,26.7,0.5,0
"Guatemala",2250,"2017",1051,"15-19",42,33.5,35,42,8.5,0
"Guatemala",2250,"2017",1051,"20-24",40,41.5,42.75,51.3,-1.5,0
"Guatemala",2250,"2017",1051,"25-29",69,68.5,67,80.4,0.5,0
"Guatemala",2250,"2017",1051,"30-34",90,101.5,100.75,120.9,-11.5,0
"Guatemala",2250,"2017",1051,"35-39",170,179,180.25,216.3,-9,0
"Guatemala",2250,"2017",1051,"40-44",249,256.5,256.25,307.5,-7.5,0
"Guatemala",2250,"2017",1051,"45-49",367,384,392,470.4,-17,0
"Guatemala",2250,"2017",1051,"5-9",22,27,26.25,31.5,-5,0
"Guatemala",2250,"2017",1051,"50-54",509,540.5,542.5,651,-31.5,0
"Guatemala",2250,"2017",1051,"55-59",776,761.5,767.25,920.7,14.5,0
"Guatemala",2250,"2017",1051,"60-64",934,897.5,908.25,1089.9,36.5,0
"Guatemala",2250,"2017",1051,"65-69",938,945,957.25,1148.7,-7,0
"Guatemala",2250,"2017",1051,"70-74",842,832,855.5,1026.6,10,0
"Guatemala",2250,"2017",1051,"75-79",797,794.5,807.5,969,2.5,0
"Guatemala",2250,"2017",1051,"80-84",711,702,710,852,9,0
"Guatemala",2250,"2017",1051,"85-89",576,563.5,565.5,678.6,12.5,0
"Guatemala",2250,"2017",1051,"90-94",298,282,281.25,337.5,16,0
"Guatemala",2250,"2017",1051,"95+",108,97,98,117.6,11,0
"Guatemala",2250,"2017",1055,"0-4",4,3,4.5,5.4,1,0
"Guatemala",2250,"2017",1055,"10-14",3,4,4.25,5.1,-1,0
"Guatemala",2250,"2017",1055,"15-19",10,6,6.75,8.1,4,4
"Guatemala",2250,"2017",1055,"20-24",22,21.5,20.5,24.6,0.5,0
"Guatemala",2250,"2017",1055,"25-29",31,29.5,28.75,34.5,1.5,0
"Guatemala",2250,"2017",1055,"30-34",55,48,47.75,57.3,7,0
"Guatemala",2250,"2017",1055,"35-39",51,51.5,55.75,66.9,-0.5,0
"Guatemala",2250,"2017",1055,"40-44",67,62,64.25,77.1,5,0
"Guatemala",2250,"2017",1055,"45-49",56,64,65.25,78.3,-8,0
"Guatemala",2250,"2017",1055,"5-9",3,2.5,2.5,3,0.5,0
"Guatemala",2250,"2017",1055,"50-54",54,53,54.25,65.1,1,0
"Guatemala",2250,"2017",1055,"55-59",51,51,49.5,59.4,0,0
"Guatemala",2250,"2017",1055,"60-64",36,38,38.5,46.2,-2,0
"Guatemala",2250,"2017",1055,"65-69",33,29.5,31,37.2,3.5,0
"Guatemala",2250,"2017",1055,"70-74",33,33,32,38.4,0,0
"Guatemala",2250,"2017",1055,"75-79",14,28,25,30,-14,0
"Guatemala",2250,"2017",1055,"80-84",19,26,25.5,30.6,-7,0
"Guatemala",2250,"2017",1055,"85-89",23,27,26.5,31.8,-4,0
"Guatemala",2250,"2017",1055,"90-94",16,15.5,16.25,19.5,0.5,0
"Guatemala",2250,"2017",1055,"95+",8,7,8,9.6,1,0
"Guatemala",2250,"2017",1058,"0-4",228,244,243.25,291.9,-16,0
"Guatemala",2250,"2017",1058,"10-14",59,55,51.5,61.8,4,0
"Guatemala",2250,"2017",1058,"15-19",79,64,66.5,79.8,15,0
"Guatemala",2250,"2017",1058,"20-24",65,63.5,61.75,74.1,1.5,0
"Guatemala",2250,"2017",1058,"25-29",63,63.5,61.5,73.8,-0.5,0
"Guatemala",2250,"2017",1058,"30-34",47,59.5,60.75,72.9,-12.5,0
"Guatemala",2250,"2017",1058,"35-39",66,64,64.25,77.1,2,0
"Guatemala",2250,"2017",1058,"40-44",61,53.5,52.5,63,7.5,0
"Guatemala",2250,"2017",1058,"45-49",66,64.5,64.25,77.1,1.5,0
"Guatemala",2250,"2017",1058,"5-9",56,58.5,59.75,71.7,-2.5,0
"Guatemala",2250,"2017",1058,"50-54",61,61.5,63.75,76.5,-0.5,0
"Guatemala",2250,"2017",1058,"55-59",68,68,72,86.4,0,0
"Guatemala",2250,"2017",1058,"60-64",78,77.5,84,100.8,0.5,0
"Guatemala",2250,"2017",1058,"65-69",95,94,97.5,117,1,0
"Guatemala",2250,"2017",1058,"70-74",101,98,95.75,114.9,3,0
"Guatemala",2250,"2017",1058,"75-79",102,124,124,148.8,-22,0
"Guatemala",2250,"2017",1058,"80-84",140,131.5,130.75,156.9,8.5,0
"Guatemala",2250,"2017",1058,"85-89",103,100.5,100.75,120.9,2.5,0
"Guatemala",2250,"2017",1058,"90-94",52,46.5,47.25,56.7,5.5,0
"Guatemala",2250,"2017",1058,"95+",21,17.5,17.25,20.7,3.5,3.5
"Guatemala",2250,"2017",1062,"0-4",0,0,0.5,0.6,0,0
"Guatemala",2250,"2017",1062,"10-14",0,0,0,0,0,0
"Guatemala",2250,"2017",1062,"15-19",0,0,0,0,0,0
"Guatemala",2250,"2017",1062,"20-24",0,0,0,0,0,0
"Guatemala",2250,"2017",1062,"25-29",0,0,0,0,0,0
"Guatemala",2250,"2017",1062,"30-34",0,0,0,0,0,0
"Guatemala",2250,"2017",1062,"35-39",0,0,0,0,0,0
"Guatemala",2250,"2017",1062,"40-44",0,0,0,0,0,0
"Guatemala",2250,"2017",1062,"45-49",0,0,0,0,0,0
"Guatemala",2250,"2017",1062,"5-9",0,0,0,0,0,0
"Guatemala",2250,"2017",1062,"50-54",0,0,0,0,0,0
"Guatemala",2250,"2017",1062,"55-59",0,0,0,0,0,0
"Guatemala",2250,"2017",1062,"60-64",0,0,0.25,0.3,0,0
"Guatemala",2250,"2017",1062,"65-69",1,0,0.25,0.3,1,1
"Guatemala",2250,"2017",1062,"70-74",0,0,0.25,0.3,0,0
"Guatemala",2250,"2017",1062,"75-79",0,0.5,0.75,0.9,-0.5,0
"Guatemala",2250,"2017",1062,"80-84",0,0.5,0.5,0.6,-0.5,0
"Guatemala",2250,"2017",1062,"85-89",0,0,0.25,0.3,0,0
"Guatemala",2250,"2017",1062,"90-94",0,0.5,1,1.2,-0.5,0
"Guatemala",2250,"2017",1062,"95+",0,0,0,0,0,0
"Guatemala",2250,"2017",1063,"0-4",0,1,1,1.2,-1,0
"Guatemala",2250,"2017",1063,"10-14",0,0,0,0,0,0
"Guatemala",2250,"2017",1063,"15-19",1,1,1,1.2,0,0
"Guatemala",2250,"2017",1063,"20-24",1,0.5,0.5,0.6,0.5,0.5
"Guatemala",2250,"2017",1063,"25-29",1,0,0.25,0.3,1,1
"Guatemala",2250,"2017",1063,"30-34",0,0,0,0,0,0
"Guatemala",2250,"2017",1063,"35-39",0,0.5,0.5,0.6,-0.5,0
"Guatemala",2250,"2017",1063,"40-44",0,0.5,0.5,0.6,-0.5,0
"Guatemala",2250,"2017",1063,"45-49",1,0.5,0.75,0.9,0.5,0.5
"Guatemala",2250,"2017",1063,"5-9",0,0,0,0,0,0
"Guatemala",2250,"2017",1063,"50-54",0,0,0.25,0.3,0,0
"Guatemala",2250,"2017",1063,"55-59",0,0,0,0,0,0
"Guatemala",2250,"2017",1063,"60-64",0,0,0,0,0,0
"Guatemala",2250,"2017",1063,"65-69",0,0,0,0,0,0
"Guatemala",2250,"2017",1063,"70-74",0,0,0,0,0,0
"Guatemala",2250,"2017",1063,"75-79",0,0,0,0,0,0
"Guatemala",2250,"2017",1063,"80-84",0,0,0,0,0,0
"Guatemala",2250,"2017",1063,"85-89",0,0,0,0,0,0
"Guatemala",2250,"2017",1063,"90-94",0,0,0.25,0.3,0,0
"Guatemala",2250,"2017",1063,"95+",0,0,0,0,0,0
"Guatemala",2250,"2017",1064,"0-4",198,179,182.25,218.7,19,0
"Guatemala",2250,"2017",1064,"10-14",31,38,36.75,44.1,-7,0
"Guatemala",2250,"2017",1064,"15-19",98,83,85.75,102.9,15,0
"Guatemala",2250,"2017",1064,"20-24",107,120,118.25,141.9,-13,0
"Guatemala",2250,"2017",1064,"25-29",123,129,129.25,155.1,-6,0
"Guatemala",2250,"2017",1064,"30-34",162,162.5,167.5,201,-0.5,0
"Guatemala",2250,"2017",1064,"35-39",227,233,232.5,279,-6,0
"Guatemala",2250,"2017",1064,"40-44",290,274.5,273.75,328.5,15.5,0
"Guatemala",2250,"2017",1064,"45-49",380,348,354,424.8,32,0
"Guatemala",2250,"2017",1064,"5-9",23,23,23.25,27.9,0,0
"Guatemala",2250,"2017",1064,"50-54",496,497,492.25,590.7,-1,0
"Guatemala",2250,"2017",1064,"55-59",622,661,660.75,792.9,-39,0
"Guatemala",2250,"2017",1064,"60-64",849,858.5,858.25,1029.9,-9.5,0
"Guatemala",2250,"2017",1064,"65-69",1073,1115,1111.75,1334.1,-42,0
"Guatemala",2250,"2017",1064,"70-74",1289,1267,1284.5,1541.4,22,0
"Guatemala",2250,"2017",1064,"75-79",1581,1572,1544,1852.8,9,0
"Guatemala",2250,"2017",1064,"80-84",1810,1860.5,1867.75,2241.3,-50.5,0
"Guatemala",2250,"2017",1064,"85-89",1968,1872.5,1885.75,2262.9,95.5,0
"Guatemala",2250,"2017",1064,"90-94",1217,1165.5,1166.25,1399.5,51.5,0
"Guatemala",2250,"2017",1064,"95+",505,476,476.5,571.8,29,0
"Guatemala",2250,"2017",1072,"0-4",2055,2174.5,2139.75,2567.7,-119.5,0
"Guatemala",2250,"2017",1072,"10-14",88,84,83.25,99.9,4,0
"Guatemala",2250,"2017",1072,"15-19",128,110.5,111.5,133.8,17.5,0
"Guatemala",2250,"2017",1072,"20-24",140,115,118.25,141.9,25,0
"Guatemala",2250,"2017",1072,"25-29",119,121,119.75,143.7,-2,0
"Guatemala",2250,"2017",1072,"30-34",144,130,128.25,153.9,14,0
"Guatemala",2250,"2017",1072,"35-39",146,147.5,147.75,177.3,-1.5,0
"Guatemala",2250,"2017",1072,"40-44",160,161.5,155.75,186.9,-1.5,0
"Guatemala",2250,"2017",1072,"45-49",175,176.5,177,212.4,-1.5,0
"Guatemala",2250,"2017",1072,"5-9",79,114,109,130.8,-35,0
"Guatemala",2250,"2017",1072,"50-54",221,229,235.5,282.6,-8,0
"Guatemala",2250,"2017",1072,"55-59",311,305.5,301.25,361.5,5.5,0
"Guatemala",2250,"2017",1072,"60-64",383,391.5,401.5,481.8,-8.5,0
"Guatemala",2250,"2017",1072,"65-69",534,535.5,540,648,-1.5,0
"Guatemala",2250,"2017",1072,"70-74",691,697,690,828,-6,0
"Guatemala",2250,"2017",1072,"75-79",905,900.5,884.25,1061.1,4.5,0
"Guatemala",2250,"2017",1072,"80-84",1148,1134.5,1121,1345.2,13.5,0
"Guatemala",2250,"2017",1072,"85-89",1249,1160,1153,1383.6,89,0
"Guatemala",2250,"2017",1072,"90-94",729,711.5,711,853.2,17.5,0
"Guatemala",2250,"2017",1072,"95+",271,254.5,255.5,306.6,16.5,0
"Guatemala",2250,"2017",1078,"0-4",158,203,198,237.6,-45,0
"Guatemala",2250,"2017",1078,"10-14",28,34.5,34,40.8,-6.5,0
"Guatemala",2250,"2017",1078,"15-19",63,67,66,79.2,-4,0
"Guatemala",2250,"2017",1078,"20-24",111,103,104.75,125.7,8,0
"Guatemala",2250,"2017",1078,"25-29",187,181,176.5,211.8,6,0
"Guatemala",2250,"2017",1078,"30-34",243,266,267.25,320.7,-23,0
"Guatemala",2250,"2017",1078,"35-39",351,396.5,390.5,468.6,-45.5,0
"Guatemala",2250,"2017",1078,"40-44",423,442,447,536.4,-19,0
"Guatemala",2250,"2017",1078,"45-49",430,476.5,472,566.4,-46.5,0
"Guatemala",2250,"2017",1078,"5-9",41,36.5,36,43.2,4.5,0
"Guatemala",2250,"2017",1078,"50-54",535,532,533.25,639.9,3,0
"Guatemala",2250,"2017",1078,"55-59",592,617,612.5,735,-25,0
"Guatemala",2250,"2017",1078,"60-64",576,631.5,624.25,749.1,-55.5,0
"Guatemala",2250,"2017",1078,"65-69",561,584,587.75,705.3,-23,0
"Guatemala",2250,"2017",1078,"70-74",487,491.5,504.5,605.4,-4.5,0
"Guatemala",2250,"2017",1078,"75-79",449,449,455.75,546.9,0,0
"Guatemala",2250,"2017",1078,"80-84",378,393.5,393.75,472.5,-15.5,0
"Guatemala",2250,"2017",1078,"85-89",278,281.5,280.5,336.6,-3.5,0
"Guatemala",2250,"2017",1078,"90-94",130,121.5,121.25,145.5,8.5,0
"Guatemala",2250,"2017",1078,"95+",32,33,33.75,40.5,-1,0
"Guatemala",2250,"2017",1082,"0-4",6,10.5,10.75,12.9,-4.5,0
"Guatemala",2250,"2017",1082,"10-14",0,1,1.75,2.1,-1,0
"Guatemala",2250,"2017",1082,"15-19",3,6,6.25,7.5,-3,0
"Guatemala",2250,"2017",1082,"20-24",7,5.5,5.75,6.9,1.5,1.5
"Guatemala",2250,"2017",1082,"25-29",4,4,4,4.8,0,0
"Guatemala",2250,"2017",1082,"30-34",5,5.5,6.25,7.5,-0.5,0
"Guatemala",2250,"2017",1082,"35-39",6,6.5,5.5,6.6,-0.5,0
"Guatemala",2250,"2017",1082,"40-44",5,5,5.75,6.9,0,0
"Guatemala",2250,"2017",1082,"45-49",5,7,7.25,8.7,-2,0
"Guatemala",2250,"2017",1082,"5-9",2,2,2,2.4,0,0
"Guatemala",2250,"2017",1082,"50-54",9,10.5,12.25,14.7,-1.5,0
"Guatemala",2250,"2017",1082,"55-59",14,13.5,13.5,16.2,0.5,0
"Guatemala",2250,"2017",1082,"60-64",15,14,14.5,17.4,1,0
"Guatemala",2250,"2017",1082,"65-69",11,17.5,16.5,19.8,-6.5,0
"Guatemala",2250,"2017",1082,"70-74",15,17.5,17.75,21.3,-2.5,0
"Guatemala",2250,"2017",1082,"75-79",12,18,17.5,21,-6,0
"Guatemala",2250,"2017",1082,"80-84",19,20,18.75,22.5,-1,0
"Guatemala",2250,"2017",1082,"85-89",17,24,24,28.8,-7,0
"Guatemala",2250,"2017",1082,"90-94",17,17,16.25,19.5,0,0
"Guatemala",2250,"2017",1082,"95+",5,6,7.25,8.7,-1,0
"Guatemala",2250,"2017",1083,"0-4",5,5.5,7.25,8.7,-0.5,0
"Guatemala",2250,"2017",1083,"10-14",2,8,7,8.4,-6,0
"Guatemala",2250,"2017",1083,"15-19",15,7.5,9,10.8,7.5,7.5
"Guatemala",2250,"2017",1083,"20-24",9,12,12.5,15,-3,0
"Guatemala",2250,"2017",1083,"25-29",14,14,13.25,15.9,0,0
"Guatemala",2250,"2017",1083,"30-34",10,10.5,10,12,-0.5,0
"Guatemala",2250,"2017",1083,"35-39",18,15.5,15.5,18.6,2.5,0
"Guatemala",2250,"2017",1083,"40-44",12,12,12.5,15,0,0
"Guatemala",2250,"2017",1083,"45-49",26,18,17.5,21,8,8
"Guatemala",2250,"2017",1083,"5-9",3,2.5,2.25,2.7,0.5,0.5
"Guatemala",2250,"2017",1083,"50-54",13,18.5,18,21.6,-5.5,0
"Guatemala",2250,"2017",1083,"55-59",27,20,21.25,25.5,7,7
"Guatemala",2250,"2017",1083,"60-64",20,24.5,25,30,-4.5,0
"Guatemala",2250,"2017",1083,"65-69",28,25.5,25.75,30.9,2.5,0
"Guatemala",2250,"2017",1083,"70-74",25,23.5,23.25,27.9,1.5,0
"Guatemala",2250,"2017",1083,"75-79",33,28,29.5,35.4,5,0
"Guatemala",2250,"2017",1083,"80-84",32,32.5,34.75,41.7,-0.5,0
"Guatemala",2250,"2017",1083,"85-89",40,36.5,36,43.2,3.5,0
"Guatemala",2250,"2017",1083,"90-94",14,22,21,25.2,-8,0
"Guatemala",2250,"2017",1083,"95+",8,7,7,8.4,1,0
"Guatemala",2250,"2017",1084,"0-4",72,77,78.25,93.9,-5,0
"Guatemala",2250,"2017",1084,"10-14",30,28.5,29.5,35.4,1.5,0
"Guatemala",2250,"2017",1084,"15-19",62,70.5,71,85.2,-8.5,0
"Guatemala",2250,"2017",1084,"20-24",76,80.5,79.75,95.7,-4.5,0
"Guatemala",2250,"2017",1084,"25-29",77,66,63.75,76.5,11,11
"Guatemala",2250,"2017",1084,"30-34",75,74.5,78.75,94.5,0.5,0
"Guatemala",2250,"2017",1084,"35-39",111,102.5,102.75,123.3,8.5,0
"Guatemala",2250,"2017",1084,"40-44",111,114,120.5,144.6,-3,0
"Guatemala",2250,"2017",1084,"45-49",168,158,157,188.4,10,0
"Guatemala",2250,"2017",1084,"5-9",18,18,17.25,20.7,0,0
"Guatemala",2250,"2017",1084,"50-54",189,187,198,237.6,2,0
"Guatemala",2250,"2017",1084,"55-59",267,274.5,274.75,329.7,-7.5,0
"Guatemala",2250,"2017",1084,"60-64",330,335.5,341.5,409.8,-5.5,0
"Guatemala",2250,"2017",1084,"65-69",365,362.5,361.25,433.5,2.5,0
"Guatemala",2250,"2017",1084,"70-74",345,345,335.75,402.9,0,0
"Guatemala",2250,"2017",1084,"75-79",338,347,348.5,418.2,-9,0
"Guatemala",2250,"2017",1084,"80-84",296,310.5,319.25,383.1,-14.5,0
"Guatemala",2250,"2017",1084,"85-89",288,278.5,280,336,9.5,0
"Guatemala",2250,"2017",1084,"90-94",123,129,129,154.8,-6,0
"Guatemala",2250,"2017",1084,"95+",54,40.5,41,49.2,13.5,13.5
"Guatemala",2250,"2017",1087,"0-4",0,0,0,0,0,0
"Guatemala",2250,"2017",1087,"10-14",0,0.5,0.75,0.9,-0.5,0
"Guatemala",2250,"2017",1087,"15-19",31,43.5,42.25,50.7,-12.5,0
"Guatemala",2250,"2017",1087,"20-24",56,58,57,68.4,-2,0
"Guatemala",2250,"2017",1087,"25-29",45,55.5,55.75,66.9,-10.5,0
"Guatemala",2250,"2017",1087,"30-34",56,56,56.25,67.5,0,0
"Guatemala",2250,"2017",1087,"35-39",48,54,53,63.6,-6,0
"Guatemala",2250,"2017",1087,"40-44",32,29,27,32.4,3,0
"Guatemala",2250,"2017",1087,"45-49",5,3.5,3.5,4.2,1.5,1.5
"Guatemala",2250,"2017",1087,"5-9",0,0,0,0,0,0
"Guatemala",2250,"2017",1087,"50-54",0,2,1.5,1.8,-2,0
"Guatemala",2250,"2017",1087,"55-59",0,0,0,0,0,0
"Guatemala",2250,"2017",1087,"60-64",0,0,0,0,0,0
"Guatemala",2250,"2017",1087,"65-69",0,0,0,0,0,0
"Guatemala",2250,"2017",1087,"70-74",0,0,0,0,0,0
"Guatemala",2250,"2017",1087,"75-79",0,0,0,0,0,0
"Guatemala",2250,"2017",1087,"80-84",0,0,0,0,0,0
"Guatemala",2250,"2017",1087,"85-89",0,0,0,0,0,0
"Guatemala",2250,"2017",1087,"90-94",0,0,0,0,0,0
"Guatemala",2250,"2017",1087,"95+",0,0,0,0,0,0
"Guatemala",2250,"2017",1092,"0-4",3088,3116.5,3107.5,3729,-28.5,0
"Guatemala",2250,"2017",1092,"10-14",0,0,0,0,0,0
"Guatemala",2250,"2017",1092,"15-19",0,0,0,0,0,0
"Guatemala",2250,"2017",1092,"20-24",0,0,0,0,0,0
"Guatemala",2250,"2017",1092,"25-29",0,0,0,0,0,0
"Guatemala",2250,"2017",1092,"30-34",0,0,0,0,0,0
"Guatemala",2250,"2017",1092,"35-39",0,0,0,0,0,0
"Guatemala",2250,"2017",1092,"40-44",0,0,0,0,0,0
"Guatemala",2250,"2017",1092,"45-49",0,0,0,0,0,0
"Guatemala",2250,"2017",1092,"5-9",0,0,0,0,0,0
"Guatemala",2250,"2017",1092,"50-54",0,0,0,0,0,0
"Guatemala",2250,"2017",1092,"55-59",0,0,0,0,0,0
"Guatemala",2250,"2017",1092,"60-64",0,0,0,0,0,0
"Guatemala",2250,"2017",1092,"65-69",0,0,0,0,0,0
"Guatemala",2250,"2017",1092,"70-74",0,0,0,0,0,0
"Guatemala",2250,"2017",1092,"75-79",0,0,0,0,0,0
"Guatemala",2250,"2017",1092,"80-84",0,0,0,0,0,0
"Guatemala",2250,"2017",1092,"85-89",0,0,0,0,0,0
"Guatemala",2250,"2017",1092,"90-94",0,0,0,0,0,0
"Guatemala",2250,"2017",1092,"95+",0,0,0,0,0,0
"Guatemala",2250,"2017",1093,"0-4",1154,1171,1180.25,1416.3,-17,0
"Guatemala",2250,"2017",1093,"10-14",18,20.5,21,25.2,-2.5,0
"Guatemala",2250,"2017",1093,"15-19",21,25.5,25,30,-4.5,0
"Guatemala",2250,"2017",1093,"20-24",15,14,14.5,17.4,1,0
"Guatemala",2250,"2017",1093,"25-29",14,12.5,12.75,15.3,1.5,0
"Guatemala",2250,"2017",1093,"30-34",6,6.5,7.5,9,-0.5,0
"Guatemala",2250,"2017",1093,"35-39",6,7.5,7.75,9.3,-1.5,0
"Guatemala",2250,"2017",1093,"40-44",3,5.5,5,6,-2.5,0
"Guatemala",2250,"2017",1093,"45-49",5,5.5,5.5,6.6,-0.5,0
"Guatemala",2250,"2017",1093,"5-9",16,24,24,28.8,-8,0
"Guatemala",2250,"2017",1093,"50-54",6,5.5,5.25,6.3,0.5,0
"Guatemala",2250,"2017",1093,"55-59",5,4,4.5,5.4,1,0
"Guatemala",2250,"2017",1093,"60-64",5,6,5.5,6.6,-1,0
"Guatemala",2250,"2017",1093,"65-69",4,5,5,6,-1,0
"Guatemala",2250,"2017",1093,"70-74",3,3,4.25,5.1,0,0
"Guatemala",2250,"2017",1093,"75-79",1,3,3.75,4.5,-2,0
"Guatemala",2250,"2017",1093,"80-84",1,2.5,2.75,3.3,-1.5,0
"Guatemala",2250,"2017",1093,"85-89",2,3,3.25,3.9,-1,0
"Guatemala",2250,"2017",1093,"90-94",2,2,2,2.4,0,0
"Guatemala",2250,"2017",1093,"95+",4,4.5,4,4.8,-0.5,0
"Guatemala",2250,"2017",1094,"0-4",864,923.5,953.75,1144.5,-59.5,0
"Guatemala",2250,"2017",1094,"10-14",71,80,80,96,-9,0
"Guatemala",2250,"2017",1094,"15-19",143,139.5,134.25,161.1,3.5,0
"Guatemala",2250,"2017",1094,"20-24",165,157,158.75,190.5,8,0
"Guatemala",2250,"2017",1094,"25-29",179,172,171.25,205.5,7,0
"Guatemala",2250,"2017",1094,"30-34",191,182,188.25,225.9,9,0
"Guatemala",2250,"2017",1094,"35-39",233,232,218.75,262.5,1,0
"Guatemala",2250,"2017",1094,"40-44",218,219.5,233.75,280.5,-1.5,0
"Guatemala",2250,"2017",1094,"45-49",286,261.5,257.25,308.7,24.5,0
"Guatemala",2250,"2017",1094,"5-9",73,77,75,90,-4,0
"Guatemala",2250,"2017",1094,"50-54",325,304.5,307.25,368.7,20.5,0
"Guatemala",2250,"2017",1094,"55-59",425,405,401,481.2,20,0
"Guatemala",2250,"2017",1094,"60-64",457,475.5,461.25,553.5,-18.5,0
"Guatemala",2250,"2017",1094,"65-69",586,568,581,697.2,18,0
"Guatemala",2250,"2017",1094,"70-74",676,668.5,665.75,798.9,7.5,0
"Guatemala",2250,"2017",1094,"75-79",863,808.5,826.5,991.8,54.5,0
"Guatemala",2250,"2017",1094,"80-84",1115,1062.5,1059,1270.8,52.5,0
"Guatemala",2250,"2017",1094,"85-89",1168,1134.5,1113.5,1336.2,33.5,0
"Guatemala",2250,"2017",1094,"90-94",819,774.5,791.75,950.1,44.5,0
"Guatemala",2250,"2017",1094,"95+",367,337.5,327.25,392.7,29.5,0
"Guatemala",2250,"2017",1096,"0-4",44,36,36.5,43.8,8,8
"Guatemala",2250,"2017",1096,"10-14",39,36,36.5,43.8,3,0
"Guatemala",2250,"2017",1096,"15-19",144,144,136.5,163.8,0,0
"Guatemala",2250,"2017",1096,"20-24",272,268,249,298.8,4,0
"Guatemala",2250,"2017",1096,"25-29",217,219.5,207.25,248.7,-2.5,0
"Guatemala",2250,"2017",1096,"30-34",154,150,152.75,183.3,4,0
"Guatemala",2250,"2017",1096,"35-39",105,116,117.25,140.7,-11,0
"Guatemala",2250,"2017",1096,"40-44",108,105,98.5,118.2,3,0
"Guatemala",2250,"2017",1096,"45-49",79,82.5,79.75,95.7,-3.5,0
"Guatemala",2250,"2017",1096,"5-9",22,28,27,32.4,-6,0
"Guatemala",2250,"2017",1096,"50-54",80,74.5,71,85.2,5.5,0
"Guatemala",2250,"2017",1096,"55-59",63,66,65.25,78.3,-3,0
"Guatemala",2250,"2017",1096,"60-64",62,55.5,55.5,66.6,6.5,0
"Guatemala",2250,"2017",1096,"65-69",34,45.5,45,54,-11.5,0
"Guatemala",2250,"2017",1096,"70-74",35,34,32.25,38.7,1,0
"Guatemala",2250,"2017",1096,"75-79",32,32,32.75,39.3,0,0
"Guatemala",2250,"2017",1096,"80-84",20,21,20.75,24.9,-1,0
"Guatemala",2250,"2017",1096,"85-89",6,11,10.75,12.9,-5,0
"Guatemala",2250,"2017",1096,"90-94",5,3.5,3.5,4.2,1.5,1.5
"Guatemala",2250,"2017",1096,"95+",0,0,0,0,0,0
"Guatemala",2250,"2017",1102,"0-4",15,16,15,18,-1,0
"Guatemala",2250,"2017",1102,"10-14",59,56.5,59.75,71.7,2.5,0
"Guatemala",2250,"2017",1102,"15-19",685,628,615.5,738.6,57,0
"Guatemala",2250,"2017",1102,"20-24",731,756,734.25,881.1,-25,0
"Guatemala",2250,"2017",1102,"25-29",572,559,563.75,676.5,13,0
"Guatemala",2250,"2017",1102,"30-34",433,468.5,453,543.6,-35.5,0
"Guatemala",2250,"2017",1102,"35-39",367,394,394.5,473.4,-27,0
"Guatemala",2250,"2017",1102,"40-44",256,271,273,327.6,-15,0
"Guatemala",2250,"2017",1102,"45-49",192,193,187.25,224.7,-1,0
"Guatemala",2250,"2017",1102,"5-9",10,10,11.75,14.1,0,0
"Guatemala",2250,"2017",1102,"50-54",138,145,141,169.2,-7,0
"Guatemala",2250,"2017",1102,"55-59",99,109.5,109.5,131.4,-10.5,0
"Guatemala",2250,"2017",1102,"60-64",66,64.5,66.25,79.5,1.5,0
"Guatemala",2250,"2017",1102,"65-69",44,45.5,44.75,53.7,-1.5,0
"Guatemala",2250,"2017",1102,"70-74",22,27,27.75,33.3,-5,0
"Guatemala",2250,"2017",1102,"75-79",14,15,17,20.4,-1,0
"Guatemala",2250,"2017",1102,"80-84",14,13.5,13,15.6,0.5,0
"Guatemala",2250,"2017",1102,"85-89",4,4.5,5,6,-0.5,0
"Guatemala",2250,"2017",1102,"90-94",2,2.5,2.5,3,-0.5,0
"Guatemala",2250,"2017",1102,"95+",3,1,1.25,1.5,2,2
"Guatemala",2250,"2018",1001,"0-4",1045,1247.5,1235.5,1482.6,-202.5,0
"Guatemala",2250,"2018",1001,"10-14",41,76,69,82.8,-35,0
"Guatemala",2250,"2018",1001,"15-19",64,80.5,78.75,94.5,-16.5,0
"Guatemala",2250,"2018",1001,"20-24",102,116,114,136.8,-14,0
"Guatemala",2250,"2018",1001,"25-29",112,133.5,131.25,157.5,-21.5,0
"Guatemala",2250,"2018",1001,"30-34",103,147.5,140.25,168.3,-44.5,0
"Guatemala",2250,"2018",1001,"35-39",138,147.5,152.75,183.3,-9.5,0
"Guatemala",2250,"2018",1001,"40-44",139,146.5,146,175.2,-7.5,0
"Guatemala",2250,"2018",1001,"45-49",119,145.5,141,169.2,-26.5,0
"Guatemala",2250,"2018",1001,"5-9",115,108.5,107.5,129,6.5,0
"Guatemala",2250,"2018",1001,"50-54",151,149.5,150.75,180.9,1.5,0
"Guatemala",2250,"2018",1001,"55-59",168,166.5,169,202.8,1.5,0
"Guatemala",2250,"2018",1001,"60-64",186,185.5,191.5,229.8,0.5,0
"Guatemala",2250,"2018",1001,"65-69",217,212,209,250.8,5,0
"Guatemala",2250,"2018",1001,"70-74",204,218.5,218,261.6,-14.5,0
"Guatemala",2250,"2018",1001,"75-79",203,218.5,219,262.8,-15.5,0
"Guatemala",2250,"2018",1001,"80-84",186,218,211.25,253.5,-32,0
"Guatemala",2250,"2018",1001,"85-89",204,191,192.25,230.7,13,0
"Guatemala",2250,"2018",1001,"90-94",90,83.5,83.5,100.2,6.5,0
"Guatemala",2250,"2018",1001,"95+",30,28.5,28,33.6,1.5,0
"Guatemala",2250,"2018",1026,"0-4",70,80.5,79.75,95.7,-10.5,0
"Guatemala",2250,"2018",1026,"10-14",75,76,74.25,89.1,-1,0
"Guatemala",2250,"2018",1026,"15-19",118,124,124.5,149.4,-6,0
"Guatemala",2250,"2018",1026,"20-24",142,134,132.75,159.3,8,0
"Guatemala",2250,"2018",1026,"25-29",145,145.5,148.25,177.9,-0.5,0
"Guatemala",2250,"2018",1026,"30-34",184,187,189.25,227.1,-3,0
"Guatemala",2250,"2018",1026,"35-39",296,275,279,334.8,21,0
"Guatemala",2250,"2018",1026,"40-44",338,338,336,403.2,0,0
"Guatemala",2250,"2018",1026,"45-49",440,435.5,433.5,520.2,4.5,0
"Guatemala",2250,"2018",1026,"5-9",69,66,69.25,83.1,3,0
"Guatemala",2250,"2018",1026,"50-54",540,549.5,549,658.8,-9.5,0
"Guatemala",2250,"2018",1026,"55-59",686,704,707.25,848.7,-18,0
"Guatemala",2250,"2018",1026,"60-64",860,843,830.75,996.9,17,0
"Guatemala",2250,"2018",1026,"65-69",987,951.5,940,1128,35.5,0
"Guatemala",2250,"2018",1026,"70-74",982,923.5,927.25,1112.7,58.5,0
"Guatemala",2250,"2018",1026,"75-79",875,878,887,1064.4,-3,0
"Guatemala",2250,"2018",1026,"80-84",741,724,717.75,861.3,17,0
"Guatemala",2250,"2018",1026,"85-89",522,524,528.25,633.9,-2,0
"Guatemala",2250,"2018",1026,"90-94",221,219,213.25,255.9,2,0
"Guatemala",2250,"2018",1026,"95+",51,48,50.75,60.9,3,0
"Guatemala",2250,"2018",1048,"0-4",155,163.5,167.25,200.7,-8.5,0
"Guatemala",2250,"2018",1048,"10-14",16,18,20.25,24.3,-2,0
"Guatemala",2250,"2018",1048,"15-19",21,30,29,34.8,-9,0
"Guatemala",2250,"2018",1048,"20-24",29,25.5,24.75,29.7,3.5,0
"Guatemala",2250,"2018",1048,"25-29",33,26,27,32.4,7,7
"Guatemala",2250,"2018",1048,"30-34",18,28.5,27.25,32.7,-10.5,0
"Guatemala",2250,"2018",1048,"35-39",24,24,28.75,34.5,0,0
"Guatemala",2250,"2018",1048,"40-44",24,22.5,22.5,27,1.5,0
"Guatemala",2250,"2018",1048,"45-49",31,25,25,30,6,6
"Guatemala",2250,"2018",1048,"5-9",20,19.5,18.5,22.2,0.5,0
"Guatemala",2250,"2018",1048,"50-54",22,28.5,28,33.6,-6.5,0
"Guatemala",2250,"2018",1048,"55-59",32,33,33,39.6,-1,0
"Guatemala",2250,"2018",1048,"60-64",43,37.5,38.25,45.9,5.5,0
"Guatemala",2250,"2018",1048,"65-69",40,39.5,40,48,0.5,0
"Guatemala",2250,"2018",1048,"70-74",44,37,37.5,45,7,0
"Guatemala",2250,"2018",1048,"75-79",37,44,44,52.8,-7,0
"Guatemala",2250,"2018",1048,"80-84",46,51.5,52.75,63.3,-5.5,0
"Guatemala",2250,"2018",1048,"85-89",33,38,40.75,48.9,-5,0
"Guatemala",2250,"2018",1048,"90-94",15,20.5,19.25,23.1,-5.5,0
"Guatemala",2250,"2018",1048,"95+",15,9,10,12,6,6
"Guatemala",2250,"2018",1051,"0-4",378,403,410.25,492.3,-25,0
"Guatemala",2250,"2018",1051,"10-14",18,19.5,22.25,26.7,-1.5,0
"Guatemala",2250,"2018",1051,"15-19",34,33.5,35,42,0.5,0
"Guatemala",2250,"2018",1051,"20-24",38,41.5,42.75,51.3,-3.5,0
"Guatemala",2250,"2018",1051,"25-29",60,68.5,67,80.4,-8.5,0
"Guatemala",2250,"2018",1051,"30-34",106,101.5,100.75,120.9,4.5,0
"Guatemala",2250,"2018",1051,"35-39",188,179,180.25,216.3,9,0
"Guatemala",2250,"2018",1051,"40-44",267,256.5,256.25,307.5,10.5,0
"Guatemala",2250,"2018",1051,"45-49",433,384,392,470.4,49,0
"Guatemala",2250,"2018",1051,"5-9",27,27,26.25,31.5,0,0
"Guatemala",2250,"2018",1051,"50-54",580,540.5,542.5,651,39.5,0
"Guatemala",2250,"2018",1051,"55-59",817,761.5,767.25,920.7,55.5,0
"Guatemala",2250,"2018",1051,"60-64",983,897.5,908.25,1089.9,85.5,0
"Guatemala",2250,"2018",1051,"65-69",1001,945,957.25,1148.7,56,0
"Guatemala",2250,"2018",1051,"70-74",937,832,855.5,1026.6,105,0
"Guatemala",2250,"2018",1051,"75-79",772,794.5,807.5,969,-22.5,0
"Guatemala",2250,"2018",1051,"80-84",675,702,710,852,-27,0
"Guatemala",2250,"2018",1051,"85-89",542,563.5,565.5,678.6,-21.5,0
"Guatemala",2250,"2018",1051,"90-94",288,282,281.25,337.5,6,0
"Guatemala",2250,"2018",1051,"95+",99,97,98,117.6,2,0
"Guatemala",2250,"2018",1055,"0-4",1,3,4.5,5.4,-2,0
"Guatemala",2250,"2018",1055,"10-14",5,4,4.25,5.1,1,0
"Guatemala",2250,"2018",1055,"15-19",6,6,6.75,8.1,0,0
"Guatemala",2250,"2018",1055,"20-24",15,21.5,20.5,24.6,-6.5,0
"Guatemala",2250,"2018",1055,"25-29",28,29.5,28.75,34.5,-1.5,0
"Guatemala",2250,"2018",1055,"30-34",40,48,47.75,57.3,-8,0
"Guatemala",2250,"2018",1055,"35-39",52,51.5,55.75,66.9,0.5,0
"Guatemala",2250,"2018",1055,"40-44",57,62,64.25,77.1,-5,0
"Guatemala",2250,"2018",1055,"45-49",77,64,65.25,78.3,13,0
"Guatemala",2250,"2018",1055,"5-9",1,2.5,2.5,3,-1.5,0
"Guatemala",2250,"2018",1055,"50-54",52,53,54.25,65.1,-1,0
"Guatemala",2250,"2018",1055,"55-59",43,51,49.5,59.4,-8,0
"Guatemala",2250,"2018",1055,"60-64",40,38,38.5,46.2,2,0
"Guatemala",2250,"2018",1055,"65-69",24,29.5,31,37.2,-5.5,0
"Guatemala",2250,"2018",1055,"70-74",33,33,32,38.4,0,0
"Guatemala",2250,"2018",1055,"75-79",28,28,25,30,0,0
"Guatemala",2250,"2018",1055,"80-84",31,26,25.5,30.6,5,5
"Guatemala",2250,"2018",1055,"85-89",25,27,26.5,31.8,-2,0
"Guatemala",2250,"2018",1055,"90-94",23,15.5,16.25,19.5,7.5,7.5
"Guatemala",2250,"2018",1055,"95+",12,7,8,9.6,5,5
"Guatemala",2250,"2018",1058,"0-4",245,244,243.25,291.9,1,0
"Guatemala",2250,"2018",1058,"10-14",51,55,51.5,61.8,-4,0
"Guatemala",2250,"2018",1058,"15-19",59,64,66.5,79.8,-5,0
"Guatemala",2250,"2018",1058,"20-24",53,63.5,61.75,74.1,-10.5,0
"Guatemala",2250,"2018",1058,"25-29",68,63.5,61.5,73.8,4.5,0
"Guatemala",2250,"2018",1058,"30-34",57,59.5,60.75,72.9,-2.5,0
"Guatemala",2250,"2018",1058,"35-39",61,64,64.25,77.1,-3,0
"Guatemala",2250,"2018",1058,"40-44",55,53.5,52.5,63,1.5,0
"Guatemala",2250,"2018",1058,"45-49",59,64.5,64.25,77.1,-5.5,0
"Guatemala",2250,"2018",1058,"5-9",61,58.5,59.75,71.7,2.5,0
"Guatemala",2250,"2018",1058,"50-54",61,61.5,63.75,76.5,-0.5,0
"Guatemala",2250,"2018",1058,"55-59",68,68,72,86.4,0,0
"Guatemala",2250,"2018",1058,"60-64",110,77.5,84,100.8,32.5,32.5
"Guatemala",2250,"2018",1058,"65-69",110,94,97.5,117,16,0
"Guatemala",2250,"2018",1058,"70-74",95,98,95.75,114.9,-3,0
"Guatemala",2250,"2018",1058,"75-79",146,124,124,148.8,22,0
"Guatemala",2250,"2018",1058,"80-84",137,131.5,130.75,156.9,5.5,0
"Guatemala",2250,"2018",1058,"85-89",98,100.5,100.75,120.9,-2.5,0
"Guatemala",2250,"2018",1058,"90-94",60,46.5,47.25,56.7,13.5,13.5
"Guatemala",2250,"2018",1058,"95+",13,17.5,17.25,20.7,-4.5,0
"Guatemala",2250,"2018",1062,"0-4",0,0,0.5,0.6,0,0
"Guatemala",2250,"2018",1062,"10-14",0,0,0,0,0,0
"Guatemala",2250,"2018",1062,"15-19",0,0,0,0,0,0
"Guatemala",2250,"2018",1062,"20-24",0,0,0,0,0,0
"Guatemala",2250,"2018",1062,"25-29",0,0,0,0,0,0
"Guatemala",2250,"2018",1062,"30-34",0,0,0,0,0,0
"Guatemala",2250,"2018",1062,"35-39",0,0,0,0,0,0
"Guatemala",2250,"2018",1062,"40-44",0,0,0,0,0,0
"Guatemala",2250,"2018",1062,"45-49",0,0,0,0,0,0
"Guatemala",2250,"2018",1062,"5-9",0,0,0,0,0,0
"Guatemala",2250,"2018",1062,"50-54",0,0,0,0,0,0
"Guatemala",2250,"2018",1062,"55-59",0,0,0,0,0,0
"Guatemala",2250,"2018",1062,"60-64",1,0,0.25,0.3,1,1
"Guatemala",2250,"2018",1062,"65-69",0,0,0.25,0.3,0,0
"Guatemala",2250,"2018",1062,"70-74",0,0,0.25,0.3,0,0
"Guatemala",2250,"2018",1062,"75-79",0,0.5,0.75,0.9,-0.5,0
"Guatemala",2250,"2018",1062,"80-84",1,0.5,0.5,0.6,0.5,0.5
"Guatemala",2250,"2018",1062,"85-89",0,0,0.25,0.3,0,0
"Guatemala",2250,"2018",1062,"90-94",3,0.5,1,1.2,2.5,2.5
"Guatemala",2250,"2018",1062,"95+",0,0,0,0,0,0
"Guatemala",2250,"2018",1063,"0-4",1,1,1,1.2,0,0
"Guatemala",2250,"2018",1063,"10-14",0,0,0,0,0,0
"Guatemala",2250,"2018",1063,"15-19",0,1,1,1.2,-1,0
"Guatemala",2250,"2018",1063,"20-24",1,0.5,0.5,0.6,0.5,0.5
"Guatemala",2250,"2018",1063,"25-29",0,0,0.25,0.3,0,0
"Guatemala",2250,"2018",1063,"30-34",0,0,0,0,0,0
"Guatemala",2250,"2018",1063,"35-39",1,0.5,0.5,0.6,0.5,0.5
"Guatemala",2250,"2018",1063,"40-44",0,0.5,0.5,0.6,-0.5,0
"Guatemala",2250,"2018",1063,"45-49",0,0.5,0.75,0.9,-0.5,0
"Guatemala",2250,"2018",1063,"5-9",0,0,0,0,0,0
"Guatemala",2250,"2018",1063,"50-54",0,0,0.25,0.3,0,0
"Guatemala",2250,"2018",1063,"55-59",0,0,0,0,0,0
"Guatemala",2250,"2018",1063,"60-64",0,0,0,0,0,0
"Guatemala",2250,"2018",1063,"65-69",0,0,0,0,0,0
"Guatemala",2250,"2018",1063,"70-74",0,0,0,0,0,0
"Guatemala",2250,"2018",1063,"75-79",0,0,0,0,0,0
"Guatemala",2250,"2018",1063,"80-84",0,0,0,0,0,0
"Guatemala",2250,"2018",1063,"85-89",0,0,0,0,0,0
"Guatemala",2250,"2018",1063,"90-94",1,0,0.25,0.3,1,1
"Guatemala",2250,"2018",1063,"95+",0,0,0,0,0,0
"Guatemala",2250,"2018",1064,"0-4",185,179,182.25,218.7,6,0
"Guatemala",2250,"2018",1064,"10-14",40,38,36.75,44.1,2,0
"Guatemala",2250,"2018",1064,"15-19",79,83,85.75,102.9,-4,0
"Guatemala",2250,"2018",1064,"20-24",126,120,118.25,141.9,6,0
"Guatemala",2250,"2018",1064,"25-29",127,129,129.25,155.1,-2,0
"Guatemala",2250,"2018",1064,"30-34",156,162.5,167.5,201,-6.5,0
"Guatemala",2250,"2018",1064,"35-39",221,233,232.5,279,-12,0
"Guatemala",2250,"2018",1064,"40-44",298,274.5,273.75,328.5,23.5,0
"Guatemala",2250,"2018",1064,"45-49",352,348,354,424.8,4,0
"Guatemala",2250,"2018",1064,"5-9",25,23,23.25,27.9,2,0
"Guatemala",2250,"2018",1064,"50-54",498,497,492.25,590.7,1,0
"Guatemala",2250,"2018",1064,"55-59",662,661,660.75,792.9,1,0
"Guatemala",2250,"2018",1064,"60-64",879,858.5,858.25,1029.9,20.5,0
"Guatemala",2250,"2018",1064,"65-69",1144,1115,1111.75,1334.1,29,0
"Guatemala",2250,"2018",1064,"70-74",1362,1267,1284.5,1541.4,95,0
"Guatemala",2250,"2018",1064,"75-79",1444,1572,1544,1852.8,-128,0
"Guatemala",2250,"2018",1064,"80-84",1869,1860.5,1867.75,2241.3,8.5,0
"Guatemala",2250,"2018",1064,"85-89",1830,1872.5,1885.75,2262.9,-42.5,0
"Guatemala",2250,"2018",1064,"90-94",1233,1165.5,1166.25,1399.5,67.5,0
"Guatemala",2250,"2018",1064,"95+",519,476,476.5,571.8,43,0
"Guatemala",2250,"2018",1072,"0-4",1835,2174.5,2139.75,2567.7,-339.5,0
"Guatemala",2250,"2018",1072,"10-14",75,84,83.25,99.9,-9,0
"Guatemala",2250,"2018",1072,"15-19",99,110.5,111.5,133.8,-11.5,0
"Guatemala",2250,"2018",1072,"20-24",113,115,118.25,141.9,-2,0
"Guatemala",2250,"2018",1072,"25-29",123,121,119.75,143.7,2,0
"Guatemala",2250,"2018",1072,"30-34",133,130,128.25,153.9,3,0
"Guatemala",2250,"2018",1072,"35-39",149,147.5,147.75,177.3,1.5,0
"Guatemala",2250,"2018",1072,"40-44",170,161.5,155.75,186.9,8.5,0
"Guatemala",2250,"2018",1072,"45-49",185,176.5,177,212.4,8.5,0
"Guatemala",2250,"2018",1072,"5-9",111,114,109,130.8,-3,0
"Guatemala",2250,"2018",1072,"50-54",272,229,235.5,282.6,43,0
"Guatemala",2250,"2018",1072,"55-59",300,305.5,301.25,361.5,-5.5,0
"Guatemala",2250,"2018",1072,"60-64",440,391.5,401.5,481.8,48.5,0
"Guatemala",2250,"2018",1072,"65-69",565,535.5,540,648,29.5,0
"Guatemala",2250,"2018",1072,"70-74",703,697,690,828,6,0
"Guatemala",2250,"2018",1072,"75-79",831,900.5,884.25,1061.1,-69.5,0
"Guatemala",2250,"2018",1072,"80-84",1067,1134.5,1121,1345.2,-67.5,0
"Guatemala",2250,"2018",1072,"85-89",1043,1160,1153,1383.6,-117,0
"Guatemala",2250,"2018",1072,"90-94",732,711.5,711,853.2,20.5,0
"Guatemala",2250,"2018",1072,"95+",278,254.5,255.5,306.6,23.5,0
"Guatemala",2250,"2018",1078,"0-4",189,203,198,237.6,-14,0
"Guatemala",2250,"2018",1078,"10-14",36,34.5,34,40.8,1.5,0
"Guatemala",2250,"2018",1078,"15-19",46,67,66,79.2,-21,0
"Guatemala",2250,"2018",1078,"20-24",103,103,104.75,125.7,0,0
"Guatemala",2250,"2018",1078,"25-29",157,181,176.5,211.8,-24,0
"Guatemala",2250,"2018",1078,"30-34",256,266,267.25,320.7,-10,0
"Guatemala",2250,"2018",1078,"35-39",379,396.5,390.5,468.6,-17.5,0
"Guatemala",2250,"2018",1078,"40-44",434,442,447,536.4,-8,0
"Guatemala",2250,"2018",1078,"45-49",489,476.5,472,566.4,12.5,0
"Guatemala",2250,"2018",1078,"5-9",26,36.5,36,43.2,-10.5,0
"Guatemala",2250,"2018",1078,"50-54",506,532,533.25,639.9,-26,0
"Guatemala",2250,"2018",1078,"55-59",642,617,612.5,735,25,0
"Guatemala",2250,"2018",1078,"60-64",658,631.5,624.25,749.1,26.5,0
"Guatemala",2250,"2018",1078,"65-69",622,584,587.75,705.3,38,0
"Guatemala",2250,"2018",1078,"70-74",568,491.5,504.5,605.4,76.5,0
"Guatemala",2250,"2018",1078,"75-79",439,449,455.75,546.9,-10,0
"Guatemala",2250,"2018",1078,"80-84",392,393.5,393.75,472.5,-1.5,0
"Guatemala",2250,"2018",1078,"85-89",285,281.5,280.5,336.6,3.5,0
"Guatemala",2250,"2018",1078,"90-94",124,121.5,121.25,145.5,2.5,0
"Guatemala",2250,"2018",1078,"95+",34,33,33.75,40.5,1,0
"Guatemala",2250,"2018",1082,"0-4",10,10.5,10.75,12.9,-0.5,0
"Guatemala",2250,"2018",1082,"10-14",1,1,1.75,2.1,0,0
"Guatemala",2250,"2018",1082,"15-19",6,6,6.25,7.5,0,0
"Guatemala",2250,"2018",1082,"20-24",5,5.5,5.75,6.9,-0.5,0
"Guatemala",2250,"2018",1082,"25-29",2,4,4,4.8,-2,0
"Guatemala",2250,"2018",1082,"30-34",6,5.5,6.25,7.5,0.5,0
"Guatemala",2250,"2018",1082,"35-39",2,6.5,5.5,6.6,-4.5,0
"Guatemala",2250,"2018",1082,"40-44",4,5,5.75,6.9,-1,0
"Guatemala",2250,"2018",1082,"45-49",10,7,7.25,8.7,3,3
"Guatemala",2250,"2018",1082,"5-9",1,2,2,2.4,-1,0
"Guatemala",2250,"2018",1082,"50-54",10,10.5,12.25,14.7,-0.5,0
"Guatemala",2250,"2018",1082,"55-59",10,13.5,13.5,16.2,-3.5,0
"Guatemala",2250,"2018",1082,"60-64",17,14,14.5,17.4,3,0
"Guatemala",2250,"2018",1082,"65-69",19,17.5,16.5,19.8,1.5,0
"Guatemala",2250,"2018",1082,"70-74",19,17.5,17.75,21.3,1.5,0
"Guatemala",2250,"2018",1082,"75-79",22,18,17.5,21,4,4
"Guatemala",2250,"2018",1082,"80-84",14,20,18.75,22.5,-6,0
"Guatemala",2250,"2018",1082,"85-89",29,24,24,28.8,5,5
"Guatemala",2250,"2018",1082,"90-94",25,17,16.25,19.5,8,8
"Guatemala",2250,"2018",1082,"95+",12,6,7.25,8.7,6,6
"Guatemala",2250,"2018",1083,"0-4",6,5.5,7.25,8.7,0.5,0
"Guatemala",2250,"2018",1083,"10-14",9,8,7,8.4,1,1
"Guatemala",2250,"2018",1083,"15-19",7,7.5,9,10.8,-0.5,0
"Guatemala",2250,"2018",1083,"20-24",14,12,12.5,15,2,0
"Guatemala",2250,"2018",1083,"25-29",14,14,13.25,15.9,0,0
"Guatemala",2250,"2018",1083,"30-34",8,10.5,10,12,-2.5,0
"Guatemala",2250,"2018",1083,"35-39",16,15.5,15.5,18.6,0.5,0
"Guatemala",2250,"2018",1083,"40-44",16,12,12.5,15,4,4
"Guatemala",2250,"2018",1083,"45-49",8,18,17.5,21,-10,0
"Guatemala",2250,"2018",1083,"5-9",3,2.5,2.25,2.7,0.5,0.5
"Guatemala",2250,"2018",1083,"50-54",18,18.5,18,21.6,-0.5,0
"Guatemala",2250,"2018",1083,"55-59",20,20,21.25,25.5,0,0
"Guatemala",2250,"2018",1083,"60-64",24,24.5,25,30,-0.5,0
"Guatemala",2250,"2018",1083,"65-69",31,25.5,25.75,30.9,5.5,5.5
"Guatemala",2250,"2018",1083,"70-74",21,23.5,23.25,27.9,-2.5,0
"Guatemala",2250,"2018",1083,"75-79",23,28,29.5,35.4,-5,0
"Guatemala",2250,"2018",1083,"80-84",32,32.5,34.75,41.7,-0.5,0
"Guatemala",2250,"2018",1083,"85-89",34,36.5,36,43.2,-2.5,0
"Guatemala",2250,"2018",1083,"90-94",18,22,21,25.2,-4,0
"Guatemala",2250,"2018",1083,"95+",9,7,7,8.4,2,2
"Guatemala",2250,"2018",1084,"0-4",79,77,78.25,93.9,2,0
"Guatemala",2250,"2018",1084,"10-14",27,28.5,29.5,35.4,-1.5,0
"Guatemala",2250,"2018",1084,"15-19",69,70.5,71,85.2,-1.5,0
"Guatemala",2250,"2018",1084,"20-24",88,80.5,79.75,95.7,7.5,0
"Guatemala",2250,"2018",1084,"25-29",64,66,63.75,76.5,-2,0
"Guatemala",2250,"2018",1084,"30-34",74,74.5,78.75,94.5,-0.5,0
"Guatemala",2250,"2018",1084,"35-39",113,102.5,102.75,123.3,10.5,0
"Guatemala",2250,"2018",1084,"40-44",143,114,120.5,144.6,29,0
"Guatemala",2250,"2018",1084,"45-49",160,158,157,188.4,2,0
"Guatemala",2250,"2018",1084,"5-9",12,18,17.25,20.7,-6,0
"Guatemala",2250,"2018",1084,"50-54",236,187,198,237.6,49,0
"Guatemala",2250,"2018",1084,"55-59",307,274.5,274.75,329.7,32.5,0
"Guatemala",2250,"2018",1084,"60-64",365,335.5,341.5,409.8,29.5,0
"Guatemala",2250,"2018",1084,"65-69",411,362.5,361.25,433.5,48.5,0
"Guatemala",2250,"2018",1084,"70-74",363,345,335.75,402.9,18,0
"Guatemala",2250,"2018",1084,"75-79",356,347,348.5,418.2,9,0
"Guatemala",2250,"2018",1084,"80-84",294,310.5,319.25,383.1,-16.5,0
"Guatemala",2250,"2018",1084,"85-89",275,278.5,280,336,-3.5,0
"Guatemala",2250,"2018",1084,"90-94",125,129,129,154.8,-4,0
"Guatemala",2250,"2018",1084,"95+",42,40.5,41,49.2,1.5,0
"Guatemala",2250,"2018",1087,"0-4",0,0,0,0,0,0
"Guatemala",2250,"2018",1087,"10-14",2,0.5,0.75,0.9,1.5,1.5
"Guatemala",2250,"2018",1087,"15-19",42,43.5,42.25,50.7,-1.5,0
"Guatemala",2250,"2018",1087,"20-24",51,58,57,68.4,-7,0
"Guatemala",2250,"2018",1087,"25-29",61,55.5,55.75,66.9,5.5,0
"Guatemala",2250,"2018",1087,"30-34",46,56,56.25,67.5,-10,0
"Guatemala",2250,"2018",1087,"35-39",56,54,53,63.6,2,0
"Guatemala",2250,"2018",1087,"40-44",29,29,27,32.4,0,0
"Guatemala",2250,"2018",1087,"45-49",2,3.5,3.5,4.2,-1.5,0
"Guatemala",2250,"2018",1087,"5-9",0,0,0,0,0,0
"Guatemala",2250,"2018",1087,"50-54",2,2,1.5,1.8,0,0
"Guatemala",2250,"2018",1087,"55-59",0,0,0,0,0,0
"Guatemala",2250,"2018",1087,"60-64",0,0,0,0,0,0
"Guatemala",2250,"2018",1087,"65-69",0,0,0,0,0,0
"Guatemala",2250,"2018",1087,"70-74",0,0,0,0,0,0
"Guatemala",2250,"2018",1087,"75-79",0,0,0,0,0,0
"Guatemala",2250,"2018",1087,"80-84",0,0,0,0,0,0
"Guatemala",2250,"2018",1087,"85-89",0,0,0,0,0,0
"Guatemala",2250,"2018",1087,"90-94",0,0,0,0,0,0
"Guatemala",2250,"2018",1087,"95+",0,0,0,0,0,0
"Guatemala",2250,"2018",1092,"0-4",3005,3116.5,3107.5,3729,-111.5,0
"Guatemala",2250,"2018",1092,"10-14",0,0,0,0,0,0
"Guatemala",2250,"2018",1092,"15-19",0,0,0,0,0,0
"Guatemala",2250,"2018",1092,"20-24",0,0,0,0,0,0
"Guatemala",2250,"2018",1092,"25-29",0,0,0,0,0,0
"Guatemala",2250,"2018",1092,"30-34",0,0,0,0,0,0
"Guatemala",2250,"2018",1092,"35-39",0,0,0,0,0,0
"Guatemala",2250,"2018",1092,"40-44",0,0,0,0,0,0
"Guatemala",2250,"2018",1092,"45-49",0,0,0,0,0,0
"Guatemala",2250,"2018",1092,"5-9",0,0,0,0,0,0
"Guatemala",2250,"2018",1092,"50-54",0,0,0,0,0,0
"Guatemala",2250,"2018",1092,"55-59",0,0,0,0,0,0
"Guatemala",2250,"2018",1092,"60-64",0,0,0,0,0,0
"Guatemala",2250,"2018",1092,"65-69",0,0,0,0,0,0
"Guatemala",2250,"2018",1092,"70-74",0,0,0,0,0,0
"Guatemala",2250,"2018",1092,"75-79",0,0,0,0,0,0
"Guatemala",2250,"2018",1092,"80-84",0,0,0,0,0,0
"Guatemala",2250,"2018",1092,"85-89",0,0,0,0,0,0
"Guatemala",2250,"2018",1092,"90-94",0,0,0,0,0,0
"Guatemala",2250,"2018",1092,"95+",0,0,0,0,0,0
"Guatemala",2250,"2018",1093,"0-4",1178,1171,1180.25,1416.3,7,0
"Guatemala",2250,"2018",1093,"10-14",22,20.5,21,25.2,1.5,0
"Guatemala",2250,"2018",1093,"15-19",28,25.5,25,30,2.5,0
"Guatemala",2250,"2018",1093,"20-24",18,14,14.5,17.4,4,4
"Guatemala",2250,"2018",1093,"25-29",11,12.5,12.75,15.3,-1.5,0
"Guatemala",2250,"2018",1093,"30-34",6,6.5,7.5,9,-0.5,0
"Guatemala",2250,"2018",1093,"35-39",6,7.5,7.75,9.3,-1.5,0
"Guatemala",2250,"2018",1093,"40-44",5,5.5,5,6,-0.5,0
"Guatemala",2250,"2018",1093,"45-49",6,5.5,5.5,6.6,0.5,0
"Guatemala",2250,"2018",1093,"5-9",32,24,24,28.8,8,8
"Guatemala",2250,"2018",1093,"50-54",1,5.5,5.25,6.3,-4.5,0
"Guatemala",2250,"2018",1093,"55-59",2,4,4.5,5.4,-2,0
"Guatemala",2250,"2018",1093,"60-64",2,6,5.5,6.6,-4,0
"Guatemala",2250,"2018",1093,"65-69",3,5,5,6,-2,0
"Guatemala",2250,"2018",1093,"70-74",3,3,4.25,5.1,0,0
"Guatemala",2250,"2018",1093,"75-79",3,3,3.75,4.5,0,0
"Guatemala",2250,"2018",1093,"80-84",1,2.5,2.75,3.3,-1.5,0
"Guatemala",2250,"2018",1093,"85-89",5,3,3.25,3.9,2,2
"Guatemala",2250,"2018",1093,"90-94",1,2,2,2.4,-1,0
"Guatemala",2250,"2018",1093,"95+",5,4.5,4,4.8,0.5,0.5
"Guatemala",2250,"2018",1094,"0-4",976,923.5,953.75,1144.5,52.5,0
"Guatemala",2250,"2018",1094,"10-14",89,80,80,96,9,0
"Guatemala",2250,"2018",1094,"15-19",139,139.5,134.25,161.1,-0.5,0
"Guatemala",2250,"2018",1094,"20-24",184,157,158.75,190.5,27,0
"Guatemala",2250,"2018",1094,"25-29",182,172,171.25,205.5,10,0
"Guatemala",2250,"2018",1094,"30-34",220,182,188.25,225.9,38,0
"Guatemala",2250,"2018",1094,"35-39",231,232,218.75,262.5,-1,0
"Guatemala",2250,"2018",1094,"40-44",307,219.5,233.75,280.5,87.5,87.5
"Guatemala",2250,"2018",1094,"45-49",309,261.5,257.25,308.7,47.5,47.5
"Guatemala",2250,"2018",1094,"5-9",63,77,75,90,-14,0
"Guatemala",2250,"2018",1094,"50-54",358,304.5,307.25,368.7,53.5,0
"Guatemala",2250,"2018",1094,"55-59",503,405,401,481.2,98,98
"Guatemala",2250,"2018",1094,"60-64",553,475.5,461.25,553.5,77.5,0
"Guatemala",2250,"2018",1094,"65-69",752,568,581,697.2,184,184
"Guatemala",2250,"2018",1094,"70-74",849,668.5,665.75,798.9,180.5,180.5
"Guatemala",2250,"2018",1094,"75-79",1008,808.5,826.5,991.8,199.5,199.5
"Guatemala",2250,"2018",1094,"80-84",1242,1062.5,1059,1270.8,179.5,0
"Guatemala",2250,"2018",1094,"85-89",1296,1134.5,1113.5,1336.2,161.5,0
"Guatemala",2250,"2018",1094,"90-94",970,774.5,791.75,950.1,195.5,195.5
"Guatemala",2250,"2018",1094,"95+",387,337.5,327.25,392.7,49.5,0
"Guatemala",2250,"2018",1096,"0-4",38,36,36.5,43.8,2,0
"Guatemala",2250,"2018",1096,"10-14",31,36,36.5,43.8,-5,0
"Guatemala",2250,"2018",1096,"15-19",145,144,136.5,163.8,1,0
"Guatemala",2250,"2018",1096,"20-24",264,268,249,298.8,-4,0
"Guatemala",2250,"2018",1096,"25-29",240,219.5,207.25,248.7,20.5,0
"Guatemala",2250,"2018",1096,"30-34",176,150,152.75,183.3,26,0
"Guatemala",2250,"2018",1096,"35-39",132,116,117.25,140.7,16,0
"Guatemala",2250,"2018",1096,"40-44",115,105,98.5,118.2,10,0
"Guatemala",2250,"2018",1096,"45-49",89,82.5,79.75,95.7,6.5,0
"Guatemala",2250,"2018",1096,"5-9",30,28,27,32.4,2,0
"Guatemala",2250,"2018",1096,"50-54",69,74.5,71,85.2,-5.5,0
"Guatemala",2250,"2018",1096,"55-59",69,66,65.25,78.3,3,0
"Guatemala",2250,"2018",1096,"60-64",45,55.5,55.5,66.6,-10.5,0
"Guatemala",2250,"2018",1096,"65-69",55,45.5,45,54,9.5,9.5
"Guatemala",2250,"2018",1096,"70-74",33,34,32.25,38.7,-1,0
"Guatemala",2250,"2018",1096,"75-79",42,32,32.75,39.3,10,10
"Guatemala",2250,"2018",1096,"80-84",22,21,20.75,24.9,1,0
"Guatemala",2250,"2018",1096,"85-89",15,11,10.75,12.9,4,4
"Guatemala",2250,"2018",1096,"90-94",5,3.5,3.5,4.2,1.5,1.5
"Guatemala",2250,"2018",1096,"95+",0,0,0,0,0,0
"Guatemala",2250,"2018",1102,"0-4",8,16,15,18,-8,0
"Guatemala",2250,"2018",1102,"10-14",53,56.5,59.75,71.7,-3.5,0
"Guatemala",2250,"2018",1102,"15-19",521,628,615.5,738.6,-107,0
"Guatemala",2250,"2018",1102,"20-24",620,756,734.25,881.1,-136,0
"Guatemala",2250,"2018",1102,"25-29",491,559,563.75,676.5,-68,0
"Guatemala",2250,"2018",1102,"30-34",371,468.5,453,543.6,-97.5,0
"Guatemala",2250,"2018",1102,"35-39",346,394,394.5,473.4,-48,0
"Guatemala",2250,"2018",1102,"40-44",262,271,273,327.6,-9,0
"Guatemala",2250,"2018",1102,"45-49",153,193,187.25,224.7,-40,0
"Guatemala",2250,"2018",1102,"5-9",9,10,11.75,14.1,-1,0
"Guatemala",2250,"2018",1102,"50-54",119,145,141,169.2,-26,0
"Guatemala",2250,"2018",1102,"55-59",102,109.5,109.5,131.4,-7.5,0
"Guatemala",2250,"2018",1102,"60-64",52,64.5,66.25,79.5,-12.5,0
"Guatemala",2250,"2018",1102,"65-69",39,45.5,44.75,53.7,-6.5,0
"Guatemala",2250,"2018",1102,"70-74",31,27,27.75,33.3,4,0
"Guatemala",2250,"2018",1102,"75-79",16,15,17,20.4,1,0
"Guatemala",2250,"2018",1102,"80-84",13,13.5,13,15.6,-0.5,0
"Guatemala",2250,"2018",1102,"85-89",4,4.5,5,6,-0.5,0
"Guatemala",2250,"2018",1102,"90-94",2,2.5,2.5,3,-0.5,0
"Guatemala",2250,"2018",1102,"95+",0,1,1.25,1.5,-1,0
"Nicaragua",2340,"2015",1001,"0-4",135,123.5,126.25,151.5,11.5,0
"Nicaragua",2340,"2015",1001,"10-14",6,9,9,10.8,-3,0
"Nicaragua",2340,"2015",1001,"15-19",18,13,12.25,14.7,5,5
"Nicaragua",2340,"2015",1001,"20-24",31,29.5,30.25,36.3,1.5,0
"Nicaragua",2340,"2015",1001,"25-29",47,60,59.25,71.1,-13,0
"Nicaragua",2340,"2015",1001,"30-34",67,52.5,54.5,65.4,14.5,14.5
"Nicaragua",2340,"2015",1001,"35-39",50,55,56.25,67.5,-5,0
"Nicaragua",2340,"2015",1001,"40-44",56,53.5,52,62.4,2.5,0
"Nicaragua",2340,"2015",1001,"45-49",36,36.5,36.25,43.5,-0.5,0
"Nicaragua",2340,"2015",1001,"5-9",12,12,12.25,14.7,0,0
"Nicaragua",2340,"2015",1001,"50-54",35,30.5,30.25,36.3,4.5,0
"Nicaragua",2340,"2015",1001,"55-59",40,35.5,32.5,39,4.5,4.5
"Nicaragua",2340,"2015",1001,"60-64",25,26.5,27.25,32.7,-1.5,0
"Nicaragua",2340,"2015",1001,"65-69",30,27,26.75,32.1,3,0
"Nicaragua",2340,"2015",1001,"70-74",24,25.5,25.75,30.9,-1.5,0
"Nicaragua",2340,"2015",1001,"75-79",39,25.5,26,31.2,13.5,13.5
"Nicaragua",2340,"2015",1001,"80-84",26,20.5,20.75,24.9,5.5,5.5
"Nicaragua",2340,"2015",1001,"85-89",25,15,16.75,20.1,10,10
"Nicaragua",2340,"2015",1001,"90-94",17,12,11.75,14.1,5,5
"Nicaragua",2340,"2015",1001,"95+",10,4.5,5.5,6.6,5.5,5.5
"Nicaragua",2340,"2015",1026,"0-4",29,29,28.75,34.5,0,0
"Nicaragua",2340,"2015",1026,"10-14",31,31.5,31.5,37.8,-0.5,0
"Nicaragua",2340,"2015",1026,"15-19",39,38,36.5,43.8,1,0
"Nicaragua",2340,"2015",1026,"20-24",57,43.5,45.5,54.6,13.5,13.5
"Nicaragua",2340,"2015",1026,"25-29",52,53,46.5,55.8,-1,0
"Nicaragua",2340,"2015",1026,"30-34",58,73,72,86.4,-15,0
"Nicaragua",2340,"2015",1026,"35-39",96,107.5,107.75,129.3,-11.5,0
"Nicaragua",2340,"2015",1026,"40-44",140,138,138.75,166.5,2,0
"Nicaragua",2340,"2015",1026,"45-49",169,170,166.75,200.1,-1,0
"Nicaragua",2340,"2015",1026,"5-9",34,35,30.25,36.3,-1,0
"Nicaragua",2340,"2015",1026,"50-54",232,229,225.75,270.9,3,0
"Nicaragua",2340,"2015",1026,"55-59",251,281,277.25,332.7,-30,0
"Nicaragua",2340,"2015",1026,"60-64",304,315,323.25,387.9,-11,0
"Nicaragua",2340,"2015",1026,"65-69",309,328,328,393.6,-19,0
"Nicaragua",2340,"2015",1026,"70-74",319,311,308.5,370.2,8,0
"Nicaragua",2340,"2015",1026,"75-79",291,291,290.75,348.9,0,0
"Nicaragua",2340,"2015",1026,"80-84",225,248.5,248.75,298.5,-23.5,0
"Nicaragua",2340,"2015",1026,"85-89",166,165.5,159.75,191.7,0.5,0
"Nicaragua",2340,"2015",1026,"90-94",66,71.5,71,85.2,-5.5,0
"Nicaragua",2340,"2015",1026,"95+",30,30.5,31,37.2,-0.5,0
"Nicaragua",2340,"2015",1048,"0-4",13,13.5,13,15.6,-0.5,0
"Nicaragua",2340,"2015",1048,"10-14",3,5,5.25,6.3,-2,0
"Nicaragua",2340,"2015",1048,"15-19",11,8.5,8.75,10.5,2.5,2.5
"Nicaragua",2340,"2015",1048,"20-24",12,7.5,8.5,10.2,4.5,4.5
"Nicaragua",2340,"2015",1048,"25-29",6,7,6.75,8.1,-1,0
"Nicaragua",2340,"2015",1048,"30-34",10,7,7,8.4,3,3
"Nicaragua",2340,"2015",1048,"35-39",3,5.5,5.75,6.9,-2.5,0
"Nicaragua",2340,"2015",1048,"40-44",5,5,4.75,5.7,0,0
"Nicaragua",2340,"2015",1048,"45-49",4,5.5,5.25,6.3,-1.5,0
"Nicaragua",2340,"2015",1048,"5-9",4,3.5,3.5,4.2,0.5,0
"Nicaragua",2340,"2015",1048,"50-54",5,4.5,4,4.8,0.5,0.5
"Nicaragua",2340,"2015",1048,"55-59",11,5.5,6.25,7.5,5.5,5.5
"Nicaragua",2340,"2015",1048,"60-64",7,5.5,5.5,6.6,1.5,1.5
"Nicaragua",2340,"2015",1048,"65-69",9,7,7,8.4,2,2
"Nicaragua",2340,"2015",1048,"70-74",5,4.5,5.5,6.6,0.5,0
"Nicaragua",2340,"2015",1048,"75-79",2,4.5,4,4.8,-2.5,0
"Nicaragua",2340,"2015",1048,"80-84",8,7,5.75,6.9,1,1
"Nicaragua",2340,"2015",1048,"85-89",6,5.5,4.75,5.7,0.5,0.5
"Nicaragua",2340,"2015",1048,"90-94",1,2,1.75,2.1,-1,0
"Nicaragua",2340,"2015",1048,"95+",2,1.5,1.25,1.5,0.5,0.5
"Nicaragua",2340,"2015",1051,"0-4",50,61,58.75,70.5,-11,0
"Nicaragua",2340,"2015",1051,"10-14",5,5,4.75,5.7,0,0
"Nicaragua",2340,"2015",1051,"15-19",9,8,8,9.6,1,0
"Nicaragua",2340,"2015",1051,"20-24",15,12.5,11.75,14.1,2.5,2.5
"Nicaragua",2340,"2015",1051,"25-29",11,16,15,18,-5,0
"Nicaragua",2340,"2015",1051,"30-34",25,23,22.5,27,2,0
"Nicaragua",2340,"2015",1051,"35-39",24,30.5,30,36,-6.5,0
"Nicaragua",2340,"2015",1051,"40-44",49,58.5,57.5,69,-9.5,0
"Nicaragua",2340,"2015",1051,"45-49",98,99.5,100.25,120.3,-1.5,0
"Nicaragua",2340,"2015",1051,"5-9",3,6,5.5,6.6,-3,0
"Nicaragua",2340,"2015",1051,"50-54",171,172,174.75,209.7,-1,0
"Nicaragua",2340,"2015",1051,"55-59",236,261,258.75,310.5,-25,0
"Nicaragua",2340,"2015",1051,"60-64",270,322.5,311.5,373.8,-52.5,0
"Nicaragua",2340,"2015",1051,"65-69",272,322.5,320.5,384.6,-50.5,0
"Nicaragua",2340,"2015",1051,"70-74",265,280,282.75,339.3,-15,0
"Nicaragua",2340,"2015",1051,"75-79",231,256.5,258.5,310.2,-25.5,0
"Nicaragua",2340,"2015",1051,"80-84",193,193,196.75,236.1,0,0
"Nicaragua",2340,"2015",1051,"85-89",105,143,139.5,167.4,-38,0
"Nicaragua",2340,"2015",1051,"90-94",62,71.5,71,85.2,-9.5,0
"Nicaragua",2340,"2015",1051,"95+",18,33,32.25,38.7,-15,0
"Nicaragua",2340,"2015",1055,"0-4",0,0,0,0,0,0
"Nicaragua",2340,"2015",1055,"10-14",0,0,0,0,0,0
"Nicaragua",2340,"2015",1055,"15-19",1,1,0.75,0.9,0,0
"Nicaragua",2340,"2015",1055,"20-24",6,1.5,2.5,3,4.5,4.5
"Nicaragua",2340,"2015",1055,"25-29",11,11.5,12,14.4,-0.5,0
"Nicaragua",2340,"2015",1055,"30-34",28,26.5,26,31.2,1.5,0
"Nicaragua",2340,"2015",1055,"35-39",38,32.5,32.5,39,5.5,0
"Nicaragua",2340,"2015",1055,"40-44",39,40.5,38,45.6,-1.5,0
"Nicaragua",2340,"2015",1055,"45-49",38,32.5,33.5,40.2,5.5,0
"Nicaragua",2340,"2015",1055,"5-9",0,0,0,0,0,0
"Nicaragua",2340,"2015",1055,"50-54",27,29.5,30,36,-2.5,0
"Nicaragua",2340,"2015",1055,"55-59",25,26.5,26.5,31.8,-1.5,0
"Nicaragua",2340,"2015",1055,"60-64",25,23.5,23.5,28.2,1.5,0
"Nicaragua",2340,"2015",1055,"65-69",11,18.5,17.5,21,-7.5,0
"Nicaragua",2340,"2015",1055,"70-74",12,10,10,12,2,0
"Nicaragua",2340,"2015",1055,"75-79",8,9,9,10.8,-1,0
"Nicaragua",2340,"2015",1055,"80-84",11,7.5,8,9.6,3.5,3.5
"Nicaragua",2340,"2015",1055,"85-89",5,6,6.25,7.5,-1,0
"Nicaragua",2340,"2015",1055,"90-94",1,1.5,1.75,2.1,-0.5,0
"Nicaragua",2340,"2015",1055,"95+",1,1.5,1.75,2.1,-0.5,0
"Nicaragua",2340,"2015",1058,"0-4",38,42.5,43,51.6,-4.5,0
"Nicaragua",2340,"2015",1058,"10-14",21,14.5,15.75,18.9,6.5,6.5
"Nicaragua",2340,"2015",1058,"15-19",19,20,19.75,23.7,-1,0
"Nicaragua",2340,"2015",1058,"20-24",23,22.5,22.25,26.7,0.5,0
"Nicaragua",2340,"2015",1058,"25-29",15,16,16.5,19.8,-1,0
"Nicaragua",2340,"2015",1058,"30-34",14,17,17.75,21.3,-3,0
"Nicaragua",2340,"2015",1058,"35-39",17,18.5,19.75,23.7,-1.5,0
"Nicaragua",2340,"2015",1058,"40-44",11,15,15.75,18.9,-4,0
"Nicaragua",2340,"2015",1058,"45-49",17,17,17.25,20.7,0,0
"Nicaragua",2340,"2015",1058,"5-9",16,16.5,15.75,18.9,-0.5,0
"Nicaragua",2340,"2015",1058,"50-54",17,12.5,12.75,15.3,4.5,4.5
"Nicaragua",2340,"2015",1058,"55-59",16,13.5,13.25,15.9,2.5,2.5
"Nicaragua",2340,"2015",1058,"60-64",7,16.5,14.5,17.4,-9.5,0
"Nicaragua",2340,"2015",1058,"65-69",12,20.5,18.75,22.5,-8.5,0
"Nicaragua",2340,"2015",1058,"70-74",17,16.5,17.25,20.7,0.5,0
"Nicaragua",2340,"2015",1058,"75-79",23,28.5,27.25,32.7,-5.5,0
"Nicaragua",2340,"2015",1058,"80-84",19,22.5,25.5,30.6,-3.5,0
"Nicaragua",2340,"2015",1058,"85-89",16,25,23.75,28.5,-9,0
"Nicaragua",2340,"2015",1058,"90-94",15,14.5,14.25,17.1,0.5,0
"Nicaragua",2340,"2015",1058,"95+",1,2.5,2.5,3,-1.5,0
"Nicaragua",2340,"2015",1062,"0-4",0,0,0,0,0,0
"Nicaragua",2340,"2015",1062,"10-14",0,0,0,0,0,0
"Nicaragua",2340,"2015",1062,"15-19",0,0,0,0,0,0
"Nicaragua",2340,"2015",1062,"20-24",0,0,0,0,0,0
"Nicaragua",2340,"2015",1062,"25-29",0,0,0,0,0,0
"Nicaragua",2340,"2015",1062,"30-34",0,0,0,0,0,0
"Nicaragua",2340,"2015",1062,"35-39",0,0,0,0,0,0
"Nicaragua",2340,"2015",1062,"40-44",0,0,0,0,0,0
"Nicaragua",2340,"2015",1062,"45-49",0,0,0,0,0,0
"Nicaragua",2340,"2015",1062,"5-9",0,0,0,0,0,0
"Nicaragua",2340,"2015",1062,"50-54",0,0,0,0,0,0
"Nicaragua",2340,"2015",1062,"55-59",0,0,0,0,0,0
"Nicaragua",2340,"2015",1062,"60-64",0,0,0,0,0,0
"Nicaragua",2340,"2015",1062,"65-69",0,0,0,0,0,0
"Nicaragua",2340,"2015",1062,"70-74",0,0,0,0,0,0
"Nicaragua",2340,"2015",1062,"75-79",1,1,1,1.2,0,0
"Nicaragua",2340,"2015",1062,"80-84",0,0,0,0,0,0
"Nicaragua",2340,"2015",1062,"85-89",0,0,0,0,0,0
"Nicaragua",2340,"2015",1062,"90-94",0,0,0,0,0,0
"Nicaragua",2340,"2015",1062,"95+",0,0,0,0,0,0
"Nicaragua",2340,"2015",1064,"0-4",19,18.5,17.25,20.7,0.5,0
"Nicaragua",2340,"2015",1064,"10-14",8,7,7.5,9,1,0
"Nicaragua",2340,"2015",1064,"15-19",28,26.5,25.25,30.3,1.5,0
"Nicaragua",2340,"2015",1064,"20-24",35,33.5,33.75,40.5,1.5,0
"Nicaragua",2340,"2015",1064,"25-29",34,45.5,44.25,53.1,-11.5,0
"Nicaragua",2340,"2015",1064,"30-34",69,69,70,84,0,0
"Nicaragua",2340,"2015",1064,"35-39",87,95,95.75,114.9,-8,0
"Nicaragua",2340,"2015",1064,"40-44",133,129.5,131.25,157.5,3.5,0
"Nicaragua",2340,"2015",1064,"45-49",169,172,172,206.4,-3,0
"Nicaragua",2340,"2015",1064,"5-9",4,4.5,4.25,5.1,-0.5,0
"Nicaragua",2340,"2015",1064,"50-54",246,238.5,240.25,288.3,7.5,0
"Nicaragua",2340,"2015",1064,"55-59",313,362.5,353.25,423.9,-49.5,0
"Nicaragua",2340,"2015",1064,"60-64",452,472,472.75,567.3,-20,0
"Nicaragua",2340,"2015",1064,"65-69",500,550,546.25,655.5,-50,0
"Nicaragua",2340,"2015",1064,"70-74",619,668.5,663.25,795.9,-49.5,0
"Nicaragua",2340,"2015",1064,"75-79",836,783.5,786.75,944.1,52.5,0
"Nicaragua",2340,"2015",1064,"80-84",920,928,924.75,1109.7,-8,0
"Nicaragua",2340,"2015",1064,"85-89",814,836,854.5,1025.4,-22,0
"Nicaragua",2340,"2015",1064,"90-94",587,593,608,729.6,-6,0
"Nicaragua",2340,"2015",1064,"95+",373,405.5,404,484.8,-32.5,0
"Nicaragua",2340,"2015",1072,"0-4",232,235,236,283.2,-3,0
"Nicaragua",2340,"2015",1072,"10-14",8,9.5,10.25,12.3,-1.5,0
"Nicaragua",2340,"2015",1072,"15-19",22,18.5,17.75,21.3,3.5,3.5
"Nicaragua",2340,"2015",1072,"20-24",15,16,15.75,18.9,-1,0
"Nicaragua",2340,"2015",1072,"25-29",12,17,16.25,19.5,-5,0
"Nicaragua",2340,"2015",1072,"30-34",27,20.5,20.5,24.6,6.5,6.5
"Nicaragua",2340,"2015",1072,"35-39",23,24.5,25.25,30.3,-1.5,0
"Nicaragua",2340,"2015",1072,"40-44",35,29,30,36,6,0
"Nicaragua",2340,"2015",1072,"45-49",38,34.5,34,40.8,3.5,0
"Nicaragua",2340,"2015",1072,"5-9",14,15,14.75,17.7,-1,0
"Nicaragua",2340,"2015",1072,"50-54",53,52,49.25,59.1,1,0
"Nicaragua",2340,"2015",1072,"55-59",58,65,64.75,77.7,-7,0
"Nicaragua",2340,"2015",1072,"60-64",96,93.5,94.25,113.1,2.5,0
"Nicaragua",2340,"2015",1072,"65-69",112,111.5,120.5,144.6,0.5,0
"Nicaragua",2340,"2015",1072,"70-74",149,160,162,194.4,-11,0
"Nicaragua",2340,"2015",1072,"75-79",213,213.5,206.5,247.8,-0.5,0
"Nicaragua",2340,"2015",1072,"80-84",236,245.5,244.25,293.1,-9.5,0
"Nicaragua",2340,"2015",1072,"85-89",229,240.5,243.5,292.2,-11.5,0
"Nicaragua",2340,"2015",1072,"90-94",158,183,184,220.8,-25,0
"Nicaragua",2340,"2015",1072,"95+",119,121.5,122.25,146.7,-2.5,0
"Nicaragua",2340,"2015",1078,"0-4",23,33,31.75,38.1,-10,0
"Nicaragua",2340,"2015",1078,"10-14",5,5.5,6.75,8.1,-0.5,0
"Nicaragua",2340,"2015",1078,"15-19",12,11.5,12.25,14.7,0.5,0
"Nicaragua",2340,"2015",1078,"20-24",20,19.5,19,22.8,0.5,0
"Nicaragua",2340,"2015",1078,"25-29",50,44,42.5,51,6,0
"Nicaragua",2340,"2015",1078,"30-34",81,76,75.75,90.9,5,0
"Nicaragua",2340,"2015",1078,"35-39",97,114,114.25,137.1,-17,0
"Nicaragua",2340,"2015",1078,"40-44",147,135,131.5,157.8,12,0
"Nicaragua",2340,"2015",1078,"45-49",138,152,150.25,180.3,-14,0
"Nicaragua",2340,"2015",1078,"5-9",6,6,6,7.2,0,0
"Nicaragua",2340,"2015",1078,"50-54",157,178.5,179.25,215.1,-21.5,0
"Nicaragua",2340,"2015",1078,"55-59",206,225,221,265.2,-19,0
"Nicaragua",2340,"2015",1078,"60-64",187,193,196.25,235.5,-6,0
"Nicaragua",2340,"2015",1078,"65-69",198,201,201.25,241.5,-3,0
"Nicaragua",2340,"2015",1078,"70-74",145,168,168.25,201.9,-23,0
"Nicaragua",2340,"2015",1078,"75-79",146,150.5,150.5,180.6,-4.5,0
"Nicaragua",2340,"2015",1078,"80-84",126,122,123,147.6,4,0
"Nicaragua",2340,"2015",1078,"85-89",68,80.5,81.25,97.5,-12.5,0
"Nicaragua",2340,"2015",1078,"90-94",39,46,46,55.2,-7,0
"Nicaragua",2340,"2015",1078,"95+",18,21.5,22.75,27.3,-3.5,0
"Nicaragua",2340,"2015",1082,"0-4",0,1.5,1.75,2.1,-1.5,0
"Nicaragua",2340,"2015",1082,"10-14",1,0.5,0.5,0.6,0.5,0.5
"Nicaragua",2340,"2015",1082,"15-19",0,0,0.5,0.6,0,0
"Nicaragua",2340,"2015",1082,"20-24",3,2.5,2.25,2.7,0.5,0.5
"Nicaragua",2340,"2015",1082,"25-29",4,1.5,2,2.4,2.5,2.5
"Nicaragua",2340,"2015",1082,"30-34",0,3,2.5,3,-3,0
"Nicaragua",2340,"2015",1082,"35-39",5,3,3,3.6,2,2
"Nicaragua",2340,"2015",1082,"40-44",3,3.5,3.75,4.5,-0.5,0
"Nicaragua",2340,"2015",1082,"45-49",4,3.5,3.75,4.5,0.5,0
"Nicaragua",2340,"2015",1082,"5-9",1,0,0.25,0.3,1,1
"Nicaragua",2340,"2015",1082,"50-54",8,4.5,4.5,5.4,3.5,3.5
"Nicaragua",2340,"2015",1082,"55-59",4,2,2.25,2.7,2,2
"Nicaragua",2340,"2015",1082,"60-64",5,5,5.25,6.3,0,0
"Nicaragua",2340,"2015",1082,"65-69",6,7.5,8,9.6,-1.5,0
"Nicaragua",2340,"2015",1082,"70-74",5,9,8.5,10.2,-4,0
"Nicaragua",2340,"2015",1082,"75-79",7,11.5,12.5,15,-4.5,0
"Nicaragua",2340,"2015",1082,"80-84",9,14.5,14.25,17.1,-5.5,0
"Nicaragua",2340,"2015",1082,"85-89",22,13.5,14.75,17.7,8.5,8.5
"Nicaragua",2340,"2015",1082,"90-94",9,7,7.25,8.7,2,2
"Nicaragua",2340,"2015",1082,"95+",2,5,5.25,6.3,-3,0
"Nicaragua",2340,"2015",1083,"0-4",1,1,1.25,1.5,0,0
"Nicaragua",2340,"2015",1083,"10-14",9,5,5.25,6.3,4,4
"Nicaragua",2340,"2015",1083,"15-19",5,8,8,9.6,-3,0
"Nicaragua",2340,"2015",1083,"20-24",7,10.5,9.75,11.7,-3.5,0
"Nicaragua",2340,"2015",1083,"25-29",7,9.5,10.25,12.3,-2.5,0
"Nicaragua",2340,"2015",1083,"30-34",11,10.5,10.25,12.3,0.5,0
"Nicaragua",2340,"2015",1083,"35-39",8,8,7.5,9,0,0
"Nicaragua",2340,"2015",1083,"40-44",5,6.5,7.25,8.7,-1.5,0
"Nicaragua",2340,"2015",1083,"45-49",5,6.5,7,8.4,-1.5,0
"Nicaragua",2340,"2015",1083,"5-9",2,1.5,1.5,1.8,0.5,0.5
"Nicaragua",2340,"2015",1083,"50-54",11,11,10.25,12.3,0,0
"Nicaragua",2340,"2015",1083,"55-59",5,8,8,9.6,-3,0
"Nicaragua",2340,"2015",1083,"60-64",6,6.5,5.5,6.6,-0.5,0
"Nicaragua",2340,"2015",1083,"65-69",7,6,6,7.2,1,0
"Nicaragua",2340,"2015",1083,"70-74",3,4,5.5,6.6,-1,0
"Nicaragua",2340,"2015",1083,"75-79",5,6.5,6.75,8.1,-1.5,0
"Nicaragua",2340,"2015",1083,"80-84",5,9.5,9,10.8,-4.5,0
"Nicaragua",2340,"2015",1083,"85-89",4,5,4.75,5.7,-1,0
"Nicaragua",2340,"2015",1083,"90-94",2,2.5,2.5,3,-0.5,0
"Nicaragua",2340,"2015",1083,"95+",3,3,3,3.6,0,0
"Nicaragua",2340,"2015",1084,"0-4",15,14.5,15.75,18.9,0.5,0
"Nicaragua",2340,"2015",1084,"10-14",4,5,5,6,-1,0
"Nicaragua",2340,"2015",1084,"15-19",14,14,14,16.8,0,0
"Nicaragua",2340,"2015",1084,"20-24",26,27.5,26,31.2,-1.5,0
"Nicaragua",2340,"2015",1084,"25-29",38,42,41.75,50.1,-4,0
"Nicaragua",2340,"2015",1084,"30-34",73,72,72.5,87,1,0
"Nicaragua",2340,"2015",1084,"35-39",82,86.5,89,106.8,-4.5,0
"Nicaragua",2340,"2015",1084,"40-44",81,104.5,99.25,119.1,-23.5,0
"Nicaragua",2340,"2015",1084,"45-49",125,118,122.75,147.3,7,0
"Nicaragua",2340,"2015",1084,"5-9",11,5.5,6.25,7.5,5.5,5.5
"Nicaragua",2340,"2015",1084,"50-54",125,141,141.5,169.8,-16,0
"Nicaragua",2340,"2015",1084,"55-59",142,178,170,204,-36,0
"Nicaragua",2340,"2015",1084,"60-64",161,182,181.5,217.8,-21,0
"Nicaragua",2340,"2015",1084,"65-69",162,174,173.75,208.5,-12,0
"Nicaragua",2340,"2015",1084,"70-74",136,153.5,155.5,186.6,-17.5,0
"Nicaragua",2340,"2015",1084,"75-79",156,157,154,184.8,-1,0
"Nicaragua",2340,"2015",1084,"80-84",126,128.5,128.25,153.9,-2.5,0
"Nicaragua",2340,"2015",1084,"85-89",101,101.5,102.25,122.7,-0.5,0
"Nicaragua",2340,"2015",1084,"90-94",53,50.5,49.75,59.7,2.5,0
"Nicaragua",2340,"2015",1084,"95+",27,29.5,31.5,37.8,-2.5,0
"Nicaragua",2340,"2015",1087,"0-4",0,0,0,0,0,0
"Nicaragua",2340,"2015",1087,"10-14",2,1.5,1.5,1.8,0.5,0.5
"Nicaragua",2340,"2015",1087,"15-19",11,6.5,7.25,8.7,4.5,4.5
"Nicaragua",2340,"2015",1087,"20-24",15,11.5,11.5,13.8,3.5,3.5
"Nicaragua",2340,"2015",1087,"25-29",10,10.5,10,12,-0.5,0
"Nicaragua",2340,"2015",1087,"30-34",12,11,11.25,13.5,1,0
"Nicaragua",2340,"2015",1087,"35-39",5,8.5,7.75,9.3,-3.5,0
"Nicaragua",2340,"2015",1087,"40-44",4,1.5,2,2.4,2.5,2.5
"Nicaragua",2340,"2015",1087,"45-49",0,0,0,0,0,0
"Nicaragua",2340,"2015",1087,"5-9",0,0,0,0,0,0
"Nicaragua",2340,"2015",1087,"50-54",0,0,0,0,0,0
"Nicaragua",2340,"2015",1087,"55-59",0,0,0,0,0,0
"Nicaragua",2340,"2015",1087,"60-64",0,0,0,0,0,0
"Nicaragua",2340,"2015",1087,"65-69",0,0,0,0,0,0
"Nicaragua",2340,"2015",1087,"70-74",0,0,0,0,0,0
"Nicaragua",2340,"2015",1087,"75-79",0,0,0,0,0,0
"Nicaragua",2340,"2015",1087,"80-84",0,0,0,0,0,0
"Nicaragua",2340,"2015",1087,"85-89",0,0,0,0,0,0
"Nicaragua",2340,"2015",1087,"90-94",0,0,0,0,0,0
"Nicaragua",2340,"2015",1087,"95+",0,0,0,0,0,0
"Nicaragua",2340,"2015",1092,"0-4",1174,1015,1014.25,1217.1,159,0
"Nicaragua",2340,"2015",1092,"10-14",0,0,0,0,0,0
"Nicaragua",2340,"2015",1092,"15-19",0,0,0,0,0,0
"Nicaragua",2340,"2015",1092,"20-24",0,0,0,0,0,0
"Nicaragua",2340,"2015",1092,"25-29",0,0,0,0,0,0
"Nicaragua",2340,"2015",1092,"30-34",0,0,0,0,0,0
"Nicaragua",2340,"2015",1092,"35-39",0,0,0,0,0,0
"Nicaragua",2340,"2015",1092,"40-44",0,0,0,0,0,0
"Nicaragua",2340,"2015",1092,"45-49",0,0,0,0,0,0
"Nicaragua",2340,"2015",1092,"5-9",0,0,0,0,0,0
"Nicaragua",2340,"2015",1092,"50-54",0,0,0,0,0,0
"Nicaragua",2340,"2015",1092,"55-59",0,0,0,0,0,0
"Nicaragua",2340,"2015",1092,"60-64",0,0,0,0,0,0
"Nicaragua",2340,"2015",1092,"65-69",0,0,0,0,0,0
"Nicaragua",2340,"2015",1092,"70-74",0,0,0,0,0,0
"Nicaragua",2340,"2015",1092,"75-79",0,0,0,0,0,0
"Nicaragua",2340,"2015",1092,"80-84",0,0,0,0,0,0
"Nicaragua",2340,"2015",1092,"85-89",0,0,0,0,0,0
"Nicaragua",2340,"2015",1092,"90-94",0,0,0,0,0,0
"Nicaragua",2340,"2015",1092,"95+",0,0,0,0,0,0
"Nicaragua",2340,"2015",1093,"0-4",488,484,472.25,566.7,4,0
"Nicaragua",2340,"2015",1093,"10-14",5,5,4.75,5.7,0,0
"Nicaragua",2340,"2015",1093,"15-19",5,5.5,6.75,8.1,-0.5,0
"Nicaragua",2340,"2015",1093,"20-24",6,5,5.25,6.3,1,0
"Nicaragua",2340,"2015",1093,"25-29",2,3,3.5,4.2,-1,0
"Nicaragua",2340,"2015",1093,"30-34",4,4,3.5,4.2,0,0
"Nicaragua",2340,"2015",1093,"35-39",1,2,2.5,3,-1,0
"Nicaragua",2340,"2015",1093,"40-44",1,1.5,1.75,2.1,-0.5,0
"Nicaragua",2340,"2015",1093,"45-49",3,3,3,3.6,0,0
"Nicaragua",2340,"2015",1093,"5-9",12,6.5,7.5,9,5.5,5.5
"Nicaragua",2340,"2015",1093,"50-54",2,2,1.75,2.1,0,0
"Nicaragua",2340,"2015",1093,"55-59",2,1.5,1.75,2.1,0.5,0
"Nicaragua",2340,"2015",1093,"60-64",0,1.5,1.75,2.1,-1.5,0
"Nicaragua",2340,"2015",1093,"65-69",0,0,0.5,0.6,0,0
"Nicaragua",2340,"2015",1093,"70-74",1,1,1.25,1.5,0,0
"Nicaragua",2340,"2015",1093,"75-79",1,1,1.25,1.5,0,0
"Nicaragua",2340,"2015",1093,"80-84",0,0.5,1,1.2,-0.5,0
"Nicaragua",2340,"2015",1093,"85-89",1,1.5,1.5,1.8,-0.5,0
"Nicaragua",2340,"2015",1093,"90-94",0,1,1,1.2,-1,0
"Nicaragua",2340,"2015",1093,"95+",0,0,0.75,0.9,0,0
"Nicaragua",2340,"2015",1094,"0-4",24,17.5,17.5,21,6.5,6.5
"Nicaragua",2340,"2015",1094,"10-14",3,1.5,2,2.4,1.5,1.5
"Nicaragua",2340,"2015",1094,"15-19",7,3.5,4,4.8,3.5,3.5
"Nicaragua",2340,"2015",1094,"20-24",8,6.5,6.25,7.5,1.5,1.5
"Nicaragua",2340,"2015",1094,"25-29",8,10,9.25,11.1,-2,0
"Nicaragua",2340,"2015",1094,"30-34",7,7.5,8.75,10.5,-0.5,0
"Nicaragua",2340,"2015",1094,"35-39",6,9,10.5,12.6,-3,0
"Nicaragua",2340,"2015",1094,"40-44",12,13.5,12,14.4,-1.5,0
"Nicaragua",2340,"2015",1094,"45-49",12,13,12.25,14.7,-1,0
"Nicaragua",2340,"2015",1094,"5-9",6,2,2.5,3,4,4
"Nicaragua",2340,"2015",1094,"50-54",12,14,15.25,18.3,-2,0
"Nicaragua",2340,"2015",1094,"55-59",10,16.5,16.75,20.1,-6.5,0
"Nicaragua",2340,"2015",1094,"60-64",14,17,18,21.6,-3,0
"Nicaragua",2340,"2015",1094,"65-69",18,22.5,25.25,30.3,-4.5,0
"Nicaragua",2340,"2015",1094,"70-74",20,28,31.25,37.5,-8,0
"Nicaragua",2340,"2015",1094,"75-79",30,37,38.75,46.5,-7,0
"Nicaragua",2340,"2015",1094,"80-84",44,53,57,68.4,-9,0
"Nicaragua",2340,"2015",1094,"85-89",36,62,63.75,76.5,-26,0
"Nicaragua",2340,"2015",1094,"90-94",57,64,67.25,80.7,-7,0
"Nicaragua",2340,"2015",1094,"95+",67,68,68.75,82.5,-1,0
"Nicaragua",2340,"2015",1096,"0-4",8,12,11.5,13.8,-4,0
"Nicaragua",2340,"2015",1096,"10-14",12,11,12.5,15,1,0
"Nicaragua",2340,"2015",1096,"15-19",45,51.5,51.25,61.5,-6.5,0
"Nicaragua",2340,"2015",1096,"20-24",109,106,109.5,131.4,3,0
"Nicaragua",2340,"2015",1096,"25-29",71,111.5,102.75,123.3,-40.5,0
"Nicaragua",2340,"2015",1096,"30-34",69,84,90.5,108.6,-15,0
"Nicaragua",2340,"2015",1096,"35-39",64,67,66.75,80.1,-3,0
"Nicaragua",2340,"2015",1096,"40-44",38,49.5,49.25,59.1,-11.5,0
"Nicaragua",2340,"2015",1096,"45-49",36,39.5,39.25,47.1,-3.5,0
"Nicaragua",2340,"2015",1096,"5-9",16,12.5,12.75,15.3,3.5,3.5
"Nicaragua",2340,"2015",1096,"50-54",36,33,33.75,40.5,3,0
"Nicaragua",2340,"2015",1096,"55-59",22,27.5,28.75,34.5,-5.5,0
"Nicaragua",2340,"2015",1096,"60-64",26,27.5,28.25,33.9,-1.5,0
"Nicaragua",2340,"2015",1096,"65-69",22,22,22.5,27,0,0
"Nicaragua",2340,"2015",1096,"70-74",14,14.5,15,18,-0.5,0
"Nicaragua",2340,"2015",1096,"75-79",10,14,13.75,16.5,-4,0
"Nicaragua",2340,"2015",1096,"80-84",5,9.5,10.25,12.3,-4.5,0
"Nicaragua",2340,"2015",1096,"85-89",5,3,3.25,3.9,2,2
"Nicaragua",2340,"2015",1096,"90-94",1,1,1.25,1.5,0,0
"Nicaragua",2340,"2015",1096,"95+",0,0,0.25,0.3,0,0
"Nicaragua",2340,"2015",1102,"0-4",1,2,2.5,3,-1,0
"Nicaragua",2340,"2015",1102,"10-14",2,3,3,3.6,-1,0
"Nicaragua",2340,"2015",1102,"15-19",20,24,34,40.8,-4,0
"Nicaragua",2340,"2015",1102,"20-24",40,48.5,55.25,66.3,-8.5,0
"Nicaragua",2340,"2015",1102,"25-29",46,48,56,67.2,-2,0
"Nicaragua",2340,"2015",1102,"30-34",38,43.5,52.5,63,-5.5,0
"Nicaragua",2340,"2015",1102,"35-39",23,41,42.5,51,-18,0
"Nicaragua",2340,"2015",1102,"40-44",19,25.5,29.25,35.1,-6.5,0
"Nicaragua",2340,"2015",1102,"45-49",15,22.5,24,28.8,-7.5,0
"Nicaragua",2340,"2015",1102,"5-9",0,1,1.5,1.8,-1,0
"Nicaragua",2340,"2015",1102,"50-54",11,16.5,16,19.2,-5.5,0
"Nicaragua",2340,"2015",1102,"55-59",6,11.5,12.5,15,-5.5,0
"Nicaragua",2340,"2015",1102,"60-64",14,14,13,15.6,0,0
"Nicaragua",2340,"2015",1102,"65-69",0,9,7.75,9.3,-9,0
"Nicaragua",2340,"2015",1102,"70-74",4,5.5,5.5,6.6,-1.5,0
"Nicaragua",2340,"2015",1102,"75-79",2,3.5,3.25,3.9,-1.5,0
"Nicaragua",2340,"2015",1102,"80-84",4,3.5,3.25,3.9,0.5,0.5
"Nicaragua",2340,"2015",1102,"85-89",0,0.5,0.5,0.6,-0.5,0
"Nicaragua",2340,"2015",1102,"90-94",0,0,0.25,0.3,0,0
"Nicaragua",2340,"2015",1102,"95+",0,0,0,0,0,0
"Nicaragua",2340,"2016",1001,"0-4",148,123.5,126.25,151.5,24.5,0
"Nicaragua",2340,"2016",1001,"10-14",12,9,9,10.8,3,3
"Nicaragua",2340,"2016",1001,"15-19",15,13,12.25,14.7,2,2
"Nicaragua",2340,"2016",1001,"20-24",28,29.5,30.25,36.3,-1.5,0
"Nicaragua",2340,"2016",1001,"25-29",59,60,59.25,71.1,-1,0
"Nicaragua",2340,"2016",1001,"30-34",58,52.5,54.5,65.4,5.5,0
"Nicaragua",2340,"2016",1001,"35-39",56,55,56.25,67.5,1,0
"Nicaragua",2340,"2016",1001,"40-44",51,53.5,52,62.4,-2.5,0
"Nicaragua",2340,"2016",1001,"45-49",32,36.5,36.25,43.5,-4.5,0
"Nicaragua",2340,"2016",1001,"5-9",16,12,12.25,14.7,4,4
"Nicaragua",2340,"2016",1001,"50-54",30,30.5,30.25,36.3,-0.5,0
"Nicaragua",2340,"2016",1001,"55-59",36,35.5,32.5,39,0.5,0
"Nicaragua",2340,"2016",1001,"60-64",31,26.5,27.25,32.7,4.5,0
"Nicaragua",2340,"2016",1001,"65-69",27,27,26.75,32.1,0,0
"Nicaragua",2340,"2016",1001,"70-74",29,25.5,25.75,30.9,3.5,0
"Nicaragua",2340,"2016",1001,"75-79",32,25.5,26,31.2,6.5,6.5
"Nicaragua",2340,"2016",1001,"80-84",24,20.5,20.75,24.9,3.5,0
"Nicaragua",2340,"2016",1001,"85-89",15,15,16.75,20.1,0,0
"Nicaragua",2340,"2016",1001,"90-94",12,12,11.75,14.1,0,0
"Nicaragua",2340,"2016",1001,"95+",5,4.5,5.5,6.6,0.5,0
"Nicaragua",2340,"2016",1026,"0-4",31,29,28.75,34.5,2,0
"Nicaragua",2340,"2016",1026,"10-14",32,31.5,31.5,37.8,0.5,0
"Nicaragua",2340,"2016",1026,"15-19",37,38,36.5,43.8,-1,0
"Nicaragua",2340,"2016",1026,"20-24",38,43.5,45.5,54.6,-5.5,0
"Nicaragua",2340,"2016",1026,"25-29",54,53,46.5,55.8,1,0
"Nicaragua",2340,"2016",1026,"30-34",84,73,72,86.4,11,0
"Nicaragua",2340,"2016",1026,"35-39",116,107.5,107.75,129.3,8.5,0
"Nicaragua",2340,"2016",1026,"40-44",134,138,138.75,166.5,-4,0
"Nicaragua",2340,"2016",1026,"45-49",171,170,166.75,200.1,1,0
"Nicaragua",2340,"2016",1026,"5-9",13,35,30.25,36.3,-22,0
"Nicaragua",2340,"2016",1026,"50-54",228,229,225.75,270.9,-1,0
"Nicaragua",2340,"2016",1026,"55-59",296,281,277.25,332.7,15,0
"Nicaragua",2340,"2016",1026,"60-64",287,315,323.25,387.9,-28,0
"Nicaragua",2340,"2016",1026,"65-69",347,328,328,393.6,19,0
"Nicaragua",2340,"2016",1026,"70-74",304,311,308.5,370.2,-7,0
"Nicaragua",2340,"2016",1026,"75-79",291,291,290.75,348.9,0,0
"Nicaragua",2340,"2016",1026,"80-84",273,248.5,248.75,298.5,24.5,0
"Nicaragua",2340,"2016",1026,"85-89",165,165.5,159.75,191.7,-0.5,0
"Nicaragua",2340,"2016",1026,"90-94",75,71.5,71,85.2,3.5,0
"Nicaragua",2340,"2016",1026,"95+",33,30.5,31,37.2,2.5,0
"Nicaragua",2340,"2016",1048,"0-4",14,13.5,13,15.6,0.5,0
"Nicaragua",2340,"2016",1048,"10-14",8,5,5.25,6.3,3,3
"Nicaragua",2340,"2016",1048,"15-19",12,8.5,8.75,10.5,3.5,3.5
"Nicaragua",2340,"2016",1048,"20-24",8,7.5,8.5,10.2,0.5,0
"Nicaragua",2340,"2016",1048,"25-29",8,7,6.75,8.1,1,0
"Nicaragua",2340,"2016",1048,"30-34",4,7,7,8.4,-3,0
"Nicaragua",2340,"2016",1048,"35-39",5,5.5,5.75,6.9,-0.5,0
"Nicaragua",2340,"2016",1048,"40-44",5,5,4.75,5.7,0,0
"Nicaragua",2340,"2016",1048,"45-49",6,5.5,5.25,6.3,0.5,0
"Nicaragua",2340,"2016",1048,"5-9",2,3.5,3.5,4.2,-1.5,0
"Nicaragua",2340,"2016",1048,"50-54",4,4.5,4,4.8,-0.5,0
"Nicaragua",2340,"2016",1048,"55-59",6,5.5,6.25,7.5,0.5,0
"Nicaragua",2340,"2016",1048,"60-64",4,5.5,5.5,6.6,-1.5,0
"Nicaragua",2340,"2016",1048,"65-69",4,7,7,8.4,-3,0
"Nicaragua",2340,"2016",1048,"70-74",4,4.5,5.5,6.6,-0.5,0
"Nicaragua",2340,"2016",1048,"75-79",5,4.5,4,4.8,0.5,0.5
"Nicaragua",2340,"2016",1048,"80-84",6,7,5.75,6.9,-1,0
"Nicaragua",2340,"2016",1048,"85-89",5,5.5,4.75,5.7,-0.5,0
"Nicaragua",2340,"2016",1048,"90-94",2,2,1.75,2.1,0,0
"Nicaragua",2340,"2016",1048,"95+",2,1.5,1.25,1.5,0.5,0.5
"Nicaragua",2340,"2016",1051,"0-4",61,61,58.75,70.5,0,0
"Nicaragua",2340,"2016",1051,"10-14",4,5,4.75,5.7,-1,0
"Nicaragua",2340,"2016",1051,"15-19",8,8,8,9.6,0,0
"Nicaragua",2340,"2016",1051,"20-24",15,12.5,11.75,14.1,2.5,2.5
"Nicaragua",2340,"2016",1051,"25-29",17,16,15,18,1,0
"Nicaragua",2340,"2016",1051,"30-34",21,23,22.5,27,-2,0
"Nicaragua",2340,"2016",1051,"35-39",28,30.5,30,36,-2.5,0
"Nicaragua",2340,"2016",1051,"40-44",58,58.5,57.5,69,-0.5,0
"Nicaragua",2340,"2016",1051,"45-49",90,99.5,100.25,120.3,-9.5,0
"Nicaragua",2340,"2016",1051,"5-9",7,6,5.5,6.6,1,1
"Nicaragua",2340,"2016",1051,"50-54",168,172,174.75,209.7,-4,0
"Nicaragua",2340,"2016",1051,"55-59",263,261,258.75,310.5,2,0
"Nicaragua",2340,"2016",1051,"60-64",331,322.5,311.5,373.8,8.5,0
"Nicaragua",2340,"2016",1051,"65-69",298,322.5,320.5,384.6,-24.5,0
"Nicaragua",2340,"2016",1051,"70-74",267,280,282.75,339.3,-13,0
"Nicaragua",2340,"2016",1051,"75-79",255,256.5,258.5,310.2,-1.5,0
"Nicaragua",2340,"2016",1051,"80-84",190,193,196.75,236.1,-3,0
"Nicaragua",2340,"2016",1051,"85-89",139,143,139.5,167.4,-4,0
"Nicaragua",2340,"2016",1051,"90-94",72,71.5,71,85.2,0.5,0
"Nicaragua",2340,"2016",1051,"95+",29,33,32.25,38.7,-4,0
"Nicaragua",2340,"2016",1055,"0-4",0,0,0,0,0,0
"Nicaragua",2340,"2016",1055,"10-14",0,0,0,0,0,0
"Nicaragua",2340,"2016",1055,"15-19",1,1,0.75,0.9,0,0
"Nicaragua",2340,"2016",1055,"20-24",1,1.5,2.5,3,-0.5,0
"Nicaragua",2340,"2016",1055,"25-29",17,11.5,12,14.4,5.5,5.5
"Nicaragua",2340,"2016",1055,"30-34",23,26.5,26,31.2,-3.5,0
"Nicaragua",2340,"2016",1055,"35-39",35,32.5,32.5,39,2.5,0
"Nicaragua",2340,"2016",1055,"40-44",43,40.5,38,45.6,2.5,0
"Nicaragua",2340,"2016",1055,"45-49",32,32.5,33.5,40.2,-0.5,0
"Nicaragua",2340,"2016",1055,"5-9",0,0,0,0,0,0
"Nicaragua",2340,"2016",1055,"50-54",32,29.5,30,36,2.5,0
"Nicaragua",2340,"2016",1055,"55-59",28,26.5,26.5,31.8,1.5,0
"Nicaragua",2340,"2016",1055,"60-64",28,23.5,23.5,28.2,4.5,0
"Nicaragua",2340,"2016",1055,"65-69",22,18.5,17.5,21,3.5,3.5
"Nicaragua",2340,"2016",1055,"70-74",8,10,10,12,-2,0
"Nicaragua",2340,"2016",1055,"75-79",6,9,9,10.8,-3,0
"Nicaragua",2340,"2016",1055,"80-84",6,7.5,8,9.6,-1.5,0
"Nicaragua",2340,"2016",1055,"85-89",4,6,6.25,7.5,-2,0
"Nicaragua",2340,"2016",1055,"90-94",2,1.5,1.75,2.1,0.5,0
"Nicaragua",2340,"2016",1055,"95+",0,1.5,1.75,2.1,-1.5,0
"Nicaragua",2340,"2016",1058,"0-4",35,42.5,43,51.6,-7.5,0
"Nicaragua",2340,"2016",1058,"10-14",15,14.5,15.75,18.9,0.5,0
"Nicaragua",2340,"2016",1058,"15-19",21,20,19.75,23.7,1,0
"Nicaragua",2340,"2016",1058,"20-24",21,22.5,22.25,26.7,-1.5,0
"Nicaragua",2340,"2016",1058,"25-29",14,16,16.5,19.8,-2,0
"Nicaragua",2340,"2016",1058,"30-34",23,17,17.75,21.3,6,6
"Nicaragua",2340,"2016",1058,"35-39",26,18.5,19.75,23.7,7.5,7.5
"Nicaragua",2340,"2016",1058,"40-44",22,15,15.75,18.9,7,7
"Nicaragua",2340,"2016",1058,"45-49",16,17,17.25,20.7,-1,0
"Nicaragua",2340,"2016",1058,"5-9",17,16.5,15.75,18.9,0.5,0
"Nicaragua",2340,"2016",1058,"50-54",14,12.5,12.75,15.3,1.5,0
"Nicaragua",2340,"2016",1058,"55-59",12,13.5,13.25,15.9,-1.5,0
"Nicaragua",2340,"2016",1058,"60-64",16,16.5,14.5,17.4,-0.5,0
"Nicaragua",2340,"2016",1058,"65-69",21,20.5,18.75,22.5,0.5,0
"Nicaragua",2340,"2016",1058,"70-74",23,16.5,17.25,20.7,6.5,6.5
"Nicaragua",2340,"2016",1058,"75-79",28,28.5,27.25,32.7,-0.5,0
"Nicaragua",2340,"2016",1058,"80-84",38,22.5,25.5,30.6,15.5,15.5
"Nicaragua",2340,"2016",1058,"85-89",24,25,23.75,28.5,-1,0
"Nicaragua",2340,"2016",1058,"90-94",16,14.5,14.25,17.1,1.5,0
"Nicaragua",2340,"2016",1058,"95+",2,2.5,2.5,3,-0.5,0
"Nicaragua",2340,"2016",1063,"0-4",0,0.5,0.5,0.6,-0.5,0
"Nicaragua",2340,"2016",1063,"10-14",0,0,0,0,0,0
"Nicaragua",2340,"2016",1063,"15-19",0,0,0,0,0,0
"Nicaragua",2340,"2016",1063,"20-24",0,0,0,0,0,0
"Nicaragua",2340,"2016",1063,"25-29",0,0,0,0,0,0
"Nicaragua",2340,"2016",1063,"30-34",1,0.5,0.5,0.6,0.5,0.5
"Nicaragua",2340,"2016",1063,"35-39",0,0,0,0,0,0
"Nicaragua",2340,"2016",1063,"40-44",0,0,0,0,0,0
"Nicaragua",2340,"2016",1063,"45-49",0,0,0,0,0,0
"Nicaragua",2340,"2016",1063,"5-9",0,0,0,0,0,0
"Nicaragua",2340,"2016",1063,"50-54",0,0,0,0,0,0
"Nicaragua",2340,"2016",1063,"55-59",0,0,0,0,0,0
"Nicaragua",2340,"2016",1063,"60-64",0,0,0,0,0,0
"Nicaragua",2340,"2016",1063,"65-69",0,0,0,0,0,0
"Nicaragua",2340,"2016",1063,"70-74",0,0,0,0,0,0
"Nicaragua",2340,"2016",1063,"75-79",0,0,0,0,0,0
"Nicaragua",2340,"2016",1063,"80-84",0,0,0,0,0,0
"Nicaragua",2340,"2016",1063,"85-89",0,0,0,0,0,0
"Nicaragua",2340,"2016",1063,"90-94",0,0,0,0,0,0
"Nicaragua",2340,"2016",1063,"95+",0,0,0,0,0,0
"Nicaragua",2340,"2016",1064,"0-4",13,18.5,17.25,20.7,-5.5,0
"Nicaragua",2340,"2016",1064,"10-14",10,7,7.5,9,3,3
"Nicaragua",2340,"2016",1064,"15-19",29,26.5,25.25,30.3,2.5,0
"Nicaragua",2340,"2016",1064,"20-24",33,33.5,33.75,40.5,-0.5,0
"Nicaragua",2340,"2016",1064,"25-29",41,45.5,44.25,53.1,-4.5,0
"Nicaragua",2340,"2016",1064,"30-34",74,69,70,84,5,0
"Nicaragua",2340,"2016",1064,"35-39",97,95,95.75,114.9,2,0
"Nicaragua",2340,"2016",1064,"40-44",142,129.5,131.25,157.5,12.5,0
"Nicaragua",2340,"2016",1064,"45-49",167,172,172,206.4,-5,0
"Nicaragua",2340,"2016",1064,"5-9",5,4.5,4.25,5.1,0.5,0
"Nicaragua",2340,"2016",1064,"50-54",223,238.5,240.25,288.3,-15.5,0
"Nicaragua",2340,"2016",1064,"55-59",375,362.5,353.25,423.9,12.5,0
"Nicaragua",2340,"2016",1064,"60-64",468,472,472.75,567.3,-4,0
"Nicaragua",2340,"2016",1064,"65-69",555,550,546.25,655.5,5,0
"Nicaragua",2340,"2016",1064,"70-74",697,668.5,663.25,795.9,28.5,0
"Nicaragua",2340,"2016",1064,"75-79",788,783.5,786.75,944.1,4.5,0
"Nicaragua",2340,"2016",1064,"80-84",942,928,924.75,1109.7,14,0
"Nicaragua",2340,"2016",1064,"85-89",954,836,854.5,1025.4,118,0
"Nicaragua",2340,"2016",1064,"90-94",659,593,608,729.6,66,0
"Nicaragua",2340,"2016",1064,"95+",396,405.5,404,484.8,-9.5,0
"Nicaragua",2340,"2016",1072,"0-4",255,235,236,283.2,20,0
"Nicaragua",2340,"2016",1072,"10-14",11,9.5,10.25,12.3,1.5,0
"Nicaragua",2340,"2016",1072,"15-19",20,18.5,17.75,21.3,1.5,0
"Nicaragua",2340,"2016",1072,"20-24",17,16,15.75,18.9,1,0
"Nicaragua",2340,"2016",1072,"25-29",18,17,16.25,19.5,1,0
"Nicaragua",2340,"2016",1072,"30-34",14,20.5,20.5,24.6,-6.5,0
"Nicaragua",2340,"2016",1072,"35-39",26,24.5,25.25,30.3,1.5,0
"Nicaragua",2340,"2016",1072,"40-44",27,29,30,36,-2,0
"Nicaragua",2340,"2016",1072,"45-49",41,34.5,34,40.8,6.5,6.5
"Nicaragua",2340,"2016",1072,"5-9",17,15,14.75,17.7,2,0
"Nicaragua",2340,"2016",1072,"50-54",40,52,49.25,59.1,-12,0
"Nicaragua",2340,"2016",1072,"55-59",72,65,64.75,77.7,7,0
"Nicaragua",2340,"2016",1072,"60-64",78,93.5,94.25,113.1,-15.5,0
"Nicaragua",2340,"2016",1072,"65-69",109,111.5,120.5,144.6,-2.5,0
"Nicaragua",2340,"2016",1072,"70-74",171,160,162,194.4,11,0
"Nicaragua",2340,"2016",1072,"75-79",214,213.5,206.5,247.8,0.5,0
"Nicaragua",2340,"2016",1072,"80-84",255,245.5,244.25,293.1,9.5,0
"Nicaragua",2340,"2016",1072,"85-89",252,240.5,243.5,292.2,11.5,0
"Nicaragua",2340,"2016",1072,"90-94",188,183,184,220.8,5,0
"Nicaragua",2340,"2016",1072,"95+",124,121.5,122.25,146.7,2.5,0
"Nicaragua",2340,"2016",1078,"0-4",35,33,31.75,38.1,2,0
"Nicaragua",2340,"2016",1078,"10-14",11,5.5,6.75,8.1,5.5,5.5
"Nicaragua",2340,"2016",1078,"15-19",11,11.5,12.25,14.7,-0.5,0
"Nicaragua",2340,"2016",1078,"20-24",21,19.5,19,22.8,1.5,0
"Nicaragua",2340,"2016",1078,"25-29",47,44,42.5,51,3,0
"Nicaragua",2340,"2016",1078,"30-34",97,76,75.75,90.9,21,21
"Nicaragua",2340,"2016",1078,"35-39",132,114,114.25,137.1,18,0
"Nicaragua",2340,"2016",1078,"40-44",140,135,131.5,157.8,5,0
"Nicaragua",2340,"2016",1078,"45-49",159,152,150.25,180.3,7,0
"Nicaragua",2340,"2016",1078,"5-9",8,6,6,7.2,2,2
"Nicaragua",2340,"2016",1078,"50-54",203,178.5,179.25,215.1,24.5,0
"Nicaragua",2340,"2016",1078,"55-59",228,225,221,265.2,3,0
"Nicaragua",2340,"2016",1078,"60-64",212,193,196.25,235.5,19,0
"Nicaragua",2340,"2016",1078,"65-69",204,201,201.25,241.5,3,0
"Nicaragua",2340,"2016",1078,"70-74",177,168,168.25,201.9,9,0
"Nicaragua",2340,"2016",1078,"75-79",155,150.5,150.5,180.6,4.5,0
"Nicaragua",2340,"2016",1078,"80-84",118,122,123,147.6,-4,0
"Nicaragua",2340,"2016",1078,"85-89",93,80.5,81.25,97.5,12.5,0
"Nicaragua",2340,"2016",1078,"90-94",40,46,46,55.2,-6,0
"Nicaragua",2340,"2016",1078,"95+",21,21.5,22.75,27.3,-0.5,0
"Nicaragua",2340,"2016",1082,"0-4",1,1.5,1.75,2.1,-0.5,0
"Nicaragua",2340,"2016",1082,"10-14",0,0.5,0.5,0.6,-0.5,0
"Nicaragua",2340,"2016",1082,"15-19",2,0,0.5,0.6,2,2
"Nicaragua",2340,"2016",1082,"20-24",2,2.5,2.25,2.7,-0.5,0
"Nicaragua",2340,"2016",1082,"25-29",1,1.5,2,2.4,-0.5,0
"Nicaragua",2340,"2016",1082,"30-34",2,3,2.5,3,-1,0
"Nicaragua",2340,"2016",1082,"35-39",1,3,3,3.6,-2,0
"Nicaragua",2340,"2016",1082,"40-44",4,3.5,3.75,4.5,0.5,0
"Nicaragua",2340,"2016",1082,"45-49",2,3.5,3.75,4.5,-1.5,0
"Nicaragua",2340,"2016",1082,"5-9",0,0,0.25,0.3,0,0
"Nicaragua",2340,"2016",1082,"50-54",2,4.5,4.5,5.4,-2.5,0
"Nicaragua",2340,"2016",1082,"55-59",2,2,2.25,2.7,0,0
"Nicaragua",2340,"2016",1082,"60-64",5,5,5.25,6.3,0,0
"Nicaragua",2340,"2016",1082,"65-69",8,7.5,8,9.6,0.5,0
"Nicaragua",2340,"2016",1082,"70-74",9,9,8.5,10.2,0,0
"Nicaragua",2340,"2016",1082,"75-79",13,11.5,12.5,15,1.5,0
"Nicaragua",2340,"2016",1082,"80-84",11,14.5,14.25,17.1,-3.5,0
"Nicaragua",2340,"2016",1082,"85-89",14,13.5,14.75,17.7,0.5,0
"Nicaragua",2340,"2016",1082,"90-94",6,7,7.25,8.7,-1,0
"Nicaragua",2340,"2016",1082,"95+",5,5,5.25,6.3,0,0
"Nicaragua",2340,"2016",1083,"0-4",1,1,1.25,1.5,0,0
"Nicaragua",2340,"2016",1083,"10-14",6,5,5.25,6.3,1,0
"Nicaragua",2340,"2016",1083,"15-19",11,8,8,9.6,3,3
"Nicaragua",2340,"2016",1083,"20-24",11,10.5,9.75,11.7,0.5,0
"Nicaragua",2340,"2016",1083,"25-29",11,9.5,10.25,12.3,1.5,0
"Nicaragua",2340,"2016",1083,"30-34",10,10.5,10.25,12.3,-0.5,0
"Nicaragua",2340,"2016",1083,"35-39",5,8,7.5,9,-3,0
"Nicaragua",2340,"2016",1083,"40-44",4,6.5,7.25,8.7,-2.5,0
"Nicaragua",2340,"2016",1083,"45-49",11,6.5,7,8.4,4.5,4.5
"Nicaragua",2340,"2016",1083,"5-9",3,1.5,1.5,1.8,1.5,1.5
"Nicaragua",2340,"2016",1083,"50-54",11,11,10.25,12.3,0,0
"Nicaragua",2340,"2016",1083,"55-59",11,8,8,9.6,3,3
"Nicaragua",2340,"2016",1083,"60-64",7,6.5,5.5,6.6,0.5,0.5
"Nicaragua",2340,"2016",1083,"65-69",5,6,6,7.2,-1,0
"Nicaragua",2340,"2016",1083,"70-74",3,4,5.5,6.6,-1,0
"Nicaragua",2340,"2016",1083,"75-79",7,6.5,6.75,8.1,0.5,0
"Nicaragua",2340,"2016",1083,"80-84",9,9.5,9,10.8,-0.5,0
"Nicaragua",2340,"2016",1083,"85-89",6,5,4.75,5.7,1,1
"Nicaragua",2340,"2016",1083,"90-94",3,2.5,2.5,3,0.5,0
"Nicaragua",2340,"2016",1083,"95+",3,3,3,3.6,0,0
"Nicaragua",2340,"2016",1084,"0-4",24,14.5,15.75,18.9,9.5,9.5
"Nicaragua",2340,"2016",1084,"10-14",5,5,5,6,0,0
"Nicaragua",2340,"2016",1084,"15-19",15,14,14,16.8,1,0
"Nicaragua",2340,"2016",1084,"20-24",32,27.5,26,31.2,4.5,4.5
"Nicaragua",2340,"2016",1084,"25-29",37,42,41.75,50.1,-5,0
"Nicaragua",2340,"2016",1084,"30-34",67,72,72.5,87,-5,0
"Nicaragua",2340,"2016",1084,"35-39",82,86.5,89,106.8,-4.5,0
"Nicaragua",2340,"2016",1084,"40-44",104,104.5,99.25,119.1,-0.5,0
"Nicaragua",2340,"2016",1084,"45-49",110,118,122.75,147.3,-8,0
"Nicaragua",2340,"2016",1084,"5-9",5,5.5,6.25,7.5,-0.5,0
"Nicaragua",2340,"2016",1084,"50-54",126,141,141.5,169.8,-15,0
"Nicaragua",2340,"2016",1084,"55-59",177,178,170,204,-1,0
"Nicaragua",2340,"2016",1084,"60-64",182,182,181.5,217.8,0,0
"Nicaragua",2340,"2016",1084,"65-69",151,174,173.75,208.5,-23,0
"Nicaragua",2340,"2016",1084,"70-74",130,153.5,155.5,186.6,-23.5,0
"Nicaragua",2340,"2016",1084,"75-79",142,157,154,184.8,-15,0
"Nicaragua",2340,"2016",1084,"80-84",130,128.5,128.25,153.9,1.5,0
"Nicaragua",2340,"2016",1084,"85-89",96,101.5,102.25,122.7,-5.5,0
"Nicaragua",2340,"2016",1084,"90-94",53,50.5,49.75,59.7,2.5,0
"Nicaragua",2340,"2016",1084,"95+",32,29.5,31.5,37.8,2.5,0
"Nicaragua",2340,"2016",1087,"0-4",0,0,0,0,0,0
"Nicaragua",2340,"2016",1087,"10-14",2,1.5,1.5,1.8,0.5,0.5
"Nicaragua",2340,"2016",1087,"15-19",5,6.5,7.25,8.7,-1.5,0
"Nicaragua",2340,"2016",1087,"20-24",14,11.5,11.5,13.8,2.5,2.5
"Nicaragua",2340,"2016",1087,"25-29",8,10.5,10,12,-2.5,0
"Nicaragua",2340,"2016",1087,"30-34",13,11,11.25,13.5,2,0
"Nicaragua",2340,"2016",1087,"35-39",9,8.5,7.75,9.3,0.5,0
"Nicaragua",2340,"2016",1087,"40-44",1,1.5,2,2.4,-0.5,0
"Nicaragua",2340,"2016",1087,"45-49",0,0,0,0,0,0
"Nicaragua",2340,"2016",1087,"5-9",0,0,0,0,0,0
"Nicaragua",2340,"2016",1087,"50-54",0,0,0,0,0,0
"Nicaragua",2340,"2016",1087,"55-59",0,0,0,0,0,0
"Nicaragua",2340,"2016",1087,"60-64",0,0,0,0,0,0
"Nicaragua",2340,"2016",1087,"65-69",0,0,0,0,0,0
"Nicaragua",2340,"2016",1087,"70-74",0,0,0,0,0,0
"Nicaragua",2340,"2016",1087,"75-79",0,0,0,0,0,0
"Nicaragua",2340,"2016",1087,"80-84",0,0,0,0,0,0
"Nicaragua",2340,"2016",1087,"85-89",0,0,0,0,0,0
"Nicaragua",2340,"2016",1087,"90-94",0,0,0,0,0,0
"Nicaragua",2340,"2016",1087,"95+",0,0,0,0,0,0
"Nicaragua",2340,"2016",1092,"0-4",1010,1015,1014.25,1217.1,-5,0
"Nicaragua",2340,"2016",1092,"10-14",0,0,0,0,0,0
"Nicaragua",2340,"2016",1092,"15-19",0,0,0,0,0,0
"Nicaragua",2340,"2016",1092,"20-24",0,0,0,0,0,0
"Nicaragua",2340,"2016",1092,"25-29",0,0,0,0,0,0
"Nicaragua",2340,"2016",1092,"30-34",0,0,0,0,0,0
"Nicaragua",2340,"2016",1092,"35-39",0,0,0,0,0,0
"Nicaragua",2340,"2016",1092,"40-44",0,0,0,0,0,0
"Nicaragua",2340,"2016",1092,"45-49",0,0,0,0,0,0
"Nicaragua",2340,"2016",1092,"5-9",0,0,0,0,0,0
"Nicaragua",2340,"2016",1092,"50-54",0,0,0,0,0,0
"Nicaragua",2340,"2016",1092,"55-59",0,0,0,0,0,0
"Nicaragua",2340,"2016",1092,"60-64",0,0,0,0,0,0
"Nicaragua",2340,"2016",1092,"65-69",0,0,0,0,0,0
"Nicaragua",2340,"2016",1092,"70-74",0,0,0,0,0,0
"Nicaragua",2340,"2016",1092,"75-79",0,0,0,0,0,0
"Nicaragua",2340,"2016",1092,"80-84",0,0,0,0,0,0
"Nicaragua",2340,"2016",1092,"85-89",0,0,0,0,0,0
"Nicaragua",2340,"2016",1092,"90-94",0,0,0,0,0,0
"Nicaragua",2340,"2016",1092,"95+",0,0,0,0,0,0
"Nicaragua",2340,"2016",1093,"0-4",509,484,472.25,566.7,25,0
"Nicaragua",2340,"2016",1093,"10-14",3,5,4.75,5.7,-2,0
"Nicaragua",2340,"2016",1093,"15-19",4,5.5,6.75,8.1,-1.5,0
"Nicaragua",2340,"2016",1093,"20-24",3,5,5.25,6.3,-2,0
"Nicaragua",2340,"2016",1093,"25-29",3,3,3.5,4.2,0,0
"Nicaragua",2340,"2016",1093,"30-34",4,4,3.5,4.2,0,0
"Nicaragua",2340,"2016",1093,"35-39",2,2,2.5,3,0,0
"Nicaragua",2340,"2016",1093,"40-44",1,1.5,1.75,2.1,-0.5,0
"Nicaragua",2340,"2016",1093,"45-49",5,3,3,3.6,2,2
"Nicaragua",2340,"2016",1093,"5-9",5,6.5,7.5,9,-1.5,0
"Nicaragua",2340,"2016",1093,"50-54",1,2,1.75,2.1,-1,0
"Nicaragua",2340,"2016",1093,"55-59",1,1.5,1.75,2.1,-0.5,0
"Nicaragua",2340,"2016",1093,"60-64",2,1.5,1.75,2.1,0.5,0
"Nicaragua",2340,"2016",1093,"65-69",2,0,0.5,0.6,2,2
"Nicaragua",2340,"2016",1093,"70-74",2,1,1.25,1.5,1,1
"Nicaragua",2340,"2016",1093,"75-79",2,1,1.25,1.5,1,1
"Nicaragua",2340,"2016",1093,"80-84",3,0.5,1,1.2,2.5,2.5
"Nicaragua",2340,"2016",1093,"85-89",2,1.5,1.5,1.8,0.5,0.5
"Nicaragua",2340,"2016",1093,"90-94",1,1,1,1.2,0,0
"Nicaragua",2340,"2016",1093,"95+",0,0,0.75,0.9,0,0
"Nicaragua",2340,"2016",1094,"0-4",11,17.5,17.5,21,-6.5,0
"Nicaragua",2340,"2016",1094,"10-14",0,1.5,2,2.4,-1.5,0
"Nicaragua",2340,"2016",1094,"15-19",4,3.5,4,4.8,0.5,0
"Nicaragua",2340,"2016",1094,"20-24",7,6.5,6.25,7.5,0.5,0
"Nicaragua",2340,"2016",1094,"25-29",4,10,9.25,11.1,-6,0
"Nicaragua",2340,"2016",1094,"30-34",4,7.5,8.75,10.5,-3.5,0
"Nicaragua",2340,"2016",1094,"35-39",8,9,10.5,12.6,-1,0
"Nicaragua",2340,"2016",1094,"40-44",3,13.5,12,14.4,-10.5,0
"Nicaragua",2340,"2016",1094,"45-49",8,13,12.25,14.7,-5,0
"Nicaragua",2340,"2016",1094,"5-9",2,2,2.5,3,0,0
"Nicaragua",2340,"2016",1094,"50-54",8,14,15.25,18.3,-6,0
"Nicaragua",2340,"2016",1094,"55-59",10,16.5,16.75,20.1,-6.5,0
"Nicaragua",2340,"2016",1094,"60-64",14,17,18,21.6,-3,0
"Nicaragua",2340,"2016",1094,"65-69",20,22.5,25.25,30.3,-2.5,0
"Nicaragua",2340,"2016",1094,"70-74",21,28,31.25,37.5,-7,0
"Nicaragua",2340,"2016",1094,"75-79",32,37,38.75,46.5,-5,0
"Nicaragua",2340,"2016",1094,"80-84",45,53,57,68.4,-8,0
"Nicaragua",2340,"2016",1094,"85-89",61,62,63.75,76.5,-1,0
"Nicaragua",2340,"2016",1094,"90-94",54,64,67.25,80.7,-10,0
"Nicaragua",2340,"2016",1094,"95+",74,68,68.75,82.5,6,0
"Nicaragua",2340,"2016",1096,"0-4",13,12,11.5,13.8,1,0
"Nicaragua",2340,"2016",1096,"10-14",19,11,12.5,15,8,8
"Nicaragua",2340,"2016",1096,"15-19",56,51.5,51.25,61.5,4.5,0
"Nicaragua",2340,"2016",1096,"20-24",125,106,109.5,131.4,19,0
"Nicaragua",2340,"2016",1096,"25-29",117,111.5,102.75,123.3,5.5,0
"Nicaragua",2340,"2016",1096,"30-34",125,84,90.5,108.6,41,41
"Nicaragua",2340,"2016",1096,"35-39",70,67,66.75,80.1,3,0
"Nicaragua",2340,"2016",1096,"40-44",50,49.5,49.25,59.1,0.5,0
"Nicaragua",2340,"2016",1096,"45-49",43,39.5,39.25,47.1,3.5,0
"Nicaragua",2340,"2016",1096,"5-9",10,12.5,12.75,15.3,-2.5,0
"Nicaragua",2340,"2016",1096,"50-54",42,33,33.75,40.5,9,9
"Nicaragua",2340,"2016",1096,"55-59",31,27.5,28.75,34.5,3.5,0
"Nicaragua",2340,"2016",1096,"60-64",34,27.5,28.25,33.9,6.5,6.5
"Nicaragua",2340,"2016",1096,"65-69",22,22,22.5,27,0,0
"Nicaragua",2340,"2016",1096,"70-74",15,14.5,15,18,0.5,0
"Nicaragua",2340,"2016",1096,"75-79",17,14,13.75,16.5,3,3
"Nicaragua",2340,"2016",1096,"80-84",17,9.5,10.25,12.3,7.5,7.5
"Nicaragua",2340,"2016",1096,"85-89",2,3,3.25,3.9,-1,0
"Nicaragua",2340,"2016",1096,"90-94",1,1,1.25,1.5,0,0
"Nicaragua",2340,"2016",1096,"95+",0,0,0.25,0.3,0,0
"Nicaragua",2340,"2016",1102,"0-4",3,2,2.5,3,1,0
"Nicaragua",2340,"2016",1102,"10-14",5,3,3,3.6,2,2
"Nicaragua",2340,"2016",1102,"15-19",28,24,34,40.8,4,0
"Nicaragua",2340,"2016",1102,"20-24",50,48.5,55.25,66.3,1.5,0
"Nicaragua",2340,"2016",1102,"25-29",50,48,56,67.2,2,0
"Nicaragua",2340,"2016",1102,"30-34",42,43.5,52.5,63,-1.5,0
"Nicaragua",2340,"2016",1102,"35-39",35,41,42.5,51,-6,0
"Nicaragua",2340,"2016",1102,"40-44",24,25.5,29.25,35.1,-1.5,0
"Nicaragua",2340,"2016",1102,"45-49",20,22.5,24,28.8,-2.5,0
"Nicaragua",2340,"2016",1102,"5-9",4,1,1.5,1.8,3,3
"Nicaragua",2340,"2016",1102,"50-54",19,16.5,16,19.2,2.5,0
"Nicaragua",2340,"2016",1102,"55-59",13,11.5,12.5,15,1.5,0
"Nicaragua",2340,"2016",1102,"60-64",16,14,13,15.6,2,2
"Nicaragua",2340,"2016",1102,"65-69",7,9,7.75,9.3,-2,0
"Nicaragua",2340,"2016",1102,"70-74",5,5.5,5.5,6.6,-0.5,0
"Nicaragua",2340,"2016",1102,"75-79",4,3.5,3.25,3.9,0.5,0.5
"Nicaragua",2340,"2016",1102,"80-84",3,3.5,3.25,3.9,-0.5,0
"Nicaragua",2340,"2016",1102,"85-89",1,0.5,0.5,0.6,0.5,0.5
"Nicaragua",2340,"2016",1102,"90-94",0,0,0.25,0.3,0,0
"Nicaragua",2340,"2016",1102,"95+",0,0,0,0,0,0
"Nicaragua",2340,"2017",1001,"0-4",110,123.5,126.25,151.5,-13.5,0
"Nicaragua",2340,"2017",1001,"10-14",7,9,9,10.8,-2,0
"Nicaragua",2340,"2017",1001,"15-19",11,13,12.25,14.7,-2,0
"Nicaragua",2340,"2017",1001,"20-24",36,29.5,30.25,36.3,6.5,0
"Nicaragua",2340,"2017",1001,"25-29",61,60,59.25,71.1,1,0
"Nicaragua",2340,"2017",1001,"30-34",47,52.5,54.5,65.4,-5.5,0
"Nicaragua",2340,"2017",1001,"35-39",65,55,56.25,67.5,10,0
"Nicaragua",2340,"2017",1001,"40-44",62,53.5,52,62.4,8.5,0
"Nicaragua",2340,"2017",1001,"45-49",40,36.5,36.25,43.5,3.5,0
"Nicaragua",2340,"2017",1001,"5-9",9,12,12.25,14.7,-3,0
"Nicaragua",2340,"2017",1001,"50-54",31,30.5,30.25,36.3,0.5,0
"Nicaragua",2340,"2017",1001,"55-59",35,35.5,32.5,39,-0.5,0
"Nicaragua",2340,"2017",1001,"60-64",27,26.5,27.25,32.7,0.5,0
"Nicaragua",2340,"2017",1001,"65-69",27,27,26.75,32.1,0,0
"Nicaragua",2340,"2017",1001,"70-74",27,25.5,25.75,30.9,1.5,0
"Nicaragua",2340,"2017",1001,"75-79",19,25.5,26,31.2,-6.5,0
"Nicaragua",2340,"2017",1001,"80-84",17,20.5,20.75,24.9,-3.5,0
"Nicaragua",2340,"2017",1001,"85-89",12,15,16.75,20.1,-3,0
"Nicaragua",2340,"2017",1001,"90-94",6,12,11.75,14.1,-6,0
"Nicaragua",2340,"2017",1001,"95+",3,4.5,5.5,6.6,-1.5,0
"Nicaragua",2340,"2017",1026,"0-4",29,29,28.75,34.5,0,0
"Nicaragua",2340,"2017",1026,"10-14",36,31.5,31.5,37.8,4.5,0
"Nicaragua",2340,"2017",1026,"15-19",43,38,36.5,43.8,5,0
"Nicaragua",2340,"2017",1026,"20-24",47,43.5,45.5,54.6,3.5,0
"Nicaragua",2340,"2017",1026,"25-29",26,53,46.5,55.8,-27,0
"Nicaragua",2340,"2017",1026,"30-34",72,73,72,86.4,-1,0
"Nicaragua",2340,"2017",1026,"35-39",99,107.5,107.75,129.3,-8.5,0
"Nicaragua",2340,"2017",1026,"40-44",145,138,138.75,166.5,7,0
"Nicaragua",2340,"2017",1026,"45-49",173,170,166.75,200.1,3,0
"Nicaragua",2340,"2017",1026,"5-9",38,35,30.25,36.3,3,3
"Nicaragua",2340,"2017",1026,"50-54",230,229,225.75,270.9,1,0
"Nicaragua",2340,"2017",1026,"55-59",270,281,277.25,332.7,-11,0
"Nicaragua",2340,"2017",1026,"60-64",326,315,323.25,387.9,11,0
"Nicaragua",2340,"2017",1026,"65-69",334,328,328,393.6,6,0
"Nicaragua",2340,"2017",1026,"70-74",293,311,308.5,370.2,-18,0
"Nicaragua",2340,"2017",1026,"75-79",314,291,290.75,348.9,23,0
"Nicaragua",2340,"2017",1026,"80-84",248,248.5,248.75,298.5,-0.5,0
"Nicaragua",2340,"2017",1026,"85-89",140,165.5,159.75,191.7,-25.5,0
"Nicaragua",2340,"2017",1026,"90-94",71,71.5,71,85.2,-0.5,0
"Nicaragua",2340,"2017",1026,"95+",31,30.5,31,37.2,0.5,0
"Nicaragua",2340,"2017",1048,"0-4",15,13.5,13,15.6,1.5,0
"Nicaragua",2340,"2017",1048,"10-14",3,5,5.25,6.3,-2,0
"Nicaragua",2340,"2017",1048,"15-19",6,8.5,8.75,10.5,-2.5,0
"Nicaragua",2340,"2017",1048,"20-24",7,7.5,8.5,10.2,-0.5,0
"Nicaragua",2340,"2017",1048,"25-29",9,7,6.75,8.1,2,2
"Nicaragua",2340,"2017",1048,"30-34",9,7,7,8.4,2,2
"Nicaragua",2340,"2017",1048,"35-39",6,5.5,5.75,6.9,0.5,0
"Nicaragua",2340,"2017",1048,"40-44",5,5,4.75,5.7,0,0
"Nicaragua",2340,"2017",1048,"45-49",5,5.5,5.25,6.3,-0.5,0
"Nicaragua",2340,"2017",1048,"5-9",3,3.5,3.5,4.2,-0.5,0
"Nicaragua",2340,"2017",1048,"50-54",2,4.5,4,4.8,-2.5,0
"Nicaragua",2340,"2017",1048,"55-59",3,5.5,6.25,7.5,-2.5,0
"Nicaragua",2340,"2017",1048,"60-64",5,5.5,5.5,6.6,-0.5,0
"Nicaragua",2340,"2017",1048,"65-69",5,7,7,8.4,-2,0
"Nicaragua",2340,"2017",1048,"70-74",3,4.5,5.5,6.6,-1.5,0
"Nicaragua",2340,"2017",1048,"75-79",4,4.5,4,4.8,-0.5,0
"Nicaragua",2340,"2017",1048,"80-84",1,7,5.75,6.9,-6,0
"Nicaragua",2340,"2017",1048,"85-89",6,5.5,4.75,5.7,0.5,0.5
"Nicaragua",2340,"2017",1048,"90-94",2,2,1.75,2.1,0,0
"Nicaragua",2340,"2017",1048,"95+",1,1.5,1.25,1.5,-0.5,0
"Nicaragua",2340,"2017",1051,"0-4",61,61,58.75,70.5,0,0
"Nicaragua",2340,"2017",1051,"10-14",5,5,4.75,5.7,0,0
"Nicaragua",2340,"2017",1051,"15-19",8,8,8,9.6,0,0
"Nicaragua",2340,"2017",1051,"20-24",10,12.5,11.75,14.1,-2.5,0
"Nicaragua",2340,"2017",1051,"25-29",17,16,15,18,1,0
"Nicaragua",2340,"2017",1051,"30-34",25,23,22.5,27,2,0
"Nicaragua",2340,"2017",1051,"35-39",35,30.5,30,36,4.5,0
"Nicaragua",2340,"2017",1051,"40-44",59,58.5,57.5,69,0.5,0
"Nicaragua",2340,"2017",1051,"45-49",101,99.5,100.25,120.3,1.5,0
"Nicaragua",2340,"2017",1051,"5-9",6,6,5.5,6.6,0,0
"Nicaragua",2340,"2017",1051,"50-54",173,172,174.75,209.7,1,0
"Nicaragua",2340,"2017",1051,"55-59",259,261,258.75,310.5,-2,0
"Nicaragua",2340,"2017",1051,"60-64",325,322.5,311.5,373.8,2.5,0
"Nicaragua",2340,"2017",1051,"65-69",365,322.5,320.5,384.6,42.5,0
"Nicaragua",2340,"2017",1051,"70-74",293,280,282.75,339.3,13,0
"Nicaragua",2340,"2017",1051,"75-79",290,256.5,258.5,310.2,33.5,0
"Nicaragua",2340,"2017",1051,"80-84",193,193,196.75,236.1,0,0
"Nicaragua",2340,"2017",1051,"85-89",147,143,139.5,167.4,4,0
"Nicaragua",2340,"2017",1051,"90-94",79,71.5,71,85.2,7.5,0
"Nicaragua",2340,"2017",1051,"95+",45,33,32.25,38.7,12,12
"Nicaragua",2340,"2017",1055,"0-4",0,0,0,0,0,0
"Nicaragua",2340,"2017",1055,"10-14",0,0,0,0,0,0
"Nicaragua",2340,"2017",1055,"15-19",1,1,0.75,0.9,0,0
"Nicaragua",2340,"2017",1055,"20-24",2,1.5,2.5,3,0.5,0
"Nicaragua",2340,"2017",1055,"25-29",12,11.5,12,14.4,0.5,0
"Nicaragua",2340,"2017",1055,"30-34",26,26.5,26,31.2,-0.5,0
"Nicaragua",2340,"2017",1055,"35-39",30,32.5,32.5,39,-2.5,0
"Nicaragua",2340,"2017",1055,"40-44",42,40.5,38,45.6,1.5,0
"Nicaragua",2340,"2017",1055,"45-49",31,32.5,33.5,40.2,-1.5,0
"Nicaragua",2340,"2017",1055,"5-9",0,0,0,0,0,0
"Nicaragua",2340,"2017",1055,"50-54",36,29.5,30,36,6.5,0
"Nicaragua",2340,"2017",1055,"55-59",26,26.5,26.5,31.8,-0.5,0
"Nicaragua",2340,"2017",1055,"60-64",22,23.5,23.5,28.2,-1.5,0
"Nicaragua",2340,"2017",1055,"65-69",20,18.5,17.5,21,1.5,0
"Nicaragua",2340,"2017",1055,"70-74",8,10,10,12,-2,0
"Nicaragua",2340,"2017",1055,"75-79",12,9,9,10.8,3,3
"Nicaragua",2340,"2017",1055,"80-84",7,7.5,8,9.6,-0.5,0
"Nicaragua",2340,"2017",1055,"85-89",7,6,6.25,7.5,1,0
"Nicaragua",2340,"2017",1055,"90-94",4,1.5,1.75,2.1,2.5,2.5
"Nicaragua",2340,"2017",1055,"95+",2,1.5,1.75,2.1,0.5,0
"Nicaragua",2340,"2017",1058,"0-4",52,42.5,43,51.6,9.5,9.5
"Nicaragua",2340,"2017",1058,"10-14",14,14.5,15.75,18.9,-0.5,0
"Nicaragua",2340,"2017",1058,"15-19",16,20,19.75,23.7,-4,0
"Nicaragua",2340,"2017",1058,"20-24",22,22.5,22.25,26.7,-0.5,0
"Nicaragua",2340,"2017",1058,"25-29",17,16,16.5,19.8,1,0
"Nicaragua",2340,"2017",1058,"30-34",20,17,17.75,21.3,3,0
"Nicaragua",2340,"2017",1058,"35-39",16,18.5,19.75,23.7,-2.5,0
"Nicaragua",2340,"2017",1058,"40-44",16,15,15.75,18.9,1,0
"Nicaragua",2340,"2017",1058,"45-49",19,17,17.25,20.7,2,0
"Nicaragua",2340,"2017",1058,"5-9",12,16.5,15.75,18.9,-4.5,0
"Nicaragua",2340,"2017",1058,"50-54",9,12.5,12.75,15.3,-3.5,0
"Nicaragua",2340,"2017",1058,"55-59",15,13.5,13.25,15.9,1.5,0
"Nicaragua",2340,"2017",1058,"60-64",17,16.5,14.5,17.4,0.5,0
"Nicaragua",2340,"2017",1058,"65-69",22,20.5,18.75,22.5,1.5,0
"Nicaragua",2340,"2017",1058,"70-74",16,16.5,17.25,20.7,-0.5,0
"Nicaragua",2340,"2017",1058,"75-79",29,28.5,27.25,32.7,0.5,0
"Nicaragua",2340,"2017",1058,"80-84",19,22.5,25.5,30.6,-3.5,0
"Nicaragua",2340,"2017",1058,"85-89",26,25,23.75,28.5,1,0
"Nicaragua",2340,"2017",1058,"90-94",14,14.5,14.25,17.1,-0.5,0
"Nicaragua",2340,"2017",1058,"95+",3,2.5,2.5,3,0.5,0
"Nicaragua",2340,"2017",1064,"0-4",19,18.5,17.25,20.7,0.5,0
"Nicaragua",2340,"2017",1064,"10-14",6,7,7.5,9,-1,0
"Nicaragua",2340,"2017",1064,"15-19",25,26.5,25.25,30.3,-1.5,0
"Nicaragua",2340,"2017",1064,"20-24",33,33.5,33.75,40.5,-0.5,0
"Nicaragua",2340,"2017",1064,"25-29",50,45.5,44.25,53.1,4.5,0
"Nicaragua",2340,"2017",1064,"30-34",69,69,70,84,0,0
"Nicaragua",2340,"2017",1064,"35-39",93,95,95.75,114.9,-2,0
"Nicaragua",2340,"2017",1064,"40-44",126,129.5,131.25,157.5,-3.5,0
"Nicaragua",2340,"2017",1064,"45-49",177,172,172,206.4,5,0
"Nicaragua",2340,"2017",1064,"5-9",6,4.5,4.25,5.1,1.5,1.5
"Nicaragua",2340,"2017",1064,"50-54",231,238.5,240.25,288.3,-7.5,0
"Nicaragua",2340,"2017",1064,"55-59",355,362.5,353.25,423.9,-7.5,0
"Nicaragua",2340,"2017",1064,"60-64",476,472,472.75,567.3,4,0
"Nicaragua",2340,"2017",1064,"65-69",545,550,546.25,655.5,-5,0
"Nicaragua",2340,"2017",1064,"70-74",679,668.5,663.25,795.9,10.5,0
"Nicaragua",2340,"2017",1064,"75-79",779,783.5,786.75,944.1,-4.5,0
"Nicaragua",2340,"2017",1064,"80-84",936,928,924.75,1109.7,8,0
"Nicaragua",2340,"2017",1064,"85-89",792,836,854.5,1025.4,-44,0
"Nicaragua",2340,"2017",1064,"90-94",591,593,608,729.6,-2,0
"Nicaragua",2340,"2017",1064,"95+",415,405.5,404,484.8,9.5,0
"Nicaragua",2340,"2017",1072,"0-4",238,235,236,283.2,3,0
"Nicaragua",2340,"2017",1072,"10-14",17,9.5,10.25,12.3,7.5,7.5
"Nicaragua",2340,"2017",1072,"15-19",17,18.5,17.75,21.3,-1.5,0
"Nicaragua",2340,"2017",1072,"20-24",23,16,15.75,18.9,7,7
"Nicaragua",2340,"2017",1072,"25-29",19,17,16.25,19.5,2,0
"Nicaragua",2340,"2017",1072,"30-34",29,20.5,20.5,24.6,8.5,8.5
"Nicaragua",2340,"2017",1072,"35-39",22,24.5,25.25,30.3,-2.5,0
"Nicaragua",2340,"2017",1072,"40-44",29,29,30,36,0,0
"Nicaragua",2340,"2017",1072,"45-49",31,34.5,34,40.8,-3.5,0
"Nicaragua",2340,"2017",1072,"5-9",12,15,14.75,17.7,-3,0
"Nicaragua",2340,"2017",1072,"50-54",52,52,49.25,59.1,0,0
"Nicaragua",2340,"2017",1072,"55-59",77,65,64.75,77.7,12,0
"Nicaragua",2340,"2017",1072,"60-64",112,93.5,94.25,113.1,18.5,0
"Nicaragua",2340,"2017",1072,"65-69",150,111.5,120.5,144.6,38.5,38.5
"Nicaragua",2340,"2017",1072,"70-74",187,160,162,194.4,27,0
"Nicaragua",2340,"2017",1072,"75-79",225,213.5,206.5,247.8,11.5,0
"Nicaragua",2340,"2017",1072,"80-84",281,245.5,244.25,293.1,35.5,0
"Nicaragua",2340,"2017",1072,"85-89",275,240.5,243.5,292.2,34.5,0
"Nicaragua",2340,"2017",1072,"90-94",212,183,184,220.8,29,0
"Nicaragua",2340,"2017",1072,"95+",148,121.5,122.25,146.7,26.5,26.5
"Nicaragua",2340,"2017",1078,"0-4",31,33,31.75,38.1,-2,0
"Nicaragua",2340,"2017",1078,"10-14",5,5.5,6.75,8.1,-0.5,0
"Nicaragua",2340,"2017",1078,"15-19",10,11.5,12.25,14.7,-1.5,0
"Nicaragua",2340,"2017",1078,"20-24",16,19.5,19,22.8,-3.5,0
"Nicaragua",2340,"2017",1078,"25-29",32,44,42.5,51,-12,0
"Nicaragua",2340,"2017",1078,"30-34",54,76,75.75,90.9,-22,0
"Nicaragua",2340,"2017",1078,"35-39",112,114,114.25,137.1,-2,0
"Nicaragua",2340,"2017",1078,"40-44",130,135,131.5,157.8,-5,0
"Nicaragua",2340,"2017",1078,"45-49",149,152,150.25,180.3,-3,0
"Nicaragua",2340,"2017",1078,"5-9",6,6,6,7.2,0,0
"Nicaragua",2340,"2017",1078,"50-54",170,178.5,179.25,215.1,-8.5,0
"Nicaragua",2340,"2017",1078,"55-59",224,225,221,265.2,-1,0
"Nicaragua",2340,"2017",1078,"60-64",198,193,196.25,235.5,5,0
"Nicaragua",2340,"2017",1078,"65-69",193,201,201.25,241.5,-8,0
"Nicaragua",2340,"2017",1078,"70-74",192,168,168.25,201.9,24,0
"Nicaragua",2340,"2017",1078,"75-79",146,150.5,150.5,180.6,-4.5,0
"Nicaragua",2340,"2017",1078,"80-84",112,122,123,147.6,-10,0
"Nicaragua",2340,"2017",1078,"85-89",66,80.5,81.25,97.5,-14.5,0
"Nicaragua",2340,"2017",1078,"90-94",53,46,46,55.2,7,0
"Nicaragua",2340,"2017",1078,"95+",30,21.5,22.75,27.3,8.5,8.5
"Nicaragua",2340,"2017",1082,"0-4",2,1.5,1.75,2.1,0.5,0
"Nicaragua",2340,"2017",1082,"10-14",0,0.5,0.5,0.6,-0.5,0
"Nicaragua",2340,"2017",1082,"15-19",0,0,0.5,0.6,0,0
"Nicaragua",2340,"2017",1082,"20-24",3,2.5,2.25,2.7,0.5,0.5
"Nicaragua",2340,"2017",1082,"25-29",1,1.5,2,2.4,-0.5,0
"Nicaragua",2340,"2017",1082,"30-34",4,3,2.5,3,1,1
"Nicaragua",2340,"2017",1082,"35-39",4,3,3,3.6,1,1
"Nicaragua",2340,"2017",1082,"40-44",3,3.5,3.75,4.5,-0.5,0
"Nicaragua",2340,"2017",1082,"45-49",3,3.5,3.75,4.5,-0.5,0
"Nicaragua",2340,"2017",1082,"5-9",0,0,0.25,0.3,0,0
"Nicaragua",2340,"2017",1082,"50-54",7,4.5,4.5,5.4,2.5,2.5
"Nicaragua",2340,"2017",1082,"55-59",1,2,2.25,2.7,-1,0
"Nicaragua",2340,"2017",1082,"60-64",7,5,5.25,6.3,2,2
"Nicaragua",2340,"2017",1082,"65-69",7,7.5,8,9.6,-0.5,0
"Nicaragua",2340,"2017",1082,"70-74",11,9,8.5,10.2,2,2
"Nicaragua",2340,"2017",1082,"75-79",10,11.5,12.5,15,-1.5,0
"Nicaragua",2340,"2017",1082,"80-84",19,14.5,14.25,17.1,4.5,4.5
"Nicaragua",2340,"2017",1082,"85-89",13,13.5,14.75,17.7,-0.5,0
"Nicaragua",2340,"2017",1082,"90-94",7,7,7.25,8.7,0,0
"Nicaragua",2340,"2017",1082,"95+",9,5,5.25,6.3,4,4
"Nicaragua",2340,"2017",1083,"0-4",2,1,1.25,1.5,1,1
"Nicaragua",2340,"2017",1083,"10-14",4,5,5.25,6.3,-1,0
"Nicaragua",2340,"2017",1083,"15-19",7,8,8,9.6,-1,0
"Nicaragua",2340,"2017",1083,"20-24",10,10.5,9.75,11.7,-0.5,0
"Nicaragua",2340,"2017",1083,"25-29",8,9.5,10.25,12.3,-1.5,0
"Nicaragua",2340,"2017",1083,"30-34",9,10.5,10.25,12.3,-1.5,0
"Nicaragua",2340,"2017",1083,"35-39",8,8,7.5,9,0,0
"Nicaragua",2340,"2017",1083,"40-44",12,6.5,7.25,8.7,5.5,5.5
"Nicaragua",2340,"2017",1083,"45-49",8,6.5,7,8.4,1.5,0
"Nicaragua",2340,"2017",1083,"5-9",1,1.5,1.5,1.8,-0.5,0
"Nicaragua",2340,"2017",1083,"50-54",7,11,10.25,12.3,-4,0
"Nicaragua",2340,"2017",1083,"55-59",9,8,8,9.6,1,0
"Nicaragua",2340,"2017",1083,"60-64",1,6.5,5.5,6.6,-5.5,0
"Nicaragua",2340,"2017",1083,"65-69",3,6,6,7.2,-3,0
"Nicaragua",2340,"2017",1083,"70-74",5,4,5.5,6.6,1,0
"Nicaragua",2340,"2017",1083,"75-79",9,6.5,6.75,8.1,2.5,2.5
"Nicaragua",2340,"2017",1083,"80-84",10,9.5,9,10.8,0.5,0
"Nicaragua",2340,"2017",1083,"85-89",6,5,4.75,5.7,1,1
"Nicaragua",2340,"2017",1083,"90-94",4,2.5,2.5,3,1.5,1.5
"Nicaragua",2340,"2017",1083,"95+",4,3,3,3.6,1,1
"Nicaragua",2340,"2017",1084,"0-4",14,14.5,15.75,18.9,-0.5,0
"Nicaragua",2340,"2017",1084,"10-14",6,5,5,6,1,0
"Nicaragua",2340,"2017",1084,"15-19",13,14,14,16.8,-1,0
"Nicaragua",2340,"2017",1084,"20-24",29,27.5,26,31.2,1.5,0
"Nicaragua",2340,"2017",1084,"25-29",46,42,41.75,50.1,4,0
"Nicaragua",2340,"2017",1084,"30-34",71,72,72.5,87,-1,0
"Nicaragua",2340,"2017",1084,"35-39",101,86.5,89,106.8,14.5,0
"Nicaragua",2340,"2017",1084,"40-44",105,104.5,99.25,119.1,0.5,0
"Nicaragua",2340,"2017",1084,"45-49",111,118,122.75,147.3,-7,0
"Nicaragua",2340,"2017",1084,"5-9",3,5.5,6.25,7.5,-2.5,0
"Nicaragua",2340,"2017",1084,"50-54",156,141,141.5,169.8,15,0
"Nicaragua",2340,"2017",1084,"55-59",182,178,170,204,4,0
"Nicaragua",2340,"2017",1084,"60-64",182,182,181.5,217.8,0,0
"Nicaragua",2340,"2017",1084,"65-69",196,174,173.75,208.5,22,0
"Nicaragua",2340,"2017",1084,"70-74",185,153.5,155.5,186.6,31.5,0
"Nicaragua",2340,"2017",1084,"75-79",160,157,154,184.8,3,0
"Nicaragua",2340,"2017",1084,"80-84",128,128.5,128.25,153.9,-0.5,0
"Nicaragua",2340,"2017",1084,"85-89",110,101.5,102.25,122.7,8.5,0
"Nicaragua",2340,"2017",1084,"90-94",45,50.5,49.75,59.7,-5.5,0
"Nicaragua",2340,"2017",1084,"95+",40,29.5,31.5,37.8,10.5,10.5
"Nicaragua",2340,"2017",1087,"0-4",0,0,0,0,0,0
"Nicaragua",2340,"2017",1087,"10-14",1,1.5,1.5,1.8,-0.5,0
"Nicaragua",2340,"2017",1087,"15-19",7,6.5,7.25,8.7,0.5,0
"Nicaragua",2340,"2017",1087,"20-24",9,11.5,11.5,13.8,-2.5,0
"Nicaragua",2340,"2017",1087,"25-29",11,10.5,10,12,0.5,0
"Nicaragua",2340,"2017",1087,"30-34",10,11,11.25,13.5,-1,0
"Nicaragua",2340,"2017",1087,"35-39",8,8.5,7.75,9.3,-0.5,0
"Nicaragua",2340,"2017",1087,"40-44",1,1.5,2,2.4,-0.5,0
"Nicaragua",2340,"2017",1087,"45-49",0,0,0,0,0,0
"Nicaragua",2340,"2017",1087,"5-9",0,0,0,0,0,0
"Nicaragua",2340,"2017",1087,"50-54",0,0,0,0,0,0
"Nicaragua",2340,"2017",1087,"55-59",0,0,0,0,0,0
"Nicaragua",2340,"2017",1087,"60-64",0,0,0,0,0,0
"Nicaragua",2340,"2017",1087,"65-69",0,0,0,0,0,0
"Nicaragua",2340,"2017",1087,"70-74",0,0,0,0,0,0
"Nicaragua",2340,"2017",1087,"75-79",0,0,0,0,0,0
"Nicaragua",2340,"2017",1087,"80-84",0,0,0,0,0,0
"Nicaragua",2340,"2017",1087,"85-89",0,0,0,0,0,0
"Nicaragua",2340,"2017",1087,"90-94",0,0,0,0,0,0
"Nicaragua",2340,"2017",1087,"95+",0,0,0,0,0,0
"Nicaragua",2340,"2017",1092,"0-4",1020,1015,1014.25,1217.1,5,0
"Nicaragua",2340,"2017",1092,"10-14",0,0,0,0,0,0
"Nicaragua",2340,"2017",1092,"15-19",0,0,0,0,0,0
"Nicaragua",2340,"2017",1092,"20-24",0,0,0,0,0,0
"Nicaragua",2340,"2017",1092,"25-29",0,0,0,0,0,0
"Nicaragua",2340,"2017",1092,"30-34",0,0,0,0,0,0
"Nicaragua",2340,"2017",1092,"35-39",0,0,0,0,0,0
"Nicaragua",2340,"2017",1092,"40-44",0,0,0,0,0,0
"Nicaragua",2340,"2017",1092,"45-49",0,0,0,0,0,0
"Nicaragua",2340,"2017",1092,"5-9",0,0,0,0,0,0
"Nicaragua",2340,"2017",1092,"50-54",0,0,0,0,0,0
"Nicaragua",2340,"2017",1092,"55-59",0,0,0,0,0,0
"Nicaragua",2340,"2017",1092,"60-64",0,0,0,0,0,0
"Nicaragua",2340,"2017",1092,"65-69",0,0,0,0,0,0
"Nicaragua",2340,"2017",1092,"70-74",0,0,0,0,0,0
"Nicaragua",2340,"2017",1092,"75-79",0,0,0,0,0,0
"Nicaragua",2340,"2017",1092,"80-84",0,0,0,0,0,0
"Nicaragua",2340,"2017",1092,"85-89",0,0,0,0,0,0
"Nicaragua",2340,"2017",1092,"90-94",0,0,0,0,0,0
"Nicaragua",2340,"2017",1092,"95+",0,0,0,0,0,0
"Nicaragua",2340,"2017",1093,"0-4",480,484,472.25,566.7,-4,0
"Nicaragua",2340,"2017",1093,"10-14",6,5,4.75,5.7,1,1
"Nicaragua",2340,"2017",1093,"15-19",12,5.5,6.75,8.1,6.5,6.5
"Nicaragua",2340,"2017",1093,"20-24",4,5,5.25,6.3,-1,0
"Nicaragua",2340,"2017",1093,"25-29",3,3,3.5,4.2,0,0
"Nicaragua",2340,"2017",1093,"30-34",1,4,3.5,4.2,-3,0
"Nicaragua",2340,"2017",1093,"35-39",2,2,2.5,3,0,0
"Nicaragua",2340,"2017",1093,"40-44",3,1.5,1.75,2.1,1.5,1.5
"Nicaragua",2340,"2017",1093,"45-49",1,3,3,3.6,-2,0
"Nicaragua",2340,"2017",1093,"5-9",6,6.5,7.5,9,-0.5,0
"Nicaragua",2340,"2017",1093,"50-54",2,2,1.75,2.1,0,0
"Nicaragua",2340,"2017",1093,"55-59",3,1.5,1.75,2.1,1.5,1.5
"Nicaragua",2340,"2017",1093,"60-64",1,1.5,1.75,2.1,-0.5,0
"Nicaragua",2340,"2017",1093,"65-69",0,0,0.5,0.6,0,0
"Nicaragua",2340,"2017",1093,"70-74",1,1,1.25,1.5,0,0
"Nicaragua",2340,"2017",1093,"75-79",1,1,1.25,1.5,0,0
"Nicaragua",2340,"2017",1093,"80-84",0,0.5,1,1.2,-0.5,0
"Nicaragua",2340,"2017",1093,"85-89",1,1.5,1.5,1.8,-0.5,0
"Nicaragua",2340,"2017",1093,"90-94",1,1,1,1.2,0,0
"Nicaragua",2340,"2017",1093,"95+",0,0,0.75,0.9,0,0
"Nicaragua",2340,"2017",1094,"0-4",14,17.5,17.5,21,-3.5,0
"Nicaragua",2340,"2017",1094,"10-14",0,1.5,2,2.4,-1.5,0
"Nicaragua",2340,"2017",1094,"15-19",3,3.5,4,4.8,-0.5,0
"Nicaragua",2340,"2017",1094,"20-24",6,6.5,6.25,7.5,-0.5,0
"Nicaragua",2340,"2017",1094,"25-29",12,10,9.25,11.1,2,2
"Nicaragua",2340,"2017",1094,"30-34",8,7.5,8.75,10.5,0.5,0
"Nicaragua",2340,"2017",1094,"35-39",10,9,10.5,12.6,1,0
"Nicaragua",2340,"2017",1094,"40-44",15,13.5,12,14.4,1.5,1.5
"Nicaragua",2340,"2017",1094,"45-49",14,13,12.25,14.7,1,0
"Nicaragua",2340,"2017",1094,"5-9",0,2,2.5,3,-2,0
"Nicaragua",2340,"2017",1094,"50-54",25,14,15.25,18.3,11,11
"Nicaragua",2340,"2017",1094,"55-59",23,16.5,16.75,20.1,6.5,6.5
"Nicaragua",2340,"2017",1094,"60-64",24,17,18,21.6,7,7
"Nicaragua",2340,"2017",1094,"65-69",25,22.5,25.25,30.3,2.5,0
"Nicaragua",2340,"2017",1094,"70-74",49,28,31.25,37.5,21,21
"Nicaragua",2340,"2017",1094,"75-79",42,37,38.75,46.5,5,0
"Nicaragua",2340,"2017",1094,"80-84",78,53,57,68.4,25,25
"Nicaragua",2340,"2017",1094,"85-89",95,62,63.75,76.5,33,33
"Nicaragua",2340,"2017",1094,"90-94",87,64,67.25,80.7,23,23
"Nicaragua",2340,"2017",1094,"95+",65,68,68.75,82.5,-3,0
"Nicaragua",2340,"2017",1096,"0-4",14,12,11.5,13.8,2,2
"Nicaragua",2340,"2017",1096,"10-14",10,11,12.5,15,-1,0
"Nicaragua",2340,"2017",1096,"15-19",57,51.5,51.25,61.5,5.5,0
"Nicaragua",2340,"2017",1096,"20-24",103,106,109.5,131.4,-3,0
"Nicaragua",2340,"2017",1096,"25-29",113,111.5,102.75,123.3,1.5,0
"Nicaragua",2340,"2017",1096,"30-34",78,84,90.5,108.6,-6,0
"Nicaragua",2340,"2017",1096,"35-39",73,67,66.75,80.1,6,0
"Nicaragua",2340,"2017",1096,"40-44",49,49.5,49.25,59.1,-0.5,0
"Nicaragua",2340,"2017",1096,"45-49",44,39.5,39.25,47.1,4.5,0
"Nicaragua",2340,"2017",1096,"5-9",12,12.5,12.75,15.3,-0.5,0
"Nicaragua",2340,"2017",1096,"50-54",30,33,33.75,40.5,-3,0
"Nicaragua",2340,"2017",1096,"55-59",38,27.5,28.75,34.5,10.5,10.5
"Nicaragua",2340,"2017",1096,"60-64",24,27.5,28.25,33.9,-3.5,0
"Nicaragua",2340,"2017",1096,"65-69",26,22,22.5,27,4,0
"Nicaragua",2340,"2017",1096,"70-74",18,14.5,15,18,3.5,0
"Nicaragua",2340,"2017",1096,"75-79",14,14,13.75,16.5,0,0
"Nicaragua",2340,"2017",1096,"80-84",7,9.5,10.25,12.3,-2.5,0
"Nicaragua",2340,"2017",1096,"85-89",3,3,3.25,3.9,0,0
"Nicaragua",2340,"2017",1096,"90-94",2,1,1.25,1.5,1,1
"Nicaragua",2340,"2017",1096,"95+",0,0,0.25,0.3,0,0
"Nicaragua",2340,"2017",1102,"0-4",1,2,2.5,3,-1,0
"Nicaragua",2340,"2017",1102,"10-14",1,3,3,3.6,-2,0
"Nicaragua",2340,"2017",1102,"15-19",20,24,34,40.8,-4,0
"Nicaragua",2340,"2017",1102,"20-24",47,48.5,55.25,66.3,-1.5,0
"Nicaragua",2340,"2017",1102,"25-29",43,48,56,67.2,-5,0
"Nicaragua",2340,"2017",1102,"30-34",45,43.5,52.5,63,1.5,0
"Nicaragua",2340,"2017",1102,"35-39",47,41,42.5,51,6,0
"Nicaragua",2340,"2017",1102,"40-44",27,25.5,29.25,35.1,1.5,0
"Nicaragua",2340,"2017",1102,"45-49",25,22.5,24,28.8,2.5,0
"Nicaragua",2340,"2017",1102,"5-9",1,1,1.5,1.8,0,0
"Nicaragua",2340,"2017",1102,"50-54",14,16.5,16,19.2,-2.5,0
"Nicaragua",2340,"2017",1102,"55-59",10,11.5,12.5,15,-1.5,0
"Nicaragua",2340,"2017",1102,"60-64",8,14,13,15.6,-6,0
"Nicaragua",2340,"2017",1102,"65-69",13,9,7.75,9.3,4,4
"Nicaragua",2340,"2017",1102,"70-74",7,5.5,5.5,6.6,1.5,1.5
"Nicaragua",2340,"2017",1102,"75-79",3,3.5,3.25,3.9,-0.5,0
"Nicaragua",2340,"2017",1102,"80-84",4,3.5,3.25,3.9,0.5,0.5
"Nicaragua",2340,"2017",1102,"85-89",0,0.5,0.5,0.6,-0.5,0
"Nicaragua",2340,"2017",1102,"90-94",0,0,0.25,0.3,0,0
"Nicaragua",2340,"2017",1102,"95+",0,0,0,0,0,0
"Nicaragua",2340,"2018",1001,"0-4",112,123.5,126.25,151.5,-11.5,0
"Nicaragua",2340,"2018",1001,"10-14",11,9,9,10.8,2,2
"Nicaragua",2340,"2018",1001,"15-19",5,13,12.25,14.7,-8,0
"Nicaragua",2340,"2018",1001,"20-24",26,29.5,30.25,36.3,-3.5,0
"Nicaragua",2340,"2018",1001,"25-29",70,60,59.25,71.1,10,0
"Nicaragua",2340,"2018",1001,"30-34",46,52.5,54.5,65.4,-6.5,0
"Nicaragua",2340,"2018",1001,"35-39",54,55,56.25,67.5,-1,0
"Nicaragua",2340,"2018",1001,"40-44",39,53.5,52,62.4,-14.5,0
"Nicaragua",2340,"2018",1001,"45-49",37,36.5,36.25,43.5,0.5,0
"Nicaragua",2340,"2018",1001,"5-9",12,12,12.25,14.7,0,0
"Nicaragua",2340,"2018",1001,"50-54",25,30.5,30.25,36.3,-5.5,0
"Nicaragua",2340,"2018",1001,"55-59",19,35.5,32.5,39,-16.5,0
"Nicaragua",2340,"2018",1001,"60-64",26,26.5,27.25,32.7,-0.5,0
"Nicaragua",2340,"2018",1001,"65-69",23,27,26.75,32.1,-4,0
"Nicaragua",2340,"2018",1001,"70-74",23,25.5,25.75,30.9,-2.5,0
"Nicaragua",2340,"2018",1001,"75-79",14,25.5,26,31.2,-11.5,0
"Nicaragua",2340,"2018",1001,"80-84",16,20.5,20.75,24.9,-4.5,0
"Nicaragua",2340,"2018",1001,"85-89",15,15,16.75,20.1,0,0
"Nicaragua",2340,"2018",1001,"90-94",12,12,11.75,14.1,0,0
"Nicaragua",2340,"2018",1001,"95+",4,4.5,5.5,6.6,-0.5,0
"Nicaragua",2340,"2018",1026,"0-4",26,29,28.75,34.5,-3,0
"Nicaragua",2340,"2018",1026,"10-14",27,31.5,31.5,37.8,-4.5,0
"Nicaragua",2340,"2018",1026,"15-19",27,38,36.5,43.8,-11,0
"Nicaragua",2340,"2018",1026,"20-24",40,43.5,45.5,54.6,-3.5,0
"Nicaragua",2340,"2018",1026,"25-29",54,53,46.5,55.8,1,0
"Nicaragua",2340,"2018",1026,"30-34",74,73,72,86.4,1,0
"Nicaragua",2340,"2018",1026,"35-39",120,107.5,107.75,129.3,12.5,0
"Nicaragua",2340,"2018",1026,"40-44",136,138,138.75,166.5,-2,0
"Nicaragua",2340,"2018",1026,"45-49",154,170,166.75,200.1,-16,0
"Nicaragua",2340,"2018",1026,"5-9",36,35,30.25,36.3,1,0
"Nicaragua",2340,"2018",1026,"50-54",213,229,225.75,270.9,-16,0
"Nicaragua",2340,"2018",1026,"55-59",292,281,277.25,332.7,11,0
"Nicaragua",2340,"2018",1026,"60-64",376,315,323.25,387.9,61,0
"Nicaragua",2340,"2018",1026,"65-69",322,328,328,393.6,-6,0
"Nicaragua",2340,"2018",1026,"70-74",318,311,308.5,370.2,7,0
"Nicaragua",2340,"2018",1026,"75-79",267,291,290.75,348.9,-24,0
"Nicaragua",2340,"2018",1026,"80-84",249,248.5,248.75,298.5,0.5,0
"Nicaragua",2340,"2018",1026,"85-89",168,165.5,159.75,191.7,2.5,0
"Nicaragua",2340,"2018",1026,"90-94",72,71.5,71,85.2,0.5,0
"Nicaragua",2340,"2018",1026,"95+",30,30.5,31,37.2,-0.5,0
"Nicaragua",2340,"2018",1048,"0-4",10,13.5,13,15.6,-3.5,0
"Nicaragua",2340,"2018",1048,"10-14",7,5,5.25,6.3,2,2
"Nicaragua",2340,"2018",1048,"15-19",6,8.5,8.75,10.5,-2.5,0
"Nicaragua",2340,"2018",1048,"20-24",7,7.5,8.5,10.2,-0.5,0
"Nicaragua",2340,"2018",1048,"25-29",4,7,6.75,8.1,-3,0
"Nicaragua",2340,"2018",1048,"30-34",5,7,7,8.4,-2,0
"Nicaragua",2340,"2018",1048,"35-39",9,5.5,5.75,6.9,3.5,3.5
"Nicaragua",2340,"2018",1048,"40-44",4,5,4.75,5.7,-1,0
"Nicaragua",2340,"2018",1048,"45-49",6,5.5,5.25,6.3,0.5,0
"Nicaragua",2340,"2018",1048,"5-9",5,3.5,3.5,4.2,1.5,1.5
"Nicaragua",2340,"2018",1048,"50-54",5,4.5,4,4.8,0.5,0.5
"Nicaragua",2340,"2018",1048,"55-59",5,5.5,6.25,7.5,-0.5,0
"Nicaragua",2340,"2018",1048,"60-64",6,5.5,5.5,6.6,0.5,0
"Nicaragua",2340,"2018",1048,"65-69",10,7,7,8.4,3,3
"Nicaragua",2340,"2018",1048,"70-74",10,4.5,5.5,6.6,5.5,5.5
"Nicaragua",2340,"2018",1048,"75-79",5,4.5,4,4.8,0.5,0.5
"Nicaragua",2340,"2018",1048,"80-84",8,7,5.75,6.9,1,1
"Nicaragua",2340,"2018",1048,"85-89",2,5.5,4.75,5.7,-3.5,0
"Nicaragua",2340,"2018",1048,"90-94",2,2,1.75,2.1,0,0
"Nicaragua",2340,"2018",1048,"95+",0,1.5,1.25,1.5,-1.5,0
"Nicaragua",2340,"2018",1051,"0-4",63,61,58.75,70.5,2,0
"Nicaragua",2340,"2018",1051,"10-14",5,5,4.75,5.7,0,0
"Nicaragua",2340,"2018",1051,"15-19",7,8,8,9.6,-1,0
"Nicaragua",2340,"2018",1051,"20-24",7,12.5,11.75,14.1,-5.5,0
"Nicaragua",2340,"2018",1051,"25-29",15,16,15,18,-1,0
"Nicaragua",2340,"2018",1051,"30-34",19,23,22.5,27,-4,0
"Nicaragua",2340,"2018",1051,"35-39",33,30.5,30,36,2.5,0
"Nicaragua",2340,"2018",1051,"40-44",64,58.5,57.5,69,5.5,0
"Nicaragua",2340,"2018",1051,"45-49",112,99.5,100.25,120.3,12.5,0
"Nicaragua",2340,"2018",1051,"5-9",6,6,5.5,6.6,0,0
"Nicaragua",2340,"2018",1051,"50-54",187,172,174.75,209.7,15,0
"Nicaragua",2340,"2018",1051,"55-59",277,261,258.75,310.5,16,0
"Nicaragua",2340,"2018",1051,"60-64",320,322.5,311.5,373.8,-2.5,0
"Nicaragua",2340,"2018",1051,"65-69",347,322.5,320.5,384.6,24.5,0
"Nicaragua",2340,"2018",1051,"70-74",306,280,282.75,339.3,26,0
"Nicaragua",2340,"2018",1051,"75-79",258,256.5,258.5,310.2,1.5,0
"Nicaragua",2340,"2018",1051,"80-84",211,193,196.75,236.1,18,0
"Nicaragua",2340,"2018",1051,"85-89",167,143,139.5,167.4,24,0
"Nicaragua",2340,"2018",1051,"90-94",71,71.5,71,85.2,-0.5,0
"Nicaragua",2340,"2018",1051,"95+",37,33,32.25,38.7,4,0
"Nicaragua",2340,"2018",1055,"0-4",0,0,0,0,0,0
"Nicaragua",2340,"2018",1055,"10-14",0,0,0,0,0,0
"Nicaragua",2340,"2018",1055,"15-19",0,1,0.75,0.9,-1,0
"Nicaragua",2340,"2018",1055,"20-24",1,1.5,2.5,3,-0.5,0
"Nicaragua",2340,"2018",1055,"25-29",8,11.5,12,14.4,-3.5,0
"Nicaragua",2340,"2018",1055,"30-34",27,26.5,26,31.2,0.5,0
"Nicaragua",2340,"2018",1055,"35-39",27,32.5,32.5,39,-5.5,0
"Nicaragua",2340,"2018",1055,"40-44",28,40.5,38,45.6,-12.5,0
"Nicaragua",2340,"2018",1055,"45-49",33,32.5,33.5,40.2,0.5,0
"Nicaragua",2340,"2018",1055,"5-9",0,0,0,0,0,0
"Nicaragua",2340,"2018",1055,"50-54",25,29.5,30,36,-4.5,0
"Nicaragua",2340,"2018",1055,"55-59",27,26.5,26.5,31.8,0.5,0
"Nicaragua",2340,"2018",1055,"60-64",19,23.5,23.5,28.2,-4.5,0
"Nicaragua",2340,"2018",1055,"65-69",17,18.5,17.5,21,-1.5,0
"Nicaragua",2340,"2018",1055,"70-74",12,10,10,12,2,0
"Nicaragua",2340,"2018",1055,"75-79",10,9,9,10.8,1,0
"Nicaragua",2340,"2018",1055,"80-84",8,7.5,8,9.6,0.5,0
"Nicaragua",2340,"2018",1055,"85-89",9,6,6.25,7.5,3,3
"Nicaragua",2340,"2018",1055,"90-94",0,1.5,1.75,2.1,-1.5,0
"Nicaragua",2340,"2018",1055,"95+",4,1.5,1.75,2.1,2.5,2.5
"Nicaragua",2340,"2018",1058,"0-4",47,42.5,43,51.6,4.5,0
"Nicaragua",2340,"2018",1058,"10-14",13,14.5,15.75,18.9,-1.5,0
"Nicaragua",2340,"2018",1058,"15-19",23,20,19.75,23.7,3,0
"Nicaragua",2340,"2018",1058,"20-24",23,22.5,22.25,26.7,0.5,0
"Nicaragua",2340,"2018",1058,"25-29",20,16,16.5,19.8,4,4
"Nicaragua",2340,"2018",1058,"30-34",14,17,17.75,21.3,-3,0
"Nicaragua",2340,"2018",1058,"35-39",20,18.5,19.75,23.7,1.5,0
"Nicaragua",2340,"2018",1058,"40-44",14,15,15.75,18.9,-1,0
"Nicaragua",2340,"2018",1058,"45-49",17,17,17.25,20.7,0,0
"Nicaragua",2340,"2018",1058,"5-9",18,16.5,15.75,18.9,1.5,0
"Nicaragua",2340,"2018",1058,"50-54",11,12.5,12.75,15.3,-1.5,0
"Nicaragua",2340,"2018",1058,"55-59",10,13.5,13.25,15.9,-3.5,0
"Nicaragua",2340,"2018",1058,"60-64",18,16.5,14.5,17.4,1.5,1.5
"Nicaragua",2340,"2018",1058,"65-69",20,20.5,18.75,22.5,-0.5,0
"Nicaragua",2340,"2018",1058,"70-74",13,16.5,17.25,20.7,-3.5,0
"Nicaragua",2340,"2018",1058,"75-79",29,28.5,27.25,32.7,0.5,0
"Nicaragua",2340,"2018",1058,"80-84",26,22.5,25.5,30.6,3.5,0
"Nicaragua",2340,"2018",1058,"85-89",29,25,23.75,28.5,4,4
"Nicaragua",2340,"2018",1058,"90-94",12,14.5,14.25,17.1,-2.5,0
"Nicaragua",2340,"2018",1058,"95+",4,2.5,2.5,3,1.5,1.5
"Nicaragua",2340,"2018",1063,"0-4",1,0.5,0.5,0.6,0.5,0.5
"Nicaragua",2340,"2018",1063,"10-14",0,0,0,0,0,0
"Nicaragua",2340,"2018",1063,"15-19",0,0,0,0,0,0
"Nicaragua",2340,"2018",1063,"20-24",0,0,0,0,0,0
"Nicaragua",2340,"2018",1063,"25-29",0,0,0,0,0,0
"Nicaragua",2340,"2018",1063,"30-34",0,0.5,0.5,0.6,-0.5,0
"Nicaragua",2340,"2018",1063,"35-39",0,0,0,0,0,0
"Nicaragua",2340,"2018",1063,"40-44",0,0,0,0,0,0
"Nicaragua",2340,"2018",1063,"45-49",0,0,0,0,0,0
"Nicaragua",2340,"2018",1063,"5-9",0,0,0,0,0,0
"Nicaragua",2340,"2018",1063,"50-54",0,0,0,0,0,0
"Nicaragua",2340,"2018",1063,"55-59",0,0,0,0,0,0
"Nicaragua",2340,"2018",1063,"60-64",0,0,0,0,0,0
"Nicaragua",2340,"2018",1063,"65-69",0,0,0,0,0,0
"Nicaragua",2340,"2018",1063,"70-74",0,0,0,0,0,0
"Nicaragua",2340,"2018",1063,"75-79",0,0,0,0,0,0
"Nicaragua",2340,"2018",1063,"80-84",0,0,0,0,0,0
"Nicaragua",2340,"2018",1063,"85-89",0,0,0,0,0,0
"Nicaragua",2340,"2018",1063,"90-94",0,0,0,0,0,0
"Nicaragua",2340,"2018",1063,"95+",0,0,0,0,0,0
"Nicaragua",2340,"2018",1064,"0-4",18,18.5,17.25,20.7,-0.5,0
"Nicaragua",2340,"2018",1064,"10-14",6,7,7.5,9,-1,0
"Nicaragua",2340,"2018",1064,"15-19",19,26.5,25.25,30.3,-7.5,0
"Nicaragua",2340,"2018",1064,"20-24",34,33.5,33.75,40.5,0.5,0
"Nicaragua",2340,"2018",1064,"25-29",52,45.5,44.25,53.1,6.5,0
"Nicaragua",2340,"2018",1064,"30-34",68,69,70,84,-1,0
"Nicaragua",2340,"2018",1064,"35-39",106,95,95.75,114.9,11,0
"Nicaragua",2340,"2018",1064,"40-44",124,129.5,131.25,157.5,-5.5,0
"Nicaragua",2340,"2018",1064,"45-49",175,172,172,206.4,3,0
"Nicaragua",2340,"2018",1064,"5-9",2,4.5,4.25,5.1,-2.5,0
"Nicaragua",2340,"2018",1064,"50-54",261,238.5,240.25,288.3,22.5,0
"Nicaragua",2340,"2018",1064,"55-59",370,362.5,353.25,423.9,7.5,0
"Nicaragua",2340,"2018",1064,"60-64",495,472,472.75,567.3,23,0
"Nicaragua",2340,"2018",1064,"65-69",585,550,546.25,655.5,35,0
"Nicaragua",2340,"2018",1064,"70-74",658,668.5,663.25,795.9,-10.5,0
"Nicaragua",2340,"2018",1064,"75-79",744,783.5,786.75,944.1,-39.5,0
"Nicaragua",2340,"2018",1064,"80-84",901,928,924.75,1109.7,-27,0
"Nicaragua",2340,"2018",1064,"85-89",858,836,854.5,1025.4,22,0
"Nicaragua",2340,"2018",1064,"90-94",595,593,608,729.6,2,0
"Nicaragua",2340,"2018",1064,"95+",432,405.5,404,484.8,26.5,0
"Nicaragua",2340,"2018",1072,"0-4",219,235,236,283.2,-16,0
"Nicaragua",2340,"2018",1072,"10-14",5,9.5,10.25,12.3,-4.5,0
"Nicaragua",2340,"2018",1072,"15-19",12,18.5,17.75,21.3,-6.5,0
"Nicaragua",2340,"2018",1072,"20-24",8,16,15.75,18.9,-8,0
"Nicaragua",2340,"2018",1072,"25-29",16,17,16.25,19.5,-1,0
"Nicaragua",2340,"2018",1072,"30-34",12,20.5,20.5,24.6,-8.5,0
"Nicaragua",2340,"2018",1072,"35-39",30,24.5,25.25,30.3,5.5,0
"Nicaragua",2340,"2018",1072,"40-44",29,29,30,36,0,0
"Nicaragua",2340,"2018",1072,"45-49",26,34.5,34,40.8,-8.5,0
"Nicaragua",2340,"2018",1072,"5-9",16,15,14.75,17.7,1,0
"Nicaragua",2340,"2018",1072,"50-54",52,52,49.25,59.1,0,0
"Nicaragua",2340,"2018",1072,"55-59",52,65,64.75,77.7,-13,0
"Nicaragua",2340,"2018",1072,"60-64",91,93.5,94.25,113.1,-2.5,0
"Nicaragua",2340,"2018",1072,"65-69",111,111.5,120.5,144.6,-0.5,0
"Nicaragua",2340,"2018",1072,"70-74",141,160,162,194.4,-19,0
"Nicaragua",2340,"2018",1072,"75-79",174,213.5,206.5,247.8,-39.5,0
"Nicaragua",2340,"2018",1072,"80-84",205,245.5,244.25,293.1,-40.5,0
"Nicaragua",2340,"2018",1072,"85-89",218,240.5,243.5,292.2,-22.5,0
"Nicaragua",2340,"2018",1072,"90-94",178,183,184,220.8,-5,0
"Nicaragua",2340,"2018",1072,"95+",98,121.5,122.25,146.7,-23.5,0
"Nicaragua",2340,"2018",1078,"0-4",38,33,31.75,38.1,5,0
"Nicaragua",2340,"2018",1078,"10-14",6,5.5,6.75,8.1,0.5,0
"Nicaragua",2340,"2018",1078,"15-19",16,11.5,12.25,14.7,4.5,4.5
"Nicaragua",2340,"2018",1078,"20-24",19,19.5,19,22.8,-0.5,0
"Nicaragua",2340,"2018",1078,"25-29",41,44,42.5,51,-3,0
"Nicaragua",2340,"2018",1078,"30-34",71,76,75.75,90.9,-5,0
"Nicaragua",2340,"2018",1078,"35-39",116,114,114.25,137.1,2,0
"Nicaragua",2340,"2018",1078,"40-44",109,135,131.5,157.8,-26,0
"Nicaragua",2340,"2018",1078,"45-49",155,152,150.25,180.3,3,0
"Nicaragua",2340,"2018",1078,"5-9",4,6,6,7.2,-2,0
"Nicaragua",2340,"2018",1078,"50-54",187,178.5,179.25,215.1,8.5,0
"Nicaragua",2340,"2018",1078,"55-59",226,225,221,265.2,1,0
"Nicaragua",2340,"2018",1078,"60-64",188,193,196.25,235.5,-5,0
"Nicaragua",2340,"2018",1078,"65-69",210,201,201.25,241.5,9,0
"Nicaragua",2340,"2018",1078,"70-74",159,168,168.25,201.9,-9,0
"Nicaragua",2340,"2018",1078,"75-79",155,150.5,150.5,180.6,4.5,0
"Nicaragua",2340,"2018",1078,"80-84",136,122,123,147.6,14,0
"Nicaragua",2340,"2018",1078,"85-89",98,80.5,81.25,97.5,17.5,17.5
"Nicaragua",2340,"2018",1078,"90-94",52,46,46,55.2,6,0
"Nicaragua",2340,"2018",1078,"95+",22,21.5,22.75,27.3,0.5,0
"Nicaragua",2340,"2018",1082,"0-4",4,1.5,1.75,2.1,2.5,2.5
"Nicaragua",2340,"2018",1082,"10-14",1,0.5,0.5,0.6,0.5,0.5
"Nicaragua",2340,"2018",1082,"15-19",0,0,0.5,0.6,0,0
"Nicaragua",2340,"2018",1082,"20-24",1,2.5,2.25,2.7,-1.5,0
"Nicaragua",2340,"2018",1082,"25-29",2,1.5,2,2.4,0.5,0
"Nicaragua",2340,"2018",1082,"30-34",4,3,2.5,3,1,1
"Nicaragua",2340,"2018",1082,"35-39",2,3,3,3.6,-1,0
"Nicaragua",2340,"2018",1082,"40-44",5,3.5,3.75,4.5,1.5,1.5
"Nicaragua",2340,"2018",1082,"45-49",6,3.5,3.75,4.5,2.5,2.5
"Nicaragua",2340,"2018",1082,"5-9",0,0,0.25,0.3,0,0
"Nicaragua",2340,"2018",1082,"50-54",1,4.5,4.5,5.4,-3.5,0
"Nicaragua",2340,"2018",1082,"55-59",2,2,2.25,2.7,0,0
"Nicaragua",2340,"2018",1082,"60-64",4,5,5.25,6.3,-1,0
"Nicaragua",2340,"2018",1082,"65-69",11,7.5,8,9.6,3.5,3.5
"Nicaragua",2340,"2018",1082,"70-74",9,9,8.5,10.2,0,0
"Nicaragua",2340,"2018",1082,"75-79",20,11.5,12.5,15,8.5,8.5
"Nicaragua",2340,"2018",1082,"80-84",18,14.5,14.25,17.1,3.5,3.5
"Nicaragua",2340,"2018",1082,"85-89",10,13.5,14.75,17.7,-3.5,0
"Nicaragua",2340,"2018",1082,"90-94",7,7,7.25,8.7,0,0
"Nicaragua",2340,"2018",1082,"95+",5,5,5.25,6.3,0,0
"Nicaragua",2340,"2018",1083,"0-4",1,1,1.25,1.5,0,0
"Nicaragua",2340,"2018",1083,"10-14",2,5,5.25,6.3,-3,0
"Nicaragua",2340,"2018",1083,"15-19",9,8,8,9.6,1,0
"Nicaragua",2340,"2018",1083,"20-24",11,10.5,9.75,11.7,0.5,0
"Nicaragua",2340,"2018",1083,"25-29",15,9.5,10.25,12.3,5.5,5.5
"Nicaragua",2340,"2018",1083,"30-34",11,10.5,10.25,12.3,0.5,0
"Nicaragua",2340,"2018",1083,"35-39",9,8,7.5,9,1,0
"Nicaragua",2340,"2018",1083,"40-44",8,6.5,7.25,8.7,1.5,0
"Nicaragua",2340,"2018",1083,"45-49",4,6.5,7,8.4,-2.5,0
"Nicaragua",2340,"2018",1083,"5-9",0,1.5,1.5,1.8,-1.5,0
"Nicaragua",2340,"2018",1083,"50-54",12,11,10.25,12.3,1,0
"Nicaragua",2340,"2018",1083,"55-59",7,8,8,9.6,-1,0
"Nicaragua",2340,"2018",1083,"60-64",8,6.5,5.5,6.6,1.5,1.5
"Nicaragua",2340,"2018",1083,"65-69",9,6,6,7.2,3,3
"Nicaragua",2340,"2018",1083,"70-74",11,4,5.5,6.6,7,7
"Nicaragua",2340,"2018",1083,"75-79",6,6.5,6.75,8.1,-0.5,0
"Nicaragua",2340,"2018",1083,"80-84",12,9.5,9,10.8,2.5,2.5
"Nicaragua",2340,"2018",1083,"85-89",3,5,4.75,5.7,-2,0
"Nicaragua",2340,"2018",1083,"90-94",1,2.5,2.5,3,-1.5,0
"Nicaragua",2340,"2018",1083,"95+",2,3,3,3.6,-1,0
"Nicaragua",2340,"2018",1084,"0-4",10,14.5,15.75,18.9,-4.5,0
"Nicaragua",2340,"2018",1084,"10-14",5,5,5,6,0,0
"Nicaragua",2340,"2018",1084,"15-19",14,14,14,16.8,0,0
"Nicaragua",2340,"2018",1084,"20-24",17,27.5,26,31.2,-10.5,0
"Nicaragua",2340,"2018",1084,"25-29",46,42,41.75,50.1,4,0
"Nicaragua",2340,"2018",1084,"30-34",79,72,72.5,87,7,0
"Nicaragua",2340,"2018",1084,"35-39",91,86.5,89,106.8,4.5,0
"Nicaragua",2340,"2018",1084,"40-44",107,104.5,99.25,119.1,2.5,0
"Nicaragua",2340,"2018",1084,"45-49",145,118,122.75,147.3,27,0
"Nicaragua",2340,"2018",1084,"5-9",6,5.5,6.25,7.5,0.5,0
"Nicaragua",2340,"2018",1084,"50-54",159,141,141.5,169.8,18,0
"Nicaragua",2340,"2018",1084,"55-59",179,178,170,204,1,0
"Nicaragua",2340,"2018",1084,"60-64",201,182,181.5,217.8,19,0
"Nicaragua",2340,"2018",1084,"65-69",186,174,173.75,208.5,12,0
"Nicaragua",2340,"2018",1084,"70-74",171,153.5,155.5,186.6,17.5,0
"Nicaragua",2340,"2018",1084,"75-79",158,157,154,184.8,1,0
"Nicaragua",2340,"2018",1084,"80-84",129,128.5,128.25,153.9,0.5,0
"Nicaragua",2340,"2018",1084,"85-89",102,101.5,102.25,122.7,0.5,0
"Nicaragua",2340,"2018",1084,"90-94",48,50.5,49.75,59.7,-2.5,0
"Nicaragua",2340,"2018",1084,"95+",27,29.5,31.5,37.8,-2.5,0
"Nicaragua",2340,"2018",1087,"0-4",0,0,0,0,0,0
"Nicaragua",2340,"2018",1087,"10-14",1,1.5,1.5,1.8,-0.5,0
"Nicaragua",2340,"2018",1087,"15-19",6,6.5,7.25,8.7,-0.5,0
"Nicaragua",2340,"2018",1087,"20-24",8,11.5,11.5,13.8,-3.5,0
"Nicaragua",2340,"2018",1087,"25-29",11,10.5,10,12,0.5,0
"Nicaragua",2340,"2018",1087,"30-34",10,11,11.25,13.5,-1,0
"Nicaragua",2340,"2018",1087,"35-39",9,8.5,7.75,9.3,0.5,0
"Nicaragua",2340,"2018",1087,"40-44",2,1.5,2,2.4,0.5,0
"Nicaragua",2340,"2018",1087,"45-49",0,0,0,0,0,0
"Nicaragua",2340,"2018",1087,"5-9",0,0,0,0,0,0
"Nicaragua",2340,"2018",1087,"50-54",0,0,0,0,0,0
"Nicaragua",2340,"2018",1087,"55-59",0,0,0,0,0,0
"Nicaragua",2340,"2018",1087,"60-64",0,0,0,0,0,0
"Nicaragua",2340,"2018",1087,"65-69",0,0,0,0,0,0
"Nicaragua",2340,"2018",1087,"70-74",0,0,0,0,0,0
"Nicaragua",2340,"2018",1087,"75-79",0,0,0,0,0,0
"Nicaragua",2340,"2018",1087,"80-84",0,0,0,0,0,0
"Nicaragua",2340,"2018",1087,"85-89",0,0,0,0,0,0
"Nicaragua",2340,"2018",1087,"90-94",0,0,0,0,0,0
"Nicaragua",2340,"2018",1087,"95+",0,0,0,0,0,0
"Nicaragua",2340,"2018",1092,"0-4",853,1015,1014.25,1217.1,-162,0
"Nicaragua",2340,"2018",1092,"10-14",0,0,0,0,0,0
"Nicaragua",2340,"2018",1092,"15-19",0,0,0,0,0,0
"Nicaragua",2340,"2018",1092,"20-24",0,0,0,0,0,0
"Nicaragua",2340,"2018",1092,"25-29",0,0,0,0,0,0
"Nicaragua",2340,"2018",1092,"30-34",0,0,0,0,0,0
"Nicaragua",2340,"2018",1092,"35-39",0,0,0,0,0,0
"Nicaragua",2340,"2018",1092,"40-44",0,0,0,0,0,0
"Nicaragua",2340,"2018",1092,"45-49",0,0,0,0,0,0
"Nicaragua",2340,"2018",1092,"5-9",0,0,0,0,0,0
"Nicaragua",2340,"2018",1092,"50-54",0,0,0,0,0,0
"Nicaragua",2340,"2018",1092,"55-59",0,0,0,0,0,0
"Nicaragua",2340,"2018",1092,"60-64",0,0,0,0,0,0
"Nicaragua",2340,"2018",1092,"65-69",0,0,0,0,0,0
"Nicaragua",2340,"2018",1092,"70-74",0,0,0,0,0,0
"Nicaragua",2340,"2018",1092,"75-79",0,0,0,0,0,0
"Nicaragua",2340,"2018",1092,"80-84",0,0,0,0,0,0
"Nicaragua",2340,"2018",1092,"85-89",0,0,0,0,0,0
"Nicaragua",2340,"2018",1092,"90-94",0,0,0,0,0,0
"Nicaragua",2340,"2018",1092,"95+",0,0,0,0,0,0
"Nicaragua",2340,"2018",1093,"0-4",412,484,472.25,566.7,-72,0
"Nicaragua",2340,"2018",1093,"10-14",5,5,4.75,5.7,0,0
"Nicaragua",2340,"2018",1093,"15-19",6,5.5,6.75,8.1,0.5,0
"Nicaragua",2340,"2018",1093,"20-24",8,5,5.25,6.3,3,3
"Nicaragua",2340,"2018",1093,"25-29",6,3,3.5,4.2,3,3
"Nicaragua",2340,"2018",1093,"30-34",5,4,3.5,4.2,1,1
"Nicaragua",2340,"2018",1093,"35-39",5,2,2.5,3,3,3
"Nicaragua",2340,"2018",1093,"40-44",2,1.5,1.75,2.1,0.5,0
"Nicaragua",2340,"2018",1093,"45-49",3,3,3,3.6,0,0
"Nicaragua",2340,"2018",1093,"5-9",7,6.5,7.5,9,0.5,0
"Nicaragua",2340,"2018",1093,"50-54",2,2,1.75,2.1,0,0
"Nicaragua",2340,"2018",1093,"55-59",1,1.5,1.75,2.1,-0.5,0
"Nicaragua",2340,"2018",1093,"60-64",4,1.5,1.75,2.1,2.5,2.5
"Nicaragua",2340,"2018",1093,"65-69",0,0,0.5,0.6,0,0
"Nicaragua",2340,"2018",1093,"70-74",1,1,1.25,1.5,0,0
"Nicaragua",2340,"2018",1093,"75-79",1,1,1.25,1.5,0,0
"Nicaragua",2340,"2018",1093,"80-84",1,0.5,1,1.2,0.5,0
"Nicaragua",2340,"2018",1093,"85-89",2,1.5,1.5,1.8,0.5,0.5
"Nicaragua",2340,"2018",1093,"90-94",2,1,1,1.2,1,1
"Nicaragua",2340,"2018",1093,"95+",3,0,0.75,0.9,3,3
"Nicaragua",2340,"2018",1094,"0-4",21,17.5,17.5,21,3.5,0
"Nicaragua",2340,"2018",1094,"10-14",5,1.5,2,2.4,3.5,3.5
"Nicaragua",2340,"2018",1094,"15-19",2,3.5,4,4.8,-1.5,0
"Nicaragua",2340,"2018",1094,"20-24",4,6.5,6.25,7.5,-2.5,0
"Nicaragua",2340,"2018",1094,"25-29",13,10,9.25,11.1,3,3
"Nicaragua",2340,"2018",1094,"30-34",16,7.5,8.75,10.5,8.5,8.5
"Nicaragua",2340,"2018",1094,"35-39",18,9,10.5,12.6,9,9
"Nicaragua",2340,"2018",1094,"40-44",18,13.5,12,14.4,4.5,4.5
"Nicaragua",2340,"2018",1094,"45-49",15,13,12.25,14.7,2,2
"Nicaragua",2340,"2018",1094,"5-9",2,2,2.5,3,0,0
"Nicaragua",2340,"2018",1094,"50-54",16,14,15.25,18.3,2,0
"Nicaragua",2340,"2018",1094,"55-59",24,16.5,16.75,20.1,7.5,7.5
"Nicaragua",2340,"2018",1094,"60-64",20,17,18,21.6,3,0
"Nicaragua",2340,"2018",1094,"65-69",38,22.5,25.25,30.3,15.5,15.5
"Nicaragua",2340,"2018",1094,"70-74",35,28,31.25,37.5,7,0
"Nicaragua",2340,"2018",1094,"75-79",51,37,38.75,46.5,14,14
"Nicaragua",2340,"2018",1094,"80-84",61,53,57,68.4,8,0
"Nicaragua",2340,"2018",1094,"85-89",63,62,63.75,76.5,1,0
"Nicaragua",2340,"2018",1094,"90-94",71,64,67.25,80.7,7,0
"Nicaragua",2340,"2018",1094,"95+",69,68,68.75,82.5,1,0
"Nicaragua",2340,"2018",1096,"0-4",11,12,11.5,13.8,-1,0
"Nicaragua",2340,"2018",1096,"10-14",9,11,12.5,15,-2,0
"Nicaragua",2340,"2018",1096,"15-19",47,51.5,51.25,61.5,-4.5,0
"Nicaragua",2340,"2018",1096,"20-24",101,106,109.5,131.4,-5,0
"Nicaragua",2340,"2018",1096,"25-29",110,111.5,102.75,123.3,-1.5,0
"Nicaragua",2340,"2018",1096,"30-34",90,84,90.5,108.6,6,0
"Nicaragua",2340,"2018",1096,"35-39",60,67,66.75,80.1,-7,0
"Nicaragua",2340,"2018",1096,"40-44",60,49.5,49.25,59.1,10.5,10.5
"Nicaragua",2340,"2018",1096,"45-49",34,39.5,39.25,47.1,-5.5,0
"Nicaragua",2340,"2018",1096,"5-9",13,12.5,12.75,15.3,0.5,0
"Nicaragua",2340,"2018",1096,"50-54",27,33,33.75,40.5,-6,0
"Nicaragua",2340,"2018",1096,"55-59",24,27.5,28.75,34.5,-3.5,0
"Nicaragua",2340,"2018",1096,"60-64",29,27.5,28.25,33.9,1.5,0
"Nicaragua",2340,"2018",1096,"65-69",20,22,22.5,27,-2,0
"Nicaragua",2340,"2018",1096,"70-74",13,14.5,15,18,-1.5,0
"Nicaragua",2340,"2018",1096,"75-79",14,14,13.75,16.5,0,0
"Nicaragua",2340,"2018",1096,"80-84",12,9.5,10.25,12.3,2.5,0
"Nicaragua",2340,"2018",1096,"85-89",3,3,3.25,3.9,0,0
"Nicaragua",2340,"2018",1096,"90-94",1,1,1.25,1.5,0,0
"Nicaragua",2340,"2018",1096,"95+",1,0,0.25,0.3,1,1
"Nicaragua",2340,"2018",1102,"0-4",5,2,2.5,3,3,3
"Nicaragua",2340,"2018",1102,"10-14",4,3,3,3.6,1,1
"Nicaragua",2340,"2018",1102,"15-19",68,24,34,40.8,44,44
"Nicaragua",2340,"2018",1102,"20-24",84,48.5,55.25,66.3,35.5,35.5
"Nicaragua",2340,"2018",1102,"25-29",85,48,56,67.2,37,37
"Nicaragua",2340,"2018",1102,"30-34",85,43.5,52.5,63,41.5,41.5
"Nicaragua",2340,"2018",1102,"35-39",65,41,42.5,51,24,24
"Nicaragua",2340,"2018",1102,"40-44",47,25.5,29.25,35.1,21.5,21.5
"Nicaragua",2340,"2018",1102,"45-49",36,22.5,24,28.8,13.5,13.5
"Nicaragua",2340,"2018",1102,"5-9",1,1,1.5,1.8,0,0
"Nicaragua",2340,"2018",1102,"50-54",20,16.5,16,19.2,3.5,3.5
"Nicaragua",2340,"2018",1102,"55-59",21,11.5,12.5,15,9.5,9.5
"Nicaragua",2340,"2018",1102,"60-64",14,14,13,15.6,0,0
"Nicaragua",2340,"2018",1102,"65-69",11,9,7.75,9.3,2,2
"Nicaragua",2340,"2018",1102,"70-74",6,5.5,5.5,6.6,0.5,0
"Nicaragua",2340,"2018",1102,"75-79",4,3.5,3.25,3.9,0.5,0.5
"Nicaragua",2340,"2018",1102,"80-84",2,3.5,3.25,3.9,-1.5,0
"Nicaragua",2340,"2018",1102,"85-89",1,0.5,0.5,0.6,0.5,0.5
"Nicaragua",2340,"2018",1102,"90-94",1,0,0.25,0.3,1,1
"Nicaragua",2340,"2018",1102,"95+",0,0,0,0,0,0
"Panama",2350,"2015",1001,"0-4",85,127.5,121.25,145.5,-42.5,0
"Panama",2350,"2015",1001,"10-14",9,7,6.75,8.1,2,2
"Panama",2350,"2015",1001,"15-19",24,24.5,24.75,29.7,-0.5,0
"Panama",2350,"2015",1001,"20-24",63,73.5,71.5,85.8,-10.5,0
"Panama",2350,"2015",1001,"25-29",92,106,103,123.6,-14,0
"Panama",2350,"2015",1001,"30-34",102,86.5,87.5,105,15.5,0
"Panama",2350,"2015",1001,"35-39",80,85,85.5,102.6,-5,0
"Panama",2350,"2015",1001,"40-44",87,76,78,93.6,11,0
"Panama",2350,"2015",1001,"45-49",93,90,88,105.6,3,0
"Panama",2350,"2015",1001,"5-9",7,9,9.75,11.7,-2,0
"Panama",2350,"2015",1001,"50-54",100,74.5,75,90,25.5,25.5
"Panama",2350,"2015",1001,"55-59",70,70.5,69,82.8,-0.5,0
"Panama",2350,"2015",1001,"60-64",56,57,56,67.2,-1,0
"Panama",2350,"2015",1001,"65-69",45,48.5,48.75,58.5,-3.5,0
"Panama",2350,"2015",1001,"70-74",49,51,54.75,65.7,-2,0
"Panama",2350,"2015",1001,"75-79",41,44,44,52.8,-3,0
"Panama",2350,"2015",1001,"80-84",50,49.5,47.75,57.3,0.5,0
"Panama",2350,"2015",1001,"85-89",31,41.5,42.25,50.7,-10.5,0
"Panama",2350,"2015",1001,"90-94",16,23.5,24.25,29.1,-7.5,0
"Panama",2350,"2015",1001,"95+",15,16,14.75,17.7,-1,0
"Panama",2350,"2015",1026,"0-4",23,14,14.75,17.7,9,9
"Panama",2350,"2015",1026,"10-14",20,19.5,18.5,22.2,0.5,0
"Panama",2350,"2015",1026,"15-19",21,29,27,32.4,-8,0
"Panama",2350,"2015",1026,"20-24",20,28,26,31.2,-8,0
"Panama",2350,"2015",1026,"25-29",26,32.5,31.25,37.5,-6.5,0
"Panama",2350,"2015",1026,"30-34",45,47.5,49,58.8,-2.5,0
"Panama",2350,"2015",1026,"35-39",57,64,65.75,78.9,-7,0
"Panama",2350,"2015",1026,"40-44",97,97,95.75,114.9,0,0
"Panama",2350,"2015",1026,"45-49",142,143,149.75,179.7,-1,0
"Panama",2350,"2015",1026,"5-9",20,15,14.75,17.7,5,5
"Panama",2350,"2015",1026,"50-54",207,198,199,238.8,9,0
"Panama",2350,"2015",1026,"55-59",249,259.5,258.25,309.9,-10.5,0
"Panama",2350,"2015",1026,"60-64",264,302,296.25,355.5,-38,0
"Panama",2350,"2015",1026,"65-69",376,375.5,378.25,453.9,0.5,0
"Panama",2350,"2015",1026,"70-74",434,429,424,508.8,5,0
"Panama",2350,"2015",1026,"75-79",393,403,410.75,492.9,-10,0
"Panama",2350,"2015",1026,"80-84",356,357.5,356.5,427.8,-1.5,0
"Panama",2350,"2015",1026,"85-89",288,275,272.5,327,13,0
"Panama",2350,"2015",1026,"90-94",131,139,139.75,167.7,-8,0
"Panama",2350,"2015",1026,"95+",62,62,60.25,72.3,0,0
"Panama",2350,"2015",1048,"0-4",9,10,11.5,13.8,-1,0
"Panama",2350,"2015",1048,"10-14",4,4,3.5,4.2,0,0
"Panama",2350,"2015",1048,"15-19",3,3,2.5,3,0,0
"Panama",2350,"2015",1048,"20-24",7,5.5,5,6,1.5,1.5
"Panama",2350,"2015",1048,"25-29",8,6,6,7.2,2,2
"Panama",2350,"2015",1048,"30-34",3,4.5,5.25,6.3,-1.5,0
"Panama",2350,"2015",1048,"35-39",4,5.5,5.25,6.3,-1.5,0
"Panama",2350,"2015",1048,"40-44",3,5,5.25,6.3,-2,0
"Panama",2350,"2015",1048,"45-49",15,3,5.5,6.6,12,12
"Panama",2350,"2015",1048,"5-9",2,2,1.75,2.1,0,0
"Panama",2350,"2015",1048,"50-54",7,5,5,6,2,2
"Panama",2350,"2015",1048,"55-59",6,6.5,7.25,8.7,-0.5,0
"Panama",2350,"2015",1048,"60-64",7,9,8.5,10.2,-2,0
"Panama",2350,"2015",1048,"65-69",7,8,8,9.6,-1,0
"Panama",2350,"2015",1048,"70-74",7,7.5,8.75,10.5,-0.5,0
"Panama",2350,"2015",1048,"75-79",9,10.5,10.75,12.9,-1.5,0
"Panama",2350,"2015",1048,"80-84",14,12,12.25,14.7,2,0
"Panama",2350,"2015",1048,"85-89",9,11,12.25,14.7,-2,0
"Panama",2350,"2015",1048,"90-94",7,8.5,9.25,11.1,-1.5,0
"Panama",2350,"2015",1048,"95+",7,7.5,6.75,8.1,-0.5,0
"Panama",2350,"2015",1051,"0-4",48,50,46.5,55.8,-2,0
"Panama",2350,"2015",1051,"10-14",3,2,2.25,2.7,1,1
"Panama",2350,"2015",1051,"15-19",0,4,3.5,4.2,-4,0
"Panama",2350,"2015",1051,"20-24",2,4,4.25,5.1,-2,0
"Panama",2350,"2015",1051,"25-29",4,5,5,6,-1,0
"Panama",2350,"2015",1051,"30-34",9,7,7.25,8.7,2,2
"Panama",2350,"2015",1051,"35-39",10,12,13.5,16.2,-2,0
"Panama",2350,"2015",1051,"40-44",25,23.5,23.75,28.5,1.5,0
"Panama",2350,"2015",1051,"45-49",25,44.5,40.5,48.6,-19.5,0
"Panama",2350,"2015",1051,"5-9",2,2,2.75,3.3,0,0
"Panama",2350,"2015",1051,"50-54",84,64,67.75,81.3,20,20
"Panama",2350,"2015",1051,"55-59",103,100.5,101.25,121.5,2.5,0
"Panama",2350,"2015",1051,"60-64",146,142,148.75,178.5,4,0
"Panama",2350,"2015",1051,"65-69",192,181,173.75,208.5,11,0
"Panama",2350,"2015",1051,"70-74",177,184.5,184.5,221.4,-7.5,0
"Panama",2350,"2015",1051,"75-79",213,215,210.25,252.3,-2,0
"Panama",2350,"2015",1051,"80-84",211,210.5,206.5,247.8,0.5,0
"Panama",2350,"2015",1051,"85-89",145,166,165.75,198.9,-21,0
"Panama",2350,"2015",1051,"90-94",115,109,109,130.8,6,0
"Panama",2350,"2015",1051,"95+",71,65.5,64,76.8,5.5,0
"Panama",2350,"2015",1055,"0-4",0,0,0,0,0,0
"Panama",2350,"2015",1055,"10-14",0,0,0,0,0,0
"Panama",2350,"2015",1055,"15-19",0,0,0,0,0,0
"Panama",2350,"2015",1055,"20-24",0,0,0.25,0.3,0,0
"Panama",2350,"2015",1055,"25-29",4,1,1.5,1.8,3,3
"Panama",2350,"2015",1055,"30-34",1,0.5,0.5,0.6,0.5,0.5
"Panama",2350,"2015",1055,"35-39",1,1.5,1.25,1.5,-0.5,0
"Panama",2350,"2015",1055,"40-44",2,2,2,2.4,0,0
"Panama",2350,"2015",1055,"45-49",5,4.5,4.5,5.4,0.5,0
"Panama",2350,"2015",1055,"5-9",0,0,0.25,0.3,0,0
"Panama",2350,"2015",1055,"50-54",5,5.5,5,6,-0.5,0
"Panama",2350,"2015",1055,"55-59",3,10,8.75,10.5,-7,0
"Panama",2350,"2015",1055,"60-64",9,9,9.5,11.4,0,0
"Panama",2350,"2015",1055,"65-69",8,6.5,6.75,8.1,1.5,0
"Panama",2350,"2015",1055,"70-74",6,8.5,8,9.6,-2.5,0
"Panama",2350,"2015",1055,"75-79",5,6.5,8,9.6,-1.5,0
"Panama",2350,"2015",1055,"80-84",21,18,18.25,21.9,3,0
"Panama",2350,"2015",1055,"85-89",11,16.5,16.5,19.8,-5.5,0
"Panama",2350,"2015",1055,"90-94",10,13.5,17,20.4,-3.5,0
"Panama",2350,"2015",1055,"95+",10,11,13.75,16.5,-1,0
"Panama",2350,"2015",1058,"0-4",26,29,28.5,34.2,-3,0
"Panama",2350,"2015",1058,"10-14",8,8.5,8.75,10.5,-0.5,0
"Panama",2350,"2015",1058,"15-19",16,15.5,15,18,0.5,0
"Panama",2350,"2015",1058,"20-24",14,18.5,18,21.6,-4.5,0
"Panama",2350,"2015",1058,"25-29",13,14,14.25,17.1,-1,0
"Panama",2350,"2015",1058,"30-34",14,11.5,10.5,12.6,2.5,2.5
"Panama",2350,"2015",1058,"35-39",3,10,9.75,11.7,-7,0
"Panama",2350,"2015",1058,"40-44",12,10.5,11,13.2,1.5,0
"Panama",2350,"2015",1058,"45-49",7,12,11.25,13.5,-5,0
"Panama",2350,"2015",1058,"5-9",11,11.5,10.25,12.3,-0.5,0
"Panama",2350,"2015",1058,"50-54",16,16,16.25,19.5,0,0
"Panama",2350,"2015",1058,"55-59",16,16.5,17,20.4,-0.5,0
"Panama",2350,"2015",1058,"60-64",15,14.5,15,18,0.5,0
"Panama",2350,"2015",1058,"65-69",32,30,30.25,36.3,2,0
"Panama",2350,"2015",1058,"70-74",47,46.5,45.75,54.9,0.5,0
"Panama",2350,"2015",1058,"75-79",70,62,61.5,73.8,8,0
"Panama",2350,"2015",1058,"80-84",63,70,74,88.8,-7,0
"Panama",2350,"2015",1058,"85-89",90,96.5,97.75,117.3,-6.5,0
"Panama",2350,"2015",1058,"90-94",74,60,58.5,70.2,14,14
"Panama",2350,"2015",1058,"95+",27,28,28.5,34.2,-1,0
"Panama",2350,"2015",1062,"0-4",0,0,0,0,0,0
"Panama",2350,"2015",1062,"10-14",0,0,0,0,0,0
"Panama",2350,"2015",1062,"15-19",0,0,0,0,0,0
"Panama",2350,"2015",1062,"20-24",0,0,0,0,0,0
"Panama",2350,"2015",1062,"25-29",0,0,0,0,0,0
"Panama",2350,"2015",1062,"30-34",0,0,0,0,0,0
"Panama",2350,"2015",1062,"35-39",0,0,0,0,0,0
"Panama",2350,"2015",1062,"40-44",0,0,0,0,0,0
"Panama",2350,"2015",1062,"45-49",0,0,0,0,0,0
"Panama",2350,"2015",1062,"5-9",0,0,0,0,0,0
"Panama",2350,"2015",1062,"50-54",0,0,0,0,0,0
"Panama",2350,"2015",1062,"55-59",0,0,0,0,0,0
"Panama",2350,"2015",1062,"60-64",0,0,0,0,0,0
"Panama",2350,"2015",1062,"65-69",0,0,0,0,0,0
"Panama",2350,"2015",1062,"70-74",1,1,1,1.2,0,0
"Panama",2350,"2015",1062,"75-79",0,0,0,0,0,0
"Panama",2350,"2015",1062,"80-84",0,0,0,0,0,0
"Panama",2350,"2015",1062,"85-89",0,0,0,0,0,0
"Panama",2350,"2015",1062,"90-94",0,0,0,0,0,0
"Panama",2350,"2015",1062,"95+",0,0,0,0,0,0
"Panama",2350,"2015",1063,"0-4",0,0,0,0,0,0
"Panama",2350,"2015",1063,"10-14",0,0,0,0,0,0
"Panama",2350,"2015",1063,"15-19",0,0,0,0,0,0
"Panama",2350,"2015",1063,"20-24",0,0,0,0,0,0
"Panama",2350,"2015",1063,"25-29",0,0,0,0,0,0
"Panama",2350,"2015",1063,"30-34",0,0,0,0,0,0
"Panama",2350,"2015",1063,"35-39",0,0,0,0,0,0
"Panama",2350,"2015",1063,"40-44",0,0,0,0,0,0
"Panama",2350,"2015",1063,"45-49",0,0,0,0,0,0
"Panama",2350,"2015",1063,"5-9",0,0,0,0,0,0
"Panama",2350,"2015",1063,"50-54",0,0,0,0,0,0
"Panama",2350,"2015",1063,"55-59",0,0,0,0,0,0
"Panama",2350,"2015",1063,"60-64",0,0,0,0,0,0
"Panama",2350,"2015",1063,"65-69",0,0,0,0,0,0
"Panama",2350,"2015",1063,"70-74",0,0,0,0,0,0
"Panama",2350,"2015",1063,"75-79",0,0,0,0,0,0
"Panama",2350,"2015",1063,"80-84",0,0,0,0,0,0
"Panama",2350,"2015",1063,"85-89",0,0,0,0,0,0
"Panama",2350,"2015",1063,"90-94",1,1,1,1.2,0,0
"Panama",2350,"2015",1063,"95+",0,0,0,0,0,0
"Panama",2350,"2015",1064,"0-4",9,2.5,3.5,4.2,6.5,6.5
"Panama",2350,"2015",1064,"10-14",5,4.5,3.75,4.5,0.5,0.5
"Panama",2350,"2015",1064,"15-19",12,11,10.5,12.6,1,0
"Panama",2350,"2015",1064,"20-24",24,15.5,16.25,19.5,8.5,8.5
"Panama",2350,"2015",1064,"25-29",22,19.5,18.25,21.9,2.5,2.5
"Panama",2350,"2015",1064,"30-34",37,29.5,30.75,36.9,7.5,7.5
"Panama",2350,"2015",1064,"35-39",37,42,43.5,52.2,-5,0
"Panama",2350,"2015",1064,"40-44",70,74.5,74.5,89.4,-4.5,0
"Panama",2350,"2015",1064,"45-49",113,124,125,150,-11,0
"Panama",2350,"2015",1064,"5-9",1,1,2.25,2.7,0,0
"Panama",2350,"2015",1064,"50-54",182,183.5,184,220.8,-1.5,0
"Panama",2350,"2015",1064,"55-59",232,240.5,248,297.6,-8.5,0
"Panama",2350,"2015",1064,"60-64",319,325,328.25,393.9,-6,0
"Panama",2350,"2015",1064,"65-69",408,426.5,436,523.2,-18.5,0
"Panama",2350,"2015",1064,"70-74",535,558,569.5,683.4,-23,0
"Panama",2350,"2015",1064,"75-79",635,684,680.5,816.6,-49,0
"Panama",2350,"2015",1064,"80-84",705,796.5,783,939.6,-91.5,0
"Panama",2350,"2015",1064,"85-89",809,832,835.75,1002.9,-23,0
"Panama",2350,"2015",1064,"90-94",582,685.5,671.5,805.8,-103.5,0
"Panama",2350,"2015",1064,"95+",431,511,500.25,600.3,-80,0
"Panama",2350,"2015",1072,"0-4",151,151.5,147.75,177.3,-0.5,0
"Panama",2350,"2015",1072,"10-14",5,6,5.25,6.3,-1,0
"Panama",2350,"2015",1072,"15-19",10,8.5,8.25,9.9,1.5,1.5
"Panama",2350,"2015",1072,"20-24",10,10.5,10,12,-0.5,0
"Panama",2350,"2015",1072,"25-29",14,13.5,12.25,14.7,0.5,0
"Panama",2350,"2015",1072,"30-34",16,11.5,12.25,14.7,4.5,4.5
"Panama",2350,"2015",1072,"35-39",15,14,13.5,16.2,1,0
"Panama",2350,"2015",1072,"40-44",20,19,18.25,21.9,1,0
"Panama",2350,"2015",1072,"45-49",31,20.5,22.25,26.7,10.5,10.5
"Panama",2350,"2015",1072,"5-9",9,8,6.75,8.1,1,1
"Panama",2350,"2015",1072,"50-54",23,30.5,31,37.2,-7.5,0
"Panama",2350,"2015",1072,"55-59",59,55.5,52.5,63,3.5,0
"Panama",2350,"2015",1072,"60-64",65,63.5,63,75.6,1.5,0
"Panama",2350,"2015",1072,"65-69",72,82,82.5,99,-10,0
"Panama",2350,"2015",1072,"70-74",104,124.5,121.25,145.5,-20.5,0
"Panama",2350,"2015",1072,"75-79",167,176.5,176.5,211.8,-9.5,0
"Panama",2350,"2015",1072,"80-84",214,219.5,216.25,259.5,-5.5,0
"Panama",2350,"2015",1072,"85-89",228,247.5,249.5,299.4,-19.5,0
"Panama",2350,"2015",1072,"90-94",208,208.5,209.5,251.4,-0.5,0
"Panama",2350,"2015",1072,"95+",156,167.5,165.25,198.3,-11.5,0
"Panama",2350,"2015",1078,"0-4",33,18.5,20.75,24.9,14.5,14.5
"Panama",2350,"2015",1078,"10-14",5,5,4.75,5.7,0,0
"Panama",2350,"2015",1078,"15-19",10,7,7,8.4,3,3
"Panama",2350,"2015",1078,"20-24",3,6,6,7.2,-3,0
"Panama",2350,"2015",1078,"25-29",5,5,5.75,6.9,0,0
"Panama",2350,"2015",1078,"30-34",8,9.5,9.25,11.1,-1.5,0
"Panama",2350,"2015",1078,"35-39",8,11,10.75,12.9,-3,0
"Panama",2350,"2015",1078,"40-44",27,20.5,21.25,25.5,6.5,6.5
"Panama",2350,"2015",1078,"45-49",27,36.5,34.75,41.7,-9.5,0
"Panama",2350,"2015",1078,"5-9",3,2,2,2.4,1,1
"Panama",2350,"2015",1078,"50-54",54,47.5,48.5,58.2,6.5,0
"Panama",2350,"2015",1078,"55-59",62,61.5,62.75,75.3,0.5,0
"Panama",2350,"2015",1078,"60-64",77,84,83.75,100.5,-7,0
"Panama",2350,"2015",1078,"65-69",75,83,82,98.4,-8,0
"Panama",2350,"2015",1078,"70-74",86,102.5,101,121.2,-16.5,0
"Panama",2350,"2015",1078,"75-79",94,103,103.75,124.5,-9,0
"Panama",2350,"2015",1078,"80-84",90,94.5,91,109.2,-4.5,0
"Panama",2350,"2015",1078,"85-89",65,77.5,79.75,95.7,-12.5,0
"Panama",2350,"2015",1078,"90-94",53,52.5,52,62.4,0.5,0
"Panama",2350,"2015",1078,"95+",29,30,31,37.2,-1,0
"Panama",2350,"2015",1082,"0-4",2,1,1.25,1.5,1,1
"Panama",2350,"2015",1082,"10-14",1,1,0.75,0.9,0,0
"Panama",2350,"2015",1082,"15-19",0,0,0.25,0.3,0,0
"Panama",2350,"2015",1082,"20-24",0,1.5,1.5,1.8,-1.5,0
"Panama",2350,"2015",1082,"25-29",0,0.5,0.75,0.9,-0.5,0
"Panama",2350,"2015",1082,"30-34",1,1,0.75,0.9,0,0
"Panama",2350,"2015",1082,"35-39",1,1,1,1.2,0,0
"Panama",2350,"2015",1082,"40-44",1,1,1.5,1.8,0,0
"Panama",2350,"2015",1082,"45-49",3,2.5,2.25,2.7,0.5,0.5
"Panama",2350,"2015",1082,"5-9",0,0,0,0,0,0
"Panama",2350,"2015",1082,"50-54",2,3,3.75,4.5,-1,0
"Panama",2350,"2015",1082,"55-59",1,3,4.25,5.1,-2,0
"Panama",2350,"2015",1082,"60-64",4,4.5,5.25,6.3,-0.5,0
"Panama",2350,"2015",1082,"65-69",3,9,9,10.8,-6,0
"Panama",2350,"2015",1082,"70-74",5,10,8.75,10.5,-5,0
"Panama",2350,"2015",1082,"75-79",6,12.5,11.5,13.8,-6.5,0
"Panama",2350,"2015",1082,"80-84",13,12.5,15.5,18.6,0.5,0
"Panama",2350,"2015",1082,"85-89",18,21,21.25,25.5,-3,0
"Panama",2350,"2015",1082,"90-94",18,20,20.25,24.3,-2,0
"Panama",2350,"2015",1082,"95+",3,12.5,12.25,14.7,-9.5,0
"Panama",2350,"2015",1083,"0-4",1,0,0.25,0.3,1,1
"Panama",2350,"2015",1083,"10-14",2,1.5,1.5,1.8,0.5,0.5
"Panama",2350,"2015",1083,"15-19",3,2.5,2.25,2.7,0.5,0.5
"Panama",2350,"2015",1083,"20-24",2,2,1.75,2.1,0,0
"Panama",2350,"2015",1083,"25-29",4,4.5,4,4.8,-0.5,0
"Panama",2350,"2015",1083,"30-34",2,2,2.5,3,0,0
"Panama",2350,"2015",1083,"35-39",6,3,3.5,4.2,3,3
"Panama",2350,"2015",1083,"40-44",5,4.5,4,4.8,0.5,0.5
"Panama",2350,"2015",1083,"45-49",4,4.5,4.5,5.4,-0.5,0
"Panama",2350,"2015",1083,"5-9",0,0,0.25,0.3,0,0
"Panama",2350,"2015",1083,"50-54",5,5,5.25,6.3,0,0
"Panama",2350,"2015",1083,"55-59",0,3.5,3.75,4.5,-3.5,0
"Panama",2350,"2015",1083,"60-64",1,5,5.25,6.3,-4,0
"Panama",2350,"2015",1083,"65-69",6,6.5,7,8.4,-0.5,0
"Panama",2350,"2015",1083,"70-74",4,6,6.75,8.1,-2,0
"Panama",2350,"2015",1083,"75-79",7,9,9.25,11.1,-2,0
"Panama",2350,"2015",1083,"80-84",7,12,11.5,13.8,-5,0
"Panama",2350,"2015",1083,"85-89",4,10.5,11,13.2,-6.5,0
"Panama",2350,"2015",1083,"90-94",4,8.5,9,10.8,-4.5,0
"Panama",2350,"2015",1083,"95+",7,8,9.75,11.7,-1,0
"Panama",2350,"2015",1084,"0-4",6,7.5,8.75,10.5,-1.5,0
"Panama",2350,"2015",1084,"10-14",1,1.5,1.5,1.8,-0.5,0
"Panama",2350,"2015",1084,"15-19",3,2,1.75,2.1,1,1
"Panama",2350,"2015",1084,"20-24",6,5,4.75,5.7,1,1
"Panama",2350,"2015",1084,"25-29",4,5.5,5.25,6.3,-1.5,0
"Panama",2350,"2015",1084,"30-34",5,6,6.5,7.8,-1,0
"Panama",2350,"2015",1084,"35-39",10,11,11.25,13.5,-1,0
"Panama",2350,"2015",1084,"40-44",18,18.5,19.5,23.4,-0.5,0
"Panama",2350,"2015",1084,"45-49",19,24,24,28.8,-5,0
"Panama",2350,"2015",1084,"5-9",0,0.5,0.75,0.9,-0.5,0
"Panama",2350,"2015",1084,"50-54",27,29.5,32,38.4,-2.5,0
"Panama",2350,"2015",1084,"55-59",33,43.5,43.75,52.5,-10.5,0
"Panama",2350,"2015",1084,"60-64",42,57,56.25,67.5,-15,0
"Panama",2350,"2015",1084,"65-69",58,77.5,73.75,88.5,-19.5,0
"Panama",2350,"2015",1084,"70-74",66,89.5,87.25,104.7,-23.5,0
"Panama",2350,"2015",1084,"75-79",76,91,96.5,115.8,-15,0
"Panama",2350,"2015",1084,"80-84",104,106.5,105,126,-2.5,0
"Panama",2350,"2015",1084,"85-89",80,107.5,107,128.4,-27.5,0
"Panama",2350,"2015",1084,"90-94",66,77,75.5,90.6,-11,0
"Panama",2350,"2015",1084,"95+",31,42.5,40.5,48.6,-11.5,0
"Panama",2350,"2015",1087,"0-4",0,0,0,0,0,0
"Panama",2350,"2015",1087,"10-14",0,0,0,0,0,0
"Panama",2350,"2015",1087,"15-19",9,6.5,6.25,7.5,2.5,2.5
"Panama",2350,"2015",1087,"20-24",5,6.5,6.75,8.1,-1.5,0
"Panama",2350,"2015",1087,"25-29",11,7.5,7.75,9.3,3.5,3.5
"Panama",2350,"2015",1087,"30-34",6,5,5,6,1,0
"Panama",2350,"2015",1087,"35-39",7,5.5,5.25,6.3,1.5,1.5
"Panama",2350,"2015",1087,"40-44",2,3,3.25,3.9,-1,0
"Panama",2350,"2015",1087,"45-49",0,0.5,0.5,0.6,-0.5,0
"Panama",2350,"2015",1087,"5-9",0,0,0,0,0,0
"Panama",2350,"2015",1087,"50-54",0,0,0,0,0,0
"Panama",2350,"2015",1087,"55-59",0,0,0,0,0,0
"Panama",2350,"2015",1087,"60-64",0,0,0,0,0,0
"Panama",2350,"2015",1087,"65-69",0,0,0,0,0,0
"Panama",2350,"2015",1087,"70-74",0,0,0,0,0,0
"Panama",2350,"2015",1087,"75-79",0,0,0,0,0,0
"Panama",2350,"2015",1087,"80-84",0,0,0,0,0,0
"Panama",2350,"2015",1087,"85-89",0,0,0,0,0,0
"Panama",2350,"2015",1087,"90-94",0,0,0,0,0,0
"Panama",2350,"2015",1087,"95+",0,0,0,0,0,0
"Panama",2350,"2015",1092,"0-4",385,435.5,444.25,533.1,-50.5,0
"Panama",2350,"2015",1092,"10-14",0,0,0,0,0,0
"Panama",2350,"2015",1092,"15-19",0,0,0,0,0,0
"Panama",2350,"2015",1092,"20-24",0,0,0,0,0,0
"Panama",2350,"2015",1092,"25-29",0,0,0,0,0,0
"Panama",2350,"2015",1092,"30-34",0,0,0,0,0,0
"Panama",2350,"2015",1092,"35-39",0,0,0,0,0,0
"Panama",2350,"2015",1092,"40-44",0,0,0,0,0,0
"Panama",2350,"2015",1092,"45-49",0,0,0,0,0,0
"Panama",2350,"2015",1092,"5-9",0,0,0,0,0,0
"Panama",2350,"2015",1092,"50-54",0,0,0,0,0,0
"Panama",2350,"2015",1092,"55-59",0,0,0,0,0,0
"Panama",2350,"2015",1092,"60-64",0,0,0,0,0,0
"Panama",2350,"2015",1092,"65-69",0,0,0,0,0,0
"Panama",2350,"2015",1092,"70-74",0,0,0,0,0,0
"Panama",2350,"2015",1092,"75-79",0,0,0,0,0,0
"Panama",2350,"2015",1092,"80-84",0,0,0,0,0,0
"Panama",2350,"2015",1092,"85-89",0,0,0,0,0,0
"Panama",2350,"2015",1092,"90-94",0,0,0,0,0,0
"Panama",2350,"2015",1092,"95+",0,0,0,0,0,0
"Panama",2350,"2015",1093,"0-4",311,332,330.5,396.6,-21,0
"Panama",2350,"2015",1093,"10-14",7,8,7.5,9,-1,0
"Panama",2350,"2015",1093,"15-19",8,6.5,6,7.2,1.5,1.5
"Panama",2350,"2015",1093,"20-24",1,2.5,3.25,3.9,-1.5,0
"Panama",2350,"2015",1093,"25-29",7,4.5,4.5,5.4,2.5,2.5
"Panama",2350,"2015",1093,"30-34",3,2,2.25,2.7,1,1
"Panama",2350,"2015",1093,"35-39",3,1,1.5,1.8,2,2
"Panama",2350,"2015",1093,"40-44",0,0,0.5,0.6,0,0
"Panama",2350,"2015",1093,"45-49",0,0,0,0,0,0
"Panama",2350,"2015",1093,"5-9",9,8.5,9.5,11.4,0.5,0
"Panama",2350,"2015",1093,"50-54",0,0,0,0,0,0
"Panama",2350,"2015",1093,"55-59",0,0,0,0,0,0
"Panama",2350,"2015",1093,"60-64",0,0,0,0,0,0
"Panama",2350,"2015",1093,"65-69",0,0,0,0,0,0
"Panama",2350,"2015",1093,"70-74",0,0,0,0,0,0
"Panama",2350,"2015",1093,"75-79",0,0,0,0,0,0
"Panama",2350,"2015",1093,"80-84",0,0,0,0,0,0
"Panama",2350,"2015",1093,"85-89",0,0,0,0,0,0
"Panama",2350,"2015",1093,"90-94",0,0,0,0,0,0
"Panama",2350,"2015",1093,"95+",0,0,0,0,0,0
"Panama",2350,"2015",1094,"0-4",92,93,88.25,105.9,-1,0
"Panama",2350,"2015",1094,"10-14",7,7.5,7.5,9,-0.5,0
"Panama",2350,"2015",1094,"15-19",16,13,12.75,15.3,3,3
"Panama",2350,"2015",1094,"20-24",19,15,16.5,19.8,4,0
"Panama",2350,"2015",1094,"25-29",26,22,22.5,27,4,0
"Panama",2350,"2015",1094,"30-34",10,19,18.75,22.5,-9,0
"Panama",2350,"2015",1094,"35-39",19,18.5,19,22.8,0.5,0
"Panama",2350,"2015",1094,"40-44",23,23.5,23.5,28.2,-0.5,0
"Panama",2350,"2015",1094,"45-49",16,23,22.75,27.3,-7,0
"Panama",2350,"2015",1094,"5-9",3,9.5,8.75,10.5,-6.5,0
"Panama",2350,"2015",1094,"50-54",24,23,24.25,29.1,1,0
"Panama",2350,"2015",1094,"55-59",31,30,27.75,33.3,1,0
"Panama",2350,"2015",1094,"60-64",28,30.5,30.75,36.9,-2.5,0
"Panama",2350,"2015",1094,"65-69",32,41.5,40,48,-9.5,0
"Panama",2350,"2015",1094,"70-74",50,47.5,46.25,55.5,2.5,0
"Panama",2350,"2015",1094,"75-79",58,58,58.75,70.5,0,0
"Panama",2350,"2015",1094,"80-84",66,67,70,84,-1,0
"Panama",2350,"2015",1094,"85-89",68,73,74.25,89.1,-5,0
"Panama",2350,"2015",1094,"90-94",56,65,65.25,78.3,-9,0
"Panama",2350,"2015",1094,"95+",63,64.5,65.5,78.6,-1.5,0
"Panama",2350,"2015",1096,"0-4",14,8.5,9.75,11.7,5.5,5.5
"Panama",2350,"2015",1096,"10-14",8,9.5,10.75,12.9,-1.5,0
"Panama",2350,"2015",1096,"15-19",25,29,28,33.6,-4,0
"Panama",2350,"2015",1096,"20-24",41,41.5,42.75,51.3,-0.5,0
"Panama",2350,"2015",1096,"25-29",49,46,50.5,60.6,3,0
"Panama",2350,"2015",1096,"30-34",57,46,47.75,57.3,11,0
"Panama",2350,"2015",1096,"35-39",38,31,32.5,39,7,0
"Panama",2350,"2015",1096,"40-44",33,31.5,34.25,41.1,1.5,0
"Panama",2350,"2015",1096,"45-49",41,37,35,42,4,0
"Panama",2350,"2015",1096,"5-9",6,7,7.75,9.3,-1,0
"Panama",2350,"2015",1096,"50-54",30,30.5,29.75,35.7,-0.5,0
"Panama",2350,"2015",1096,"55-59",27,29,30,36,-2,0
"Panama",2350,"2015",1096,"60-64",33,25.5,24.5,29.4,7.5,7.5
"Panama",2350,"2015",1096,"65-69",19,23,22.75,27.3,-4,0
"Panama",2350,"2015",1096,"70-74",22,16.5,17,20.4,5.5,5.5
"Panama",2350,"2015",1096,"75-79",16,14,14.25,17.1,2,0
"Panama",2350,"2015",1096,"80-84",4,9,8.5,10.2,-5,0
"Panama",2350,"2015",1096,"85-89",6,6,6.5,7.8,0,0
"Panama",2350,"2015",1096,"90-94",6,1,2,2.4,5,5
"Panama",2350,"2015",1096,"95+",1,0,0.25,0.3,1,1
"Panama",2350,"2015",1102,"0-4",2,3,3.25,3.9,-1,0
"Panama",2350,"2015",1102,"10-14",4,4.5,4.5,5.4,-0.5,0
"Panama",2350,"2015",1102,"15-19",65,54,56,67.2,11,0
"Panama",2350,"2015",1102,"20-24",83,78.5,79.75,95.7,4.5,0
"Panama",2350,"2015",1102,"25-29",86,79,77.5,93,7,0
"Panama",2350,"2015",1102,"30-34",60,59,57.25,68.7,1,0
"Panama",2350,"2015",1102,"35-39",43,41,42,50.4,2,0
"Panama",2350,"2015",1102,"40-44",34,35,33.5,40.2,-1,0
"Panama",2350,"2015",1102,"45-49",31,27,27,32.4,4,0
"Panama",2350,"2015",1102,"5-9",3,1.5,1.75,2.1,1.5,1.5
"Panama",2350,"2015",1102,"50-54",16,15.5,15,18,0.5,0
"Panama",2350,"2015",1102,"55-59",10,11.5,11.75,14.1,-1.5,0
"Panama",2350,"2015",1102,"60-64",14,11,11,13.2,3,3
"Panama",2350,"2015",1102,"65-69",9,6.5,6.5,7.8,2.5,2.5
"Panama",2350,"2015",1102,"70-74",3,3.5,3.5,4.2,-0.5,0
"Panama",2350,"2015",1102,"75-79",4,3,2.5,3,1,1
"Panama",2350,"2015",1102,"80-84",1,1,1.25,1.5,0,0
"Panama",2350,"2015",1102,"85-89",0,1,1.25,1.5,-1,0
"Panama",2350,"2015",1102,"90-94",0,0,0.5,0.6,0,0
"Panama",2350,"2015",1102,"95+",0,0,0,0,0,0
"Panama",2350,"2016",1001,"0-4",140,127.5,121.25,145.5,12.5,0
"Panama",2350,"2016",1001,"10-14",4,7,6.75,8.1,-3,0
"Panama",2350,"2016",1001,"15-19",29,24.5,24.75,29.7,4.5,0
"Panama",2350,"2016",1001,"20-24",71,73.5,71.5,85.8,-2.5,0
"Panama",2350,"2016",1001,"25-29",107,106,103,123.6,1,0
"Panama",2350,"2016",1001,"30-34",82,86.5,87.5,105,-4.5,0
"Panama",2350,"2016",1001,"35-39",97,85,85.5,102.6,12,0
"Panama",2350,"2016",1001,"40-44",73,76,78,93.6,-3,0
"Panama",2350,"2016",1001,"45-49",88,90,88,105.6,-2,0
"Panama",2350,"2016",1001,"5-9",9,9,9.75,11.7,0,0
"Panama",2350,"2016",1001,"50-54",77,74.5,75,90,2.5,0
"Panama",2350,"2016",1001,"55-59",64,70.5,69,82.8,-6.5,0
"Panama",2350,"2016",1001,"60-64",51,57,56,67.2,-6,0
"Panama",2350,"2016",1001,"65-69",43,48.5,48.75,58.5,-5.5,0
"Panama",2350,"2016",1001,"70-74",42,51,54.75,65.7,-9,0
"Panama",2350,"2016",1001,"75-79",47,44,44,52.8,3,0
"Panama",2350,"2016",1001,"80-84",49,49.5,47.75,57.3,-0.5,0
"Panama",2350,"2016",1001,"85-89",43,41.5,42.25,50.7,1.5,0
"Panama",2350,"2016",1001,"90-94",27,23.5,24.25,29.1,3.5,0
"Panama",2350,"2016",1001,"95+",9,16,14.75,17.7,-7,0
"Panama",2350,"2016",1026,"0-4",13,14,14.75,17.7,-1,0
"Panama",2350,"2016",1026,"10-14",20,19.5,18.5,22.2,0.5,0
"Panama",2350,"2016",1026,"15-19",29,29,27,32.4,0,0
"Panama",2350,"2016",1026,"20-24",28,28,26,31.2,0,0
"Panama",2350,"2016",1026,"25-29",33,32.5,31.25,37.5,0.5,0
"Panama",2350,"2016",1026,"30-34",46,47.5,49,58.8,-1.5,0
"Panama",2350,"2016",1026,"35-39",59,64,65.75,78.9,-5,0
"Panama",2350,"2016",1026,"40-44",88,97,95.75,114.9,-9,0
"Panama",2350,"2016",1026,"45-49",141,143,149.75,179.7,-2,0
"Panama",2350,"2016",1026,"5-9",16,15,14.75,17.7,1,0
"Panama",2350,"2016",1026,"50-54",193,198,199,238.8,-5,0
"Panama",2350,"2016",1026,"55-59",271,259.5,258.25,309.9,11.5,0
"Panama",2350,"2016",1026,"60-64",300,302,296.25,355.5,-2,0
"Panama",2350,"2016",1026,"65-69",375,375.5,378.25,453.9,-0.5,0
"Panama",2350,"2016",1026,"70-74",399,429,424,508.8,-30,0
"Panama",2350,"2016",1026,"75-79",384,403,410.75,492.9,-19,0
"Panama",2350,"2016",1026,"80-84",359,357.5,356.5,427.8,1.5,0
"Panama",2350,"2016",1026,"85-89",252,275,272.5,327,-23,0
"Panama",2350,"2016",1026,"90-94",147,139,139.75,167.7,8,0
"Panama",2350,"2016",1026,"95+",64,62,60.25,72.3,2,0
"Panama",2350,"2016",1048,"0-4",11,10,11.5,13.8,1,0
"Panama",2350,"2016",1048,"10-14",6,4,3.5,4.2,2,2
"Panama",2350,"2016",1048,"15-19",3,3,2.5,3,0,0
"Panama",2350,"2016",1048,"20-24",2,5.5,5,6,-3.5,0
"Panama",2350,"2016",1048,"25-29",5,6,6,7.2,-1,0
"Panama",2350,"2016",1048,"30-34",9,4.5,5.25,6.3,4.5,4.5
"Panama",2350,"2016",1048,"35-39",7,5.5,5.25,6.3,1.5,1.5
"Panama",2350,"2016",1048,"40-44",3,5,5.25,6.3,-2,0
"Panama",2350,"2016",1048,"45-49",3,3,5.5,6.6,0,0
"Panama",2350,"2016",1048,"5-9",2,2,1.75,2.1,0,0
"Panama",2350,"2016",1048,"50-54",6,5,5,6,1,0
"Panama",2350,"2016",1048,"55-59",12,6.5,7.25,8.7,5.5,5.5
"Panama",2350,"2016",1048,"60-64",11,9,8.5,10.2,2,2
"Panama",2350,"2016",1048,"65-69",9,8,8,9.6,1,0
"Panama",2350,"2016",1048,"70-74",15,7.5,8.75,10.5,7.5,7.5
"Panama",2350,"2016",1048,"75-79",15,10.5,10.75,12.9,4.5,4.5
"Panama",2350,"2016",1048,"80-84",8,12,12.25,14.7,-4,0
"Panama",2350,"2016",1048,"85-89",12,11,12.25,14.7,1,0
"Panama",2350,"2016",1048,"90-94",13,8.5,9.25,11.1,4.5,4.5
"Panama",2350,"2016",1048,"95+",8,7.5,6.75,8.1,0.5,0
"Panama",2350,"2016",1051,"0-4",52,50,46.5,55.8,2,0
"Panama",2350,"2016",1051,"10-14",1,2,2.25,2.7,-1,0
"Panama",2350,"2016",1051,"15-19",6,4,3.5,4.2,2,2
"Panama",2350,"2016",1051,"20-24",2,4,4.25,5.1,-2,0
"Panama",2350,"2016",1051,"25-29",8,5,5,6,3,3
"Panama",2350,"2016",1051,"30-34",5,7,7.25,8.7,-2,0
"Panama",2350,"2016",1051,"35-39",20,12,13.5,16.2,8,8
"Panama",2350,"2016",1051,"40-44",22,23.5,23.75,28.5,-1.5,0
"Panama",2350,"2016",1051,"45-49",46,44.5,40.5,48.6,1.5,0
"Panama",2350,"2016",1051,"5-9",2,2,2.75,3.3,0,0
"Panama",2350,"2016",1051,"50-54",65,64,67.75,81.3,1,0
"Panama",2350,"2016",1051,"55-59",82,100.5,101.25,121.5,-18.5,0
"Panama",2350,"2016",1051,"60-64",138,142,148.75,178.5,-4,0
"Panama",2350,"2016",1051,"65-69",141,181,173.75,208.5,-40,0
"Panama",2350,"2016",1051,"70-74",180,184.5,184.5,221.4,-4.5,0
"Panama",2350,"2016",1051,"75-79",193,215,210.25,252.3,-22,0
"Panama",2350,"2016",1051,"80-84",210,210.5,206.5,247.8,-0.5,0
"Panama",2350,"2016",1051,"85-89",186,166,165.75,198.9,20,0
"Panama",2350,"2016",1051,"90-94",112,109,109,130.8,3,0
"Panama",2350,"2016",1051,"95+",72,65.5,64,76.8,6.5,0
"Panama",2350,"2016",1055,"0-4",0,0,0,0,0,0
"Panama",2350,"2016",1055,"10-14",0,0,0,0,0,0
"Panama",2350,"2016",1055,"15-19",0,0,0,0,0,0
"Panama",2350,"2016",1055,"20-24",0,0,0.25,0.3,0,0
"Panama",2350,"2016",1055,"25-29",1,1,1.5,1.8,0,0
"Panama",2350,"2016",1055,"30-34",0,0.5,0.5,0.6,-0.5,0
"Panama",2350,"2016",1055,"35-39",0,1.5,1.25,1.5,-1.5,0
"Panama",2350,"2016",1055,"40-44",2,2,2,2.4,0,0
"Panama",2350,"2016",1055,"45-49",4,4.5,4.5,5.4,-0.5,0
"Panama",2350,"2016",1055,"5-9",0,0,0.25,0.3,0,0
"Panama",2350,"2016",1055,"50-54",6,5.5,5,6,0.5,0
"Panama",2350,"2016",1055,"55-59",9,10,8.75,10.5,-1,0
"Panama",2350,"2016",1055,"60-64",8,9,9.5,11.4,-1,0
"Panama",2350,"2016",1055,"65-69",6,6.5,6.75,8.1,-0.5,0
"Panama",2350,"2016",1055,"70-74",9,8.5,8,9.6,0.5,0
"Panama",2350,"2016",1055,"75-79",14,6.5,8,9.6,7.5,7.5
"Panama",2350,"2016",1055,"80-84",19,18,18.25,21.9,1,0
"Panama",2350,"2016",1055,"85-89",13,16.5,16.5,19.8,-3.5,0
"Panama",2350,"2016",1055,"90-94",31,13.5,17,20.4,17.5,17.5
"Panama",2350,"2016",1055,"95+",24,11,13.75,16.5,13,13
"Panama",2350,"2016",1058,"0-4",35,29,28.5,34.2,6,6
"Panama",2350,"2016",1058,"10-14",6,8.5,8.75,10.5,-2.5,0
"Panama",2350,"2016",1058,"15-19",18,15.5,15,18,2.5,0
"Panama",2350,"2016",1058,"20-24",17,18.5,18,21.6,-1.5,0
"Panama",2350,"2016",1058,"25-29",15,14,14.25,17.1,1,0
"Panama",2350,"2016",1058,"30-34",10,11.5,10.5,12.6,-1.5,0
"Panama",2350,"2016",1058,"35-39",16,10,9.75,11.7,6,6
"Panama",2350,"2016",1058,"40-44",15,10.5,11,13.2,4.5,4.5
"Panama",2350,"2016",1058,"45-49",11,12,11.25,13.5,-1,0
"Panama",2350,"2016",1058,"5-9",12,11.5,10.25,12.3,0.5,0
"Panama",2350,"2016",1058,"50-54",13,16,16.25,19.5,-3,0
"Panama",2350,"2016",1058,"55-59",17,16.5,17,20.4,0.5,0
"Panama",2350,"2016",1058,"60-64",14,14.5,15,18,-0.5,0
"Panama",2350,"2016",1058,"65-69",35,30,30.25,36.3,5,0
"Panama",2350,"2016",1058,"70-74",43,46.5,45.75,54.9,-3.5,0
"Panama",2350,"2016",1058,"75-79",52,62,61.5,73.8,-10,0
"Panama",2350,"2016",1058,"80-84",93,70,74,88.8,23,23
"Panama",2350,"2016",1058,"85-89",108,96.5,97.75,117.3,11.5,0
"Panama",2350,"2016",1058,"90-94",40,60,58.5,70.2,-20,0
"Panama",2350,"2016",1058,"95+",26,28,28.5,34.2,-2,0
"Panama",2350,"2016",1064,"0-4",0,2.5,3.5,4.2,-2.5,0
"Panama",2350,"2016",1064,"10-14",1,4.5,3.75,4.5,-3.5,0
"Panama",2350,"2016",1064,"15-19",6,11,10.5,12.6,-5,0
"Panama",2350,"2016",1064,"20-24",12,15.5,16.25,19.5,-3.5,0
"Panama",2350,"2016",1064,"25-29",19,19.5,18.25,21.9,-0.5,0
"Panama",2350,"2016",1064,"30-34",31,29.5,30.75,36.9,1.5,0
"Panama",2350,"2016",1064,"35-39",43,42,43.5,52.2,1,0
"Panama",2350,"2016",1064,"40-44",74,74.5,74.5,89.4,-0.5,0
"Panama",2350,"2016",1064,"45-49",113,124,125,150,-11,0
"Panama",2350,"2016",1064,"5-9",1,1,2.25,2.7,0,0
"Panama",2350,"2016",1064,"50-54",185,183.5,184,220.8,1.5,0
"Panama",2350,"2016",1064,"55-59",243,240.5,248,297.6,2.5,0
"Panama",2350,"2016",1064,"60-64",311,325,328.25,393.9,-14,0
"Panama",2350,"2016",1064,"65-69",412,426.5,436,523.2,-14.5,0
"Panama",2350,"2016",1064,"70-74",569,558,569.5,683.4,11,0
"Panama",2350,"2016",1064,"75-79",683,684,680.5,816.6,-1,0
"Panama",2350,"2016",1064,"80-84",781,796.5,783,939.6,-15.5,0
"Panama",2350,"2016",1064,"85-89",837,832,835.75,1002.9,5,0
"Panama",2350,"2016",1064,"90-94",674,685.5,671.5,805.8,-11.5,0
"Panama",2350,"2016",1064,"95+",503,511,500.25,600.3,-8,0
"Panama",2350,"2016",1072,"0-4",175,151.5,147.75,177.3,23.5,0
"Panama",2350,"2016",1072,"10-14",7,6,5.25,6.3,1,1
"Panama",2350,"2016",1072,"15-19",12,8.5,8.25,9.9,3.5,3.5
"Panama",2350,"2016",1072,"20-24",11,10.5,10,12,0.5,0
"Panama",2350,"2016",1072,"25-29",14,13.5,12.25,14.7,0.5,0
"Panama",2350,"2016",1072,"30-34",21,11.5,12.25,14.7,9.5,9.5
"Panama",2350,"2016",1072,"35-39",15,14,13.5,16.2,1,0
"Panama",2350,"2016",1072,"40-44",19,19,18.25,21.9,0,0
"Panama",2350,"2016",1072,"45-49",20,20.5,22.25,26.7,-0.5,0
"Panama",2350,"2016",1072,"5-9",7,8,6.75,8.1,-1,0
"Panama",2350,"2016",1072,"50-54",32,30.5,31,37.2,1.5,0
"Panama",2350,"2016",1072,"55-59",58,55.5,52.5,63,2.5,0
"Panama",2350,"2016",1072,"60-64",62,63.5,63,75.6,-1.5,0
"Panama",2350,"2016",1072,"65-69",99,82,82.5,99,17,0
"Panama",2350,"2016",1072,"70-74",122,124.5,121.25,145.5,-2.5,0
"Panama",2350,"2016",1072,"75-79",198,176.5,176.5,211.8,21.5,0
"Panama",2350,"2016",1072,"80-84",225,219.5,216.25,259.5,5.5,0
"Panama",2350,"2016",1072,"85-89",231,247.5,249.5,299.4,-16.5,0
"Panama",2350,"2016",1072,"90-94",215,208.5,209.5,251.4,6.5,0
"Panama",2350,"2016",1072,"95+",141,167.5,165.25,198.3,-26.5,0
"Panama",2350,"2016",1078,"0-4",13,18.5,20.75,24.9,-5.5,0
"Panama",2350,"2016",1078,"10-14",3,5,4.75,5.7,-2,0
"Panama",2350,"2016",1078,"15-19",4,7,7,8.4,-3,0
"Panama",2350,"2016",1078,"20-24",6,6,6,7.2,0,0
"Panama",2350,"2016",1078,"25-29",5,5,5.75,6.9,0,0
"Panama",2350,"2016",1078,"30-34",10,9.5,9.25,11.1,0.5,0
"Panama",2350,"2016",1078,"35-39",13,11,10.75,12.9,2,2
"Panama",2350,"2016",1078,"40-44",18,20.5,21.25,25.5,-2.5,0
"Panama",2350,"2016",1078,"45-49",36,36.5,34.75,41.7,-0.5,0
"Panama",2350,"2016",1078,"5-9",1,2,2,2.4,-1,0
"Panama",2350,"2016",1078,"50-54",47,47.5,48.5,58.2,-0.5,0
"Panama",2350,"2016",1078,"55-59",74,61.5,62.75,75.3,12.5,0
"Panama",2350,"2016",1078,"60-64",84,84,83.75,100.5,0,0
"Panama",2350,"2016",1078,"65-69",85,83,82,98.4,2,0
"Panama",2350,"2016",1078,"70-74",100,102.5,101,121.2,-2.5,0
"Panama",2350,"2016",1078,"75-79",115,103,103.75,124.5,12,0
"Panama",2350,"2016",1078,"80-84",71,94.5,91,109.2,-23.5,0
"Panama",2350,"2016",1078,"85-89",68,77.5,79.75,95.7,-9.5,0
"Panama",2350,"2016",1078,"90-94",45,52.5,52,62.4,-7.5,0
"Panama",2350,"2016",1078,"95+",31,30,31,37.2,1,0
"Panama",2350,"2016",1082,"0-4",3,1,1.25,1.5,2,2
"Panama",2350,"2016",1082,"10-14",0,1,0.75,0.9,-1,0
"Panama",2350,"2016",1082,"15-19",1,0,0.25,0.3,1,1
"Panama",2350,"2016",1082,"20-24",3,1.5,1.5,1.8,1.5,1.5
"Panama",2350,"2016",1082,"25-29",0,0.5,0.75,0.9,-0.5,0
"Panama",2350,"2016",1082,"30-34",1,1,0.75,0.9,0,0
"Panama",2350,"2016",1082,"35-39",1,1,1,1.2,0,0
"Panama",2350,"2016",1082,"40-44",4,1,1.5,1.8,3,3
"Panama",2350,"2016",1082,"45-49",1,2.5,2.25,2.7,-1.5,0
"Panama",2350,"2016",1082,"5-9",0,0,0,0,0,0
"Panama",2350,"2016",1082,"50-54",4,3,3.75,4.5,1,0
"Panama",2350,"2016",1082,"55-59",3,3,4.25,5.1,0,0
"Panama",2350,"2016",1082,"60-64",5,4.5,5.25,6.3,0.5,0
"Panama",2350,"2016",1082,"65-69",12,9,9,10.8,3,3
"Panama",2350,"2016",1082,"70-74",10,10,8.75,10.5,0,0
"Panama",2350,"2016",1082,"75-79",12,12.5,11.5,13.8,-0.5,0
"Panama",2350,"2016",1082,"80-84",12,12.5,15.5,18.6,-0.5,0
"Panama",2350,"2016",1082,"85-89",17,21,21.25,25.5,-4,0
"Panama",2350,"2016",1082,"90-94",17,20,20.25,24.3,-3,0
"Panama",2350,"2016",1082,"95+",21,12.5,12.25,14.7,8.5,8.5
"Panama",2350,"2016",1083,"0-4",0,0,0.25,0.3,0,0
"Panama",2350,"2016",1083,"10-14",0,1.5,1.5,1.8,-1.5,0
"Panama",2350,"2016",1083,"15-19",3,2.5,2.25,2.7,0.5,0.5
"Panama",2350,"2016",1083,"20-24",2,2,1.75,2.1,0,0
"Panama",2350,"2016",1083,"25-29",2,4.5,4,4.8,-2.5,0
"Panama",2350,"2016",1083,"30-34",2,2,2.5,3,0,0
"Panama",2350,"2016",1083,"35-39",3,3,3.5,4.2,0,0
"Panama",2350,"2016",1083,"40-44",5,4.5,4,4.8,0.5,0.5
"Panama",2350,"2016",1083,"45-49",5,4.5,4.5,5.4,0.5,0
"Panama",2350,"2016",1083,"5-9",0,0,0.25,0.3,0,0
"Panama",2350,"2016",1083,"50-54",4,5,5.25,6.3,-1,0
"Panama",2350,"2016",1083,"55-59",2,3.5,3.75,4.5,-1.5,0
"Panama",2350,"2016",1083,"60-64",4,5,5.25,6.3,-1,0
"Panama",2350,"2016",1083,"65-69",7,6.5,7,8.4,0.5,0
"Panama",2350,"2016",1083,"70-74",5,6,6.75,8.1,-1,0
"Panama",2350,"2016",1083,"75-79",13,9,9.25,11.1,4,4
"Panama",2350,"2016",1083,"80-84",11,12,11.5,13.8,-1,0
"Panama",2350,"2016",1083,"85-89",19,10.5,11,13.2,8.5,8.5
"Panama",2350,"2016",1083,"90-94",15,8.5,9,10.8,6.5,6.5
"Panama",2350,"2016",1083,"95+",5,8,9.75,11.7,-3,0
"Panama",2350,"2016",1084,"0-4",14,7.5,8.75,10.5,6.5,6.5
"Panama",2350,"2016",1084,"10-14",2,1.5,1.5,1.8,0.5,0.5
"Panama",2350,"2016",1084,"15-19",0,2,1.75,2.1,-2,0
"Panama",2350,"2016",1084,"20-24",5,5,4.75,5.7,0,0
"Panama",2350,"2016",1084,"25-29",6,5.5,5.25,6.3,0.5,0
"Panama",2350,"2016",1084,"30-34",7,6,6.5,7.8,1,0
"Panama",2350,"2016",1084,"35-39",10,11,11.25,13.5,-1,0
"Panama",2350,"2016",1084,"40-44",23,18.5,19.5,23.4,4.5,0
"Panama",2350,"2016",1084,"45-49",23,24,24,28.8,-1,0
"Panama",2350,"2016",1084,"5-9",0,0.5,0.75,0.9,-0.5,0
"Panama",2350,"2016",1084,"50-54",27,29.5,32,38.4,-2.5,0
"Panama",2350,"2016",1084,"55-59",36,43.5,43.75,52.5,-7.5,0
"Panama",2350,"2016",1084,"60-64",55,57,56.25,67.5,-2,0
"Panama",2350,"2016",1084,"65-69",74,77.5,73.75,88.5,-3.5,0
"Panama",2350,"2016",1084,"70-74",85,89.5,87.25,104.7,-4.5,0
"Panama",2350,"2016",1084,"75-79",73,91,96.5,115.8,-18,0
"Panama",2350,"2016",1084,"80-84",91,106.5,105,126,-15.5,0
"Panama",2350,"2016",1084,"85-89",106,107.5,107,128.4,-1.5,0
"Panama",2350,"2016",1084,"90-94",73,77,75.5,90.6,-4,0
"Panama",2350,"2016",1084,"95+",42,42.5,40.5,48.6,-0.5,0
"Panama",2350,"2016",1087,"0-4",0,0,0,0,0,0
"Panama",2350,"2016",1087,"10-14",0,0,0,0,0,0
"Panama",2350,"2016",1087,"15-19",8,6.5,6.25,7.5,1.5,1.5
"Panama",2350,"2016",1087,"20-24",6,6.5,6.75,8.1,-0.5,0
"Panama",2350,"2016",1087,"25-29",8,7.5,7.75,9.3,0.5,0
"Panama",2350,"2016",1087,"30-34",6,5,5,6,1,0
"Panama",2350,"2016",1087,"35-39",3,5.5,5.25,6.3,-2.5,0
"Panama",2350,"2016",1087,"40-44",5,3,3.25,3.9,2,2
"Panama",2350,"2016",1087,"45-49",1,0.5,0.5,0.6,0.5,0.5
"Panama",2350,"2016",1087,"5-9",0,0,0,0,0,0
"Panama",2350,"2016",1087,"50-54",0,0,0,0,0,0
"Panama",2350,"2016",1087,"55-59",0,0,0,0,0,0
"Panama",2350,"2016",1087,"60-64",0,0,0,0,0,0
"Panama",2350,"2016",1087,"65-69",0,0,0,0,0,0
"Panama",2350,"2016",1087,"70-74",0,0,0,0,0,0
"Panama",2350,"2016",1087,"75-79",0,0,0,0,0,0
"Panama",2350,"2016",1087,"80-84",0,0,0,0,0,0
"Panama",2350,"2016",1087,"85-89",0,0,0,0,0,0
"Panama",2350,"2016",1087,"90-94",0,0,0,0,0,0
"Panama",2350,"2016",1087,"95+",0,0,0,0,0,0
"Panama",2350,"2016",1092,"0-4",418,435.5,444.25,533.1,-17.5,0
"Panama",2350,"2016",1092,"10-14",0,0,0,0,0,0
"Panama",2350,"2016",1092,"15-19",0,0,0,0,0,0
"Panama",2350,"2016",1092,"20-24",0,0,0,0,0,0
"Panama",2350,"2016",1092,"25-29",0,0,0,0,0,0
"Panama",2350,"2016",1092,"30-34",0,0,0,0,0,0
"Panama",2350,"2016",1092,"35-39",0,0,0,0,0,0
"Panama",2350,"2016",1092,"40-44",0,0,0,0,0,0
"Panama",2350,"2016",1092,"45-49",0,0,0,0,0,0
"Panama",2350,"2016",1092,"5-9",0,0,0,0,0,0
"Panama",2350,"2016",1092,"50-54",0,0,0,0,0,0
"Panama",2350,"2016",1092,"55-59",0,0,0,0,0,0
"Panama",2350,"2016",1092,"60-64",0,0,0,0,0,0
"Panama",2350,"2016",1092,"65-69",0,0,0,0,0,0
"Panama",2350,"2016",1092,"70-74",0,0,0,0,0,0
"Panama",2350,"2016",1092,"75-79",0,0,0,0,0,0
"Panama",2350,"2016",1092,"80-84",0,0,0,0,0,0
"Panama",2350,"2016",1092,"85-89",0,0,0,0,0,0
"Panama",2350,"2016",1092,"90-94",0,0,0,0,0,0
"Panama",2350,"2016",1092,"95+",0,0,0,0,0,0
"Panama",2350,"2016",1093,"0-4",345,332,330.5,396.6,13,0
"Panama",2350,"2016",1093,"10-14",11,8,7.5,9,3,3
"Panama",2350,"2016",1093,"15-19",7,6.5,6,7.2,0.5,0
"Panama",2350,"2016",1093,"20-24",7,2.5,3.25,3.9,4.5,4.5
"Panama",2350,"2016",1093,"25-29",5,4.5,4.5,5.4,0.5,0
"Panama",2350,"2016",1093,"30-34",1,2,2.25,2.7,-1,0
"Panama",2350,"2016",1093,"35-39",1,1,1.5,1.8,0,0
"Panama",2350,"2016",1093,"40-44",0,0,0.5,0.6,0,0
"Panama",2350,"2016",1093,"45-49",0,0,0,0,0,0
"Panama",2350,"2016",1093,"5-9",7,8.5,9.5,11.4,-1.5,0
"Panama",2350,"2016",1093,"50-54",0,0,0,0,0,0
"Panama",2350,"2016",1093,"55-59",0,0,0,0,0,0
"Panama",2350,"2016",1093,"60-64",0,0,0,0,0,0
"Panama",2350,"2016",1093,"65-69",0,0,0,0,0,0
"Panama",2350,"2016",1093,"70-74",0,0,0,0,0,0
"Panama",2350,"2016",1093,"75-79",0,0,0,0,0,0
"Panama",2350,"2016",1093,"80-84",0,0,0,0,0,0
"Panama",2350,"2016",1093,"85-89",0,0,0,0,0,0
"Panama",2350,"2016",1093,"90-94",0,0,0,0,0,0
"Panama",2350,"2016",1093,"95+",0,0,0,0,0,0
"Panama",2350,"2016",1094,"0-4",71,93,88.25,105.9,-22,0
"Panama",2350,"2016",1094,"10-14",7,7.5,7.5,9,-0.5,0
"Panama",2350,"2016",1094,"15-19",15,13,12.75,15.3,2,0
"Panama",2350,"2016",1094,"20-24",9,15,16.5,19.8,-6,0
"Panama",2350,"2016",1094,"25-29",21,22,22.5,27,-1,0
"Panama",2350,"2016",1094,"30-34",19,19,18.75,22.5,0,0
"Panama",2350,"2016",1094,"35-39",22,18.5,19,22.8,3.5,0
"Panama",2350,"2016",1094,"40-44",24,23.5,23.5,28.2,0.5,0
"Panama",2350,"2016",1094,"45-49",19,23,22.75,27.3,-4,0
"Panama",2350,"2016",1094,"5-9",7,9.5,8.75,10.5,-2.5,0
"Panama",2350,"2016",1094,"50-54",21,23,24.25,29.1,-2,0
"Panama",2350,"2016",1094,"55-59",19,30,27.75,33.3,-11,0
"Panama",2350,"2016",1094,"60-64",26,30.5,30.75,36.9,-4.5,0
"Panama",2350,"2016",1094,"65-69",43,41.5,40,48,1.5,0
"Panama",2350,"2016",1094,"70-74",45,47.5,46.25,55.5,-2.5,0
"Panama",2350,"2016",1094,"75-79",58,58,58.75,70.5,0,0
"Panama",2350,"2016",1094,"80-84",68,67,70,84,1,0
"Panama",2350,"2016",1094,"85-89",70,73,74.25,89.1,-3,0
"Panama",2350,"2016",1094,"90-94",61,65,65.25,78.3,-4,0
"Panama",2350,"2016",1094,"95+",66,64.5,65.5,78.6,1.5,0
"Panama",2350,"2016",1096,"0-4",9,8.5,9.75,11.7,0.5,0
"Panama",2350,"2016",1096,"10-14",17,9.5,10.75,12.9,7.5,7.5
"Panama",2350,"2016",1096,"15-19",29,29,28,33.6,0,0
"Panama",2350,"2016",1096,"20-24",53,41.5,42.75,51.3,11.5,11.5
"Panama",2350,"2016",1096,"25-29",43,46,50.5,60.6,-3,0
"Panama",2350,"2016",1096,"30-34",46,46,47.75,57.3,0,0
"Panama",2350,"2016",1096,"35-39",30,31,32.5,39,-1,0
"Panama",2350,"2016",1096,"40-44",45,31.5,34.25,41.1,13.5,13.5
"Panama",2350,"2016",1096,"45-49",37,37,35,42,0,0
"Panama",2350,"2016",1096,"5-9",8,7,7.75,9.3,1,0
"Panama",2350,"2016",1096,"50-54",25,30.5,29.75,35.7,-5.5,0
"Panama",2350,"2016",1096,"55-59",31,29,30,36,2,0
"Panama",2350,"2016",1096,"60-64",29,25.5,24.5,29.4,3.5,0
"Panama",2350,"2016",1096,"65-69",26,23,22.75,27.3,3,0
"Panama",2350,"2016",1096,"70-74",14,16.5,17,20.4,-2.5,0
"Panama",2350,"2016",1096,"75-79",14,14,14.25,17.1,0,0
"Panama",2350,"2016",1096,"80-84",12,9,8.5,10.2,3,3
"Panama",2350,"2016",1096,"85-89",6,6,6.5,7.8,0,0
"Panama",2350,"2016",1096,"90-94",0,1,2,2.4,-1,0
"Panama",2350,"2016",1096,"95+",0,0,0.25,0.3,0,0
"Panama",2350,"2016",1102,"0-4",5,3,3.25,3.9,2,2
"Panama",2350,"2016",1102,"10-14",3,4.5,4.5,5.4,-1.5,0
"Panama",2350,"2016",1102,"15-19",57,54,56,67.2,3,0
"Panama",2350,"2016",1102,"20-24",70,78.5,79.75,95.7,-8.5,0
"Panama",2350,"2016",1102,"25-29",72,79,77.5,93,-7,0
"Panama",2350,"2016",1102,"30-34",60,59,57.25,68.7,1,0
"Panama",2350,"2016",1102,"35-39",39,41,42,50.4,-2,0
"Panama",2350,"2016",1102,"40-44",27,35,33.5,40.2,-8,0
"Panama",2350,"2016",1102,"45-49",28,27,27,32.4,1,0
"Panama",2350,"2016",1102,"5-9",1,1.5,1.75,2.1,-0.5,0
"Panama",2350,"2016",1102,"50-54",15,15.5,15,18,-0.5,0
"Panama",2350,"2016",1102,"55-59",7,11.5,11.75,14.1,-4.5,0
"Panama",2350,"2016",1102,"60-64",13,11,11,13.2,2,0
"Panama",2350,"2016",1102,"65-69",7,6.5,6.5,7.8,0.5,0
"Panama",2350,"2016",1102,"70-74",4,3.5,3.5,4.2,0.5,0
"Panama",2350,"2016",1102,"75-79",3,3,2.5,3,0,0
"Panama",2350,"2016",1102,"80-84",0,1,1.25,1.5,-1,0
"Panama",2350,"2016",1102,"85-89",3,1,1.25,1.5,2,2
"Panama",2350,"2016",1102,"90-94",0,0,0.5,0.6,0,0
"Panama",2350,"2016",1102,"95+",0,0,0,0,0,0
"Panama",2350,"2017",1001,"0-4",145,127.5,121.25,145.5,17.5,0
"Panama",2350,"2017",1001,"10-14",8,7,6.75,8.1,1,0
"Panama",2350,"2017",1001,"15-19",21,24.5,24.75,29.7,-3.5,0
"Panama",2350,"2017",1001,"20-24",76,73.5,71.5,85.8,2.5,0
"Panama",2350,"2017",1001,"25-29",108,106,103,123.6,2,0
"Panama",2350,"2017",1001,"30-34",75,86.5,87.5,105,-11.5,0
"Panama",2350,"2017",1001,"35-39",75,85,85.5,102.6,-10,0
"Panama",2350,"2017",1001,"40-44",75,76,78,93.6,-1,0
"Panama",2350,"2017",1001,"45-49",92,90,88,105.6,2,0
"Panama",2350,"2017",1001,"5-9",14,9,9.75,11.7,5,5
"Panama",2350,"2017",1001,"50-54",72,74.5,75,90,-2.5,0
"Panama",2350,"2017",1001,"55-59",71,70.5,69,82.8,0.5,0
"Panama",2350,"2017",1001,"60-64",59,57,56,67.2,2,0
"Panama",2350,"2017",1001,"65-69",55,48.5,48.75,58.5,6.5,0
"Panama",2350,"2017",1001,"70-74",75,51,54.75,65.7,24,24
"Panama",2350,"2017",1001,"75-79",48,44,44,52.8,4,0
"Panama",2350,"2017",1001,"80-84",50,49.5,47.75,57.3,0.5,0
"Panama",2350,"2017",1001,"85-89",55,41.5,42.25,50.7,13.5,13.5
"Panama",2350,"2017",1001,"90-94",34,23.5,24.25,29.1,10.5,10.5
"Panama",2350,"2017",1001,"95+",17,16,14.75,17.7,1,0
"Panama",2350,"2017",1026,"0-4",8,14,14.75,17.7,-6,0
"Panama",2350,"2017",1026,"10-14",15,19.5,18.5,22.2,-4.5,0
"Panama",2350,"2017",1026,"15-19",29,29,27,32.4,0,0
"Panama",2350,"2017",1026,"20-24",28,28,26,31.2,0,0
"Panama",2350,"2017",1026,"25-29",32,32.5,31.25,37.5,-0.5,0
"Panama",2350,"2017",1026,"30-34",56,47.5,49,58.8,8.5,0
"Panama",2350,"2017",1026,"35-39",78,64,65.75,78.9,14,0
"Panama",2350,"2017",1026,"40-44",97,97,95.75,114.9,0,0
"Panama",2350,"2017",1026,"45-49",172,143,149.75,179.7,29,0
"Panama",2350,"2017",1026,"5-9",9,15,14.75,17.7,-6,0
"Panama",2350,"2017",1026,"50-54",193,198,199,238.8,-5,0
"Panama",2350,"2017",1026,"55-59",270,259.5,258.25,309.9,10.5,0
"Panama",2350,"2017",1026,"60-64",304,302,296.25,355.5,2,0
"Panama",2350,"2017",1026,"65-69",388,375.5,378.25,453.9,12.5,0
"Panama",2350,"2017",1026,"70-74",424,429,424,508.8,-5,0
"Panama",2350,"2017",1026,"75-79",413,403,410.75,492.9,10,0
"Panama",2350,"2017",1026,"80-84",364,357.5,356.5,427.8,6.5,0
"Panama",2350,"2017",1026,"85-89",278,275,272.5,327,3,0
"Panama",2350,"2017",1026,"90-94",131,139,139.75,167.7,-8,0
"Panama",2350,"2017",1026,"95+",53,62,60.25,72.3,-9,0
"Panama",2350,"2017",1048,"0-4",20,10,11.5,13.8,10,10
"Panama",2350,"2017",1048,"10-14",0,4,3.5,4.2,-4,0
"Panama",2350,"2017",1048,"15-19",1,3,2.5,3,-2,0
"Panama",2350,"2017",1048,"20-24",4,5.5,5,6,-1.5,0
"Panama",2350,"2017",1048,"25-29",7,6,6,7.2,1,0
"Panama",2350,"2017",1048,"30-34",4,4.5,5.25,6.3,-0.5,0
"Panama",2350,"2017",1048,"35-39",7,5.5,5.25,6.3,1.5,1.5
"Panama",2350,"2017",1048,"40-44",8,5,5.25,6.3,3,3
"Panama",2350,"2017",1048,"45-49",3,3,5.5,6.6,0,0
"Panama",2350,"2017",1048,"5-9",2,2,1.75,2.1,0,0
"Panama",2350,"2017",1048,"50-54",4,5,5,6,-1,0
"Panama",2350,"2017",1048,"55-59",7,6.5,7.25,8.7,0.5,0
"Panama",2350,"2017",1048,"60-64",5,9,8.5,10.2,-4,0
"Panama",2350,"2017",1048,"65-69",10,8,8,9.6,2,2
"Panama",2350,"2017",1048,"70-74",5,7.5,8.75,10.5,-2.5,0
"Panama",2350,"2017",1048,"75-79",7,10.5,10.75,12.9,-3.5,0
"Panama",2350,"2017",1048,"80-84",17,12,12.25,14.7,5,5
"Panama",2350,"2017",1048,"85-89",18,11,12.25,14.7,7,7
"Panama",2350,"2017",1048,"90-94",8,8.5,9.25,11.1,-0.5,0
"Panama",2350,"2017",1048,"95+",3,7.5,6.75,8.1,-4.5,0
"Panama",2350,"2017",1051,"0-4",34,50,46.5,55.8,-16,0
"Panama",2350,"2017",1051,"10-14",4,2,2.25,2.7,2,2
"Panama",2350,"2017",1051,"15-19",4,4,3.5,4.2,0,0
"Panama",2350,"2017",1051,"20-24",6,4,4.25,5.1,2,2
"Panama",2350,"2017",1051,"25-29",2,5,5,6,-3,0
"Panama",2350,"2017",1051,"30-34",5,7,7.25,8.7,-2,0
"Panama",2350,"2017",1051,"35-39",12,12,13.5,16.2,0,0
"Panama",2350,"2017",1051,"40-44",20,23.5,23.75,28.5,-3.5,0
"Panama",2350,"2017",1051,"45-49",43,44.5,40.5,48.6,-1.5,0
"Panama",2350,"2017",1051,"5-9",2,2,2.75,3.3,0,0
"Panama",2350,"2017",1051,"50-54",63,64,67.75,81.3,-1,0
"Panama",2350,"2017",1051,"55-59",98,100.5,101.25,121.5,-2.5,0
"Panama",2350,"2017",1051,"60-64",131,142,148.75,178.5,-11,0
"Panama",2350,"2017",1051,"65-69",186,181,173.75,208.5,5,0
"Panama",2350,"2017",1051,"70-74",192,184.5,184.5,221.4,7.5,0
"Panama",2350,"2017",1051,"75-79",218,215,210.25,252.3,3,0
"Panama",2350,"2017",1051,"80-84",223,210.5,206.5,247.8,12.5,0
"Panama",2350,"2017",1051,"85-89",161,166,165.75,198.9,-5,0
"Panama",2350,"2017",1051,"90-94",106,109,109,130.8,-3,0
"Panama",2350,"2017",1051,"95+",53,65.5,64,76.8,-12.5,0
"Panama",2350,"2017",1055,"0-4",0,0,0,0,0,0
"Panama",2350,"2017",1055,"10-14",0,0,0,0,0,0
"Panama",2350,"2017",1055,"15-19",0,0,0,0,0,0
"Panama",2350,"2017",1055,"20-24",0,0,0.25,0.3,0,0
"Panama",2350,"2017",1055,"25-29",1,1,1.5,1.8,0,0
"Panama",2350,"2017",1055,"30-34",0,0.5,0.5,0.6,-0.5,0
"Panama",2350,"2017",1055,"35-39",2,1.5,1.25,1.5,0.5,0.5
"Panama",2350,"2017",1055,"40-44",0,2,2,2.4,-2,0
"Panama",2350,"2017",1055,"45-49",5,4.5,4.5,5.4,0.5,0
"Panama",2350,"2017",1055,"5-9",0,0,0.25,0.3,0,0
"Panama",2350,"2017",1055,"50-54",7,5.5,5,6,1.5,1.5
"Panama",2350,"2017",1055,"55-59",11,10,8.75,10.5,1,1
"Panama",2350,"2017",1055,"60-64",9,9,9.5,11.4,0,0
"Panama",2350,"2017",1055,"65-69",7,6.5,6.75,8.1,0.5,0
"Panama",2350,"2017",1055,"70-74",9,8.5,8,9.6,0.5,0
"Panama",2350,"2017",1055,"75-79",7,6.5,8,9.6,0.5,0
"Panama",2350,"2017",1055,"80-84",16,18,18.25,21.9,-2,0
"Panama",2350,"2017",1055,"85-89",20,16.5,16.5,19.8,3.5,3.5
"Panama",2350,"2017",1055,"90-94",15,13.5,17,20.4,1.5,0
"Panama",2350,"2017",1055,"95+",9,11,13.75,16.5,-2,0
"Panama",2350,"2017",1058,"0-4",32,29,28.5,34.2,3,0
"Panama",2350,"2017",1058,"10-14",9,8.5,8.75,10.5,0.5,0
"Panama",2350,"2017",1058,"15-19",11,15.5,15,18,-4.5,0
"Panama",2350,"2017",1058,"20-24",20,18.5,18,21.6,1.5,0
"Panama",2350,"2017",1058,"25-29",11,14,14.25,17.1,-3,0
"Panama",2350,"2017",1058,"30-34",13,11.5,10.5,12.6,1.5,1.5
"Panama",2350,"2017",1058,"35-39",10,10,9.75,11.7,0,0
"Panama",2350,"2017",1058,"40-44",9,10.5,11,13.2,-1.5,0
"Panama",2350,"2017",1058,"45-49",13,12,11.25,13.5,1,0
"Panama",2350,"2017",1058,"5-9",12,11.5,10.25,12.3,0.5,0
"Panama",2350,"2017",1058,"50-54",16,16,16.25,19.5,0,0
"Panama",2350,"2017",1058,"55-59",19,16.5,17,20.4,2.5,0
"Panama",2350,"2017",1058,"60-64",22,14.5,15,18,7.5,7.5
"Panama",2350,"2017",1058,"65-69",28,30,30.25,36.3,-2,0
"Panama",2350,"2017",1058,"70-74",47,46.5,45.75,54.9,0.5,0
"Panama",2350,"2017",1058,"75-79",59,62,61.5,73.8,-3,0
"Panama",2350,"2017",1058,"80-84",73,70,74,88.8,3,0
"Panama",2350,"2017",1058,"85-89",91,96.5,97.75,117.3,-5.5,0
"Panama",2350,"2017",1058,"90-94",62,60,58.5,70.2,2,0
"Panama",2350,"2017",1058,"95+",32,28,28.5,34.2,4,0
"Panama",2350,"2017",1064,"0-4",0,2.5,3.5,4.2,-2.5,0
"Panama",2350,"2017",1064,"10-14",5,4.5,3.75,4.5,0.5,0.5
"Panama",2350,"2017",1064,"15-19",14,11,10.5,12.6,3,3
"Panama",2350,"2017",1064,"20-24",19,15.5,16.25,19.5,3.5,0
"Panama",2350,"2017",1064,"25-29",20,19.5,18.25,21.9,0.5,0
"Panama",2350,"2017",1064,"30-34",28,29.5,30.75,36.9,-1.5,0
"Panama",2350,"2017",1064,"35-39",41,42,43.5,52.2,-1,0
"Panama",2350,"2017",1064,"40-44",75,74.5,74.5,89.4,0.5,0
"Panama",2350,"2017",1064,"45-49",139,124,125,150,15,0
"Panama",2350,"2017",1064,"5-9",1,1,2.25,2.7,0,0
"Panama",2350,"2017",1064,"50-54",196,183.5,184,220.8,12.5,0
"Panama",2350,"2017",1064,"55-59",238,240.5,248,297.6,-2.5,0
"Panama",2350,"2017",1064,"60-64",331,325,328.25,393.9,6,0
"Panama",2350,"2017",1064,"65-69",441,426.5,436,523.2,14.5,0
"Panama",2350,"2017",1064,"70-74",547,558,569.5,683.4,-11,0
"Panama",2350,"2017",1064,"75-79",685,684,680.5,816.6,1,0
"Panama",2350,"2017",1064,"80-84",812,796.5,783,939.6,15.5,0
"Panama",2350,"2017",1064,"85-89",827,832,835.75,1002.9,-5,0
"Panama",2350,"2017",1064,"90-94",697,685.5,671.5,805.8,11.5,0
"Panama",2350,"2017",1064,"95+",519,511,500.25,600.3,8,0
"Panama",2350,"2017",1072,"0-4",152,151.5,147.75,177.3,0.5,0
"Panama",2350,"2017",1072,"10-14",9,6,5.25,6.3,3,3
"Panama",2350,"2017",1072,"15-19",7,8.5,8.25,9.9,-1.5,0
"Panama",2350,"2017",1072,"20-24",6,10.5,10,12,-4.5,0
"Panama",2350,"2017",1072,"25-29",13,13.5,12.25,14.7,-0.5,0
"Panama",2350,"2017",1072,"30-34",7,11.5,12.25,14.7,-4.5,0
"Panama",2350,"2017",1072,"35-39",11,14,13.5,16.2,-3,0
"Panama",2350,"2017",1072,"40-44",15,19,18.25,21.9,-4,0
"Panama",2350,"2017",1072,"45-49",21,20.5,22.25,26.7,0.5,0
"Panama",2350,"2017",1072,"5-9",11,8,6.75,8.1,3,3
"Panama",2350,"2017",1072,"50-54",40,30.5,31,37.2,9.5,9.5
"Panama",2350,"2017",1072,"55-59",53,55.5,52.5,63,-2.5,0
"Panama",2350,"2017",1072,"60-64",75,63.5,63,75.6,11.5,0
"Panama",2350,"2017",1072,"65-69",67,82,82.5,99,-15,0
"Panama",2350,"2017",1072,"70-74",132,124.5,121.25,145.5,7.5,0
"Panama",2350,"2017",1072,"75-79",186,176.5,176.5,211.8,9.5,0
"Panama",2350,"2017",1072,"80-84",200,219.5,216.25,259.5,-19.5,0
"Panama",2350,"2017",1072,"85-89",275,247.5,249.5,299.4,27.5,0
"Panama",2350,"2017",1072,"90-94",206,208.5,209.5,251.4,-2.5,0
"Panama",2350,"2017",1072,"95+",185,167.5,165.25,198.3,17.5,0
"Panama",2350,"2017",1078,"0-4",13,18.5,20.75,24.9,-5.5,0
"Panama",2350,"2017",1078,"10-14",5,5,4.75,5.7,0,0
"Panama",2350,"2017",1078,"15-19",7,7,7,8.4,0,0
"Panama",2350,"2017",1078,"20-24",6,6,6,7.2,0,0
"Panama",2350,"2017",1078,"25-29",4,5,5.75,6.9,-1,0
"Panama",2350,"2017",1078,"30-34",9,9.5,9.25,11.1,-0.5,0
"Panama",2350,"2017",1078,"35-39",12,11,10.75,12.9,1,0
"Panama",2350,"2017",1078,"40-44",17,20.5,21.25,25.5,-3.5,0
"Panama",2350,"2017",1078,"45-49",37,36.5,34.75,41.7,0.5,0
"Panama",2350,"2017",1078,"5-9",1,2,2,2.4,-1,0
"Panama",2350,"2017",1078,"50-54",48,47.5,48.5,58.2,0.5,0
"Panama",2350,"2017",1078,"55-59",61,61.5,62.75,75.3,-0.5,0
"Panama",2350,"2017",1078,"60-64",84,84,83.75,100.5,0,0
"Panama",2350,"2017",1078,"65-69",87,83,82,98.4,4,0
"Panama",2350,"2017",1078,"70-74",113,102.5,101,121.2,10.5,0
"Panama",2350,"2017",1078,"75-79",101,103,103.75,124.5,-2,0
"Panama",2350,"2017",1078,"80-84",99,94.5,91,109.2,4.5,0
"Panama",2350,"2017",1078,"85-89",99,77.5,79.75,95.7,21.5,21.5
"Panama",2350,"2017",1078,"90-94",58,52.5,52,62.4,5.5,0
"Panama",2350,"2017",1078,"95+",27,30,31,37.2,-3,0
"Panama",2350,"2017",1082,"0-4",0,1,1.25,1.5,-1,0
"Panama",2350,"2017",1082,"10-14",1,1,0.75,0.9,0,0
"Panama",2350,"2017",1082,"15-19",0,0,0.25,0.3,0,0
"Panama",2350,"2017",1082,"20-24",0,1.5,1.5,1.8,-1.5,0
"Panama",2350,"2017",1082,"25-29",1,0.5,0.75,0.9,0.5,0.5
"Panama",2350,"2017",1082,"30-34",0,1,0.75,0.9,-1,0
"Panama",2350,"2017",1082,"35-39",0,1,1,1.2,-1,0
"Panama",2350,"2017",1082,"40-44",0,1,1.5,1.8,-1,0
"Panama",2350,"2017",1082,"45-49",3,2.5,2.25,2.7,0.5,0.5
"Panama",2350,"2017",1082,"5-9",0,0,0,0,0,0
"Panama",2350,"2017",1082,"50-54",7,3,3.75,4.5,4,4
"Panama",2350,"2017",1082,"55-59",3,3,4.25,5.1,0,0
"Panama",2350,"2017",1082,"60-64",3,4.5,5.25,6.3,-1.5,0
"Panama",2350,"2017",1082,"65-69",15,9,9,10.8,6,6
"Panama",2350,"2017",1082,"70-74",10,10,8.75,10.5,0,0
"Panama",2350,"2017",1082,"75-79",15,12.5,11.5,13.8,2.5,2.5
"Panama",2350,"2017",1082,"80-84",12,12.5,15.5,18.6,-0.5,0
"Panama",2350,"2017",1082,"85-89",24,21,21.25,25.5,3,0
"Panama",2350,"2017",1082,"90-94",24,20,20.25,24.3,4,0
"Panama",2350,"2017",1082,"95+",12,12.5,12.25,14.7,-0.5,0
"Panama",2350,"2017",1083,"0-4",0,0,0.25,0.3,0,0
"Panama",2350,"2017",1083,"10-14",1,1.5,1.5,1.8,-0.5,0
"Panama",2350,"2017",1083,"15-19",1,2.5,2.25,2.7,-1.5,0
"Panama",2350,"2017",1083,"20-24",3,2,1.75,2.1,1,1
"Panama",2350,"2017",1083,"25-29",5,4.5,4,4.8,0.5,0.5
"Panama",2350,"2017",1083,"30-34",1,2,2.5,3,-1,0
"Panama",2350,"2017",1083,"35-39",3,3,3.5,4.2,0,0
"Panama",2350,"2017",1083,"40-44",4,4.5,4,4.8,-0.5,0
"Panama",2350,"2017",1083,"45-49",4,4.5,4.5,5.4,-0.5,0
"Panama",2350,"2017",1083,"5-9",0,0,0.25,0.3,0,0
"Panama",2350,"2017",1083,"50-54",5,5,5.25,6.3,0,0
"Panama",2350,"2017",1083,"55-59",5,3.5,3.75,4.5,1.5,1.5
"Panama",2350,"2017",1083,"60-64",10,5,5.25,6.3,5,5
"Panama",2350,"2017",1083,"65-69",9,6.5,7,8.4,2.5,2.5
"Panama",2350,"2017",1083,"70-74",7,6,6.75,8.1,1,0
"Panama",2350,"2017",1083,"75-79",6,9,9.25,11.1,-3,0
"Panama",2350,"2017",1083,"80-84",13,12,11.5,13.8,1,0
"Panama",2350,"2017",1083,"85-89",11,10.5,11,13.2,0.5,0
"Panama",2350,"2017",1083,"90-94",9,8.5,9,10.8,0.5,0
"Panama",2350,"2017",1083,"95+",9,8,9.75,11.7,1,0
"Panama",2350,"2017",1084,"0-4",7,7.5,8.75,10.5,-0.5,0
"Panama",2350,"2017",1084,"10-14",1,1.5,1.5,1.8,-0.5,0
"Panama",2350,"2017",1084,"15-19",1,2,1.75,2.1,-1,0
"Panama",2350,"2017",1084,"20-24",3,5,4.75,5.7,-2,0
"Panama",2350,"2017",1084,"25-29",6,5.5,5.25,6.3,0.5,0
"Panama",2350,"2017",1084,"30-34",9,6,6.5,7.8,3,3
"Panama",2350,"2017",1084,"35-39",12,11,11.25,13.5,1,0
"Panama",2350,"2017",1084,"40-44",18,18.5,19.5,23.4,-0.5,0
"Panama",2350,"2017",1084,"45-49",29,24,24,28.8,5,5
"Panama",2350,"2017",1084,"5-9",1,0.5,0.75,0.9,0.5,0.5
"Panama",2350,"2017",1084,"50-54",42,29.5,32,38.4,12.5,12.5
"Panama",2350,"2017",1084,"55-59",51,43.5,43.75,52.5,7.5,0
"Panama",2350,"2017",1084,"60-64",59,57,56.25,67.5,2,0
"Panama",2350,"2017",1084,"65-69",81,77.5,73.75,88.5,3.5,0
"Panama",2350,"2017",1084,"70-74",104,89.5,87.25,104.7,14.5,0
"Panama",2350,"2017",1084,"75-79",131,91,96.5,115.8,40,40
"Panama",2350,"2017",1084,"80-84",116,106.5,105,126,9.5,0
"Panama",2350,"2017",1084,"85-89",133,107.5,107,128.4,25.5,25.5
"Panama",2350,"2017",1084,"90-94",82,77,75.5,90.6,5,0
"Panama",2350,"2017",1084,"95+",43,42.5,40.5,48.6,0.5,0
"Panama",2350,"2017",1087,"0-4",0,0,0,0,0,0
"Panama",2350,"2017",1087,"10-14",0,0,0,0,0,0
"Panama",2350,"2017",1087,"15-19",5,6.5,6.25,7.5,-1.5,0
"Panama",2350,"2017",1087,"20-24",7,6.5,6.75,8.1,0.5,0
"Panama",2350,"2017",1087,"25-29",5,7.5,7.75,9.3,-2.5,0
"Panama",2350,"2017",1087,"30-34",4,5,5,6,-1,0
"Panama",2350,"2017",1087,"35-39",4,5.5,5.25,6.3,-1.5,0
"Panama",2350,"2017",1087,"40-44",2,3,3.25,3.9,-1,0
"Panama",2350,"2017",1087,"45-49",0,0.5,0.5,0.6,-0.5,0
"Panama",2350,"2017",1087,"5-9",0,0,0,0,0,0
"Panama",2350,"2017",1087,"50-54",0,0,0,0,0,0
"Panama",2350,"2017",1087,"55-59",0,0,0,0,0,0
"Panama",2350,"2017",1087,"60-64",0,0,0,0,0,0
"Panama",2350,"2017",1087,"65-69",0,0,0,0,0,0
"Panama",2350,"2017",1087,"70-74",0,0,0,0,0,0
"Panama",2350,"2017",1087,"75-79",0,0,0,0,0,0
"Panama",2350,"2017",1087,"80-84",0,0,0,0,0,0
"Panama",2350,"2017",1087,"85-89",0,0,0,0,0,0
"Panama",2350,"2017",1087,"90-94",0,0,0,0,0,0
"Panama",2350,"2017",1087,"95+",0,0,0,0,0,0
"Panama",2350,"2017",1092,"0-4",453,435.5,444.25,533.1,17.5,0
"Panama",2350,"2017",1092,"10-14",0,0,0,0,0,0
"Panama",2350,"2017",1092,"15-19",0,0,0,0,0,0
"Panama",2350,"2017",1092,"20-24",0,0,0,0,0,0
"Panama",2350,"2017",1092,"25-29",0,0,0,0,0,0
"Panama",2350,"2017",1092,"30-34",0,0,0,0,0,0
"Panama",2350,"2017",1092,"35-39",0,0,0,0,0,0
"Panama",2350,"2017",1092,"40-44",0,0,0,0,0,0
"Panama",2350,"2017",1092,"45-49",0,0,0,0,0,0
"Panama",2350,"2017",1092,"5-9",0,0,0,0,0,0
"Panama",2350,"2017",1092,"50-54",0,0,0,0,0,0
"Panama",2350,"2017",1092,"55-59",0,0,0,0,0,0
"Panama",2350,"2017",1092,"60-64",0,0,0,0,0,0
"Panama",2350,"2017",1092,"65-69",0,0,0,0,0,0
"Panama",2350,"2017",1092,"70-74",0,0,0,0,0,0
"Panama",2350,"2017",1092,"75-79",0,0,0,0,0,0
"Panama",2350,"2017",1092,"80-84",0,0,0,0,0,0
"Panama",2350,"2017",1092,"85-89",0,0,0,0,0,0
"Panama",2350,"2017",1092,"90-94",0,0,0,0,0,0
"Panama",2350,"2017",1092,"95+",0,0,0,0,0,0
"Panama",2350,"2017",1093,"0-4",319,332,330.5,396.6,-13,0
"Panama",2350,"2017",1093,"10-14",9,8,7.5,9,1,0
"Panama",2350,"2017",1093,"15-19",6,6.5,6,7.2,-0.5,0
"Panama",2350,"2017",1093,"20-24",3,2.5,3.25,3.9,0.5,0
"Panama",2350,"2017",1093,"25-29",2,4.5,4.5,5.4,-2.5,0
"Panama",2350,"2017",1093,"30-34",4,2,2.25,2.7,2,2
"Panama",2350,"2017",1093,"35-39",1,1,1.5,1.8,0,0
"Panama",2350,"2017",1093,"40-44",2,0,0.5,0.6,2,2
"Panama",2350,"2017",1093,"45-49",0,0,0,0,0,0
"Panama",2350,"2017",1093,"5-9",14,8.5,9.5,11.4,5.5,5.5
"Panama",2350,"2017",1093,"50-54",0,0,0,0,0,0
"Panama",2350,"2017",1093,"55-59",0,0,0,0,0,0
"Panama",2350,"2017",1093,"60-64",0,0,0,0,0,0
"Panama",2350,"2017",1093,"65-69",0,0,0,0,0,0
"Panama",2350,"2017",1093,"70-74",0,0,0,0,0,0
"Panama",2350,"2017",1093,"75-79",0,0,0,0,0,0
"Panama",2350,"2017",1093,"80-84",0,0,0,0,0,0
"Panama",2350,"2017",1093,"85-89",0,0,0,0,0,0
"Panama",2350,"2017",1093,"90-94",0,0,0,0,0,0
"Panama",2350,"2017",1093,"95+",0,0,0,0,0,0
"Panama",2350,"2017",1094,"0-4",94,93,88.25,105.9,1,0
"Panama",2350,"2017",1094,"10-14",8,7.5,7.5,9,0.5,0
"Panama",2350,"2017",1094,"15-19",11,13,12.75,15.3,-2,0
"Panama",2350,"2017",1094,"20-24",11,15,16.5,19.8,-4,0
"Panama",2350,"2017",1094,"25-29",23,22,22.5,27,1,0
"Panama",2350,"2017",1094,"30-34",27,19,18.75,22.5,8,8
"Panama",2350,"2017",1094,"35-39",18,18.5,19,22.8,-0.5,0
"Panama",2350,"2017",1094,"40-44",25,23.5,23.5,28.2,1.5,0
"Panama",2350,"2017",1094,"45-49",27,23,22.75,27.3,4,0
"Panama",2350,"2017",1094,"5-9",12,9.5,8.75,10.5,2.5,2.5
"Panama",2350,"2017",1094,"50-54",22,23,24.25,29.1,-1,0
"Panama",2350,"2017",1094,"55-59",32,30,27.75,33.3,2,0
"Panama",2350,"2017",1094,"60-64",36,30.5,30.75,36.9,5.5,0
"Panama",2350,"2017",1094,"65-69",45,41.5,40,48,3.5,0
"Panama",2350,"2017",1094,"70-74",58,47.5,46.25,55.5,10.5,10.5
"Panama",2350,"2017",1094,"75-79",66,58,58.75,70.5,8,0
"Panama",2350,"2017",1094,"80-84",85,67,70,84,18,18
"Panama",2350,"2017",1094,"85-89",76,73,74.25,89.1,3,0
"Panama",2350,"2017",1094,"90-94",69,65,65.25,78.3,4,0
"Panama",2350,"2017",1094,"95+",72,64.5,65.5,78.6,7.5,0
"Panama",2350,"2017",1096,"0-4",8,8.5,9.75,11.7,-0.5,0
"Panama",2350,"2017",1096,"10-14",11,9.5,10.75,12.9,1.5,0
"Panama",2350,"2017",1096,"15-19",29,29,28,33.6,0,0
"Panama",2350,"2017",1096,"20-24",42,41.5,42.75,51.3,0.5,0
"Panama",2350,"2017",1096,"25-29",69,46,50.5,60.6,23,23
"Panama",2350,"2017",1096,"30-34",46,46,47.75,57.3,0,0
"Panama",2350,"2017",1096,"35-39",31,31,32.5,39,0,0
"Panama",2350,"2017",1096,"40-44",29,31.5,34.25,41.1,-2.5,0
"Panama",2350,"2017",1096,"45-49",37,37,35,42,0,0
"Panama",2350,"2017",1096,"5-9",11,7,7.75,9.3,4,4
"Panama",2350,"2017",1096,"50-54",33,30.5,29.75,35.7,2.5,0
"Panama",2350,"2017",1096,"55-59",25,29,30,36,-4,0
"Panama",2350,"2017",1096,"60-64",22,25.5,24.5,29.4,-3.5,0
"Panama",2350,"2017",1096,"65-69",22,23,22.75,27.3,-1,0
"Panama",2350,"2017",1096,"70-74",19,16.5,17,20.4,2.5,0
"Panama",2350,"2017",1096,"75-79",13,14,14.25,17.1,-1,0
"Panama",2350,"2017",1096,"80-84",12,9,8.5,10.2,3,3
"Panama",2350,"2017",1096,"85-89",5,6,6.5,7.8,-1,0
"Panama",2350,"2017",1096,"90-94",2,1,2,2.4,1,0
"Panama",2350,"2017",1096,"95+",0,0,0.25,0.3,0,0
"Panama",2350,"2017",1102,"0-4",2,3,3.25,3.9,-1,0
"Panama",2350,"2017",1102,"10-14",6,4.5,4.5,5.4,1.5,1.5
"Panama",2350,"2017",1102,"15-19",51,54,56,67.2,-3,0
"Panama",2350,"2017",1102,"20-24",92,78.5,79.75,95.7,13.5,0
"Panama",2350,"2017",1102,"25-29",64,79,77.5,93,-15,0
"Panama",2350,"2017",1102,"30-34",58,59,57.25,68.7,-1,0
"Panama",2350,"2017",1102,"35-39",34,41,42,50.4,-7,0
"Panama",2350,"2017",1102,"40-44",36,35,33.5,40.2,1,0
"Panama",2350,"2017",1102,"45-49",26,27,27,32.4,-1,0
"Panama",2350,"2017",1102,"5-9",2,1.5,1.75,2.1,0.5,0
"Panama",2350,"2017",1102,"50-54",19,15.5,15,18,3.5,3.5
"Panama",2350,"2017",1102,"55-59",13,11.5,11.75,14.1,1.5,0
"Panama",2350,"2017",1102,"60-64",9,11,11,13.2,-2,0
"Panama",2350,"2017",1102,"65-69",6,6.5,6.5,7.8,-0.5,0
"Panama",2350,"2017",1102,"70-74",3,3.5,3.5,4.2,-0.5,0
"Panama",2350,"2017",1102,"75-79",3,3,2.5,3,0,0
"Panama",2350,"2017",1102,"80-84",3,1,1.25,1.5,2,2
"Panama",2350,"2017",1102,"85-89",0,1,1.25,1.5,-1,0
"Panama",2350,"2017",1102,"90-94",2,0,0.5,0.6,2,2
"Panama",2350,"2017",1102,"95+",0,0,0,0,0,0
"Panama",2350,"2018",1001,"0-4",115,127.5,121.25,145.5,-12.5,0
"Panama",2350,"2018",1001,"10-14",6,7,6.75,8.1,-1,0
"Panama",2350,"2018",1001,"15-19",25,24.5,24.75,29.7,0.5,0
"Panama",2350,"2018",1001,"20-24",76,73.5,71.5,85.8,2.5,0
"Panama",2350,"2018",1001,"25-29",105,106,103,123.6,-1,0
"Panama",2350,"2018",1001,"30-34",91,86.5,87.5,105,4.5,0
"Panama",2350,"2018",1001,"35-39",90,85,85.5,102.6,5,0
"Panama",2350,"2018",1001,"40-44",77,76,78,93.6,1,0
"Panama",2350,"2018",1001,"45-49",79,90,88,105.6,-11,0
"Panama",2350,"2018",1001,"5-9",9,9,9.75,11.7,0,0
"Panama",2350,"2018",1001,"50-54",51,74.5,75,90,-23.5,0
"Panama",2350,"2018",1001,"55-59",71,70.5,69,82.8,0.5,0
"Panama",2350,"2018",1001,"60-64",58,57,56,67.2,1,0
"Panama",2350,"2018",1001,"65-69",52,48.5,48.75,58.5,3.5,0
"Panama",2350,"2018",1001,"70-74",53,51,54.75,65.7,2,0
"Panama",2350,"2018",1001,"75-79",40,44,44,52.8,-4,0
"Panama",2350,"2018",1001,"80-84",42,49.5,47.75,57.3,-7.5,0
"Panama",2350,"2018",1001,"85-89",40,41.5,42.25,50.7,-1.5,0
"Panama",2350,"2018",1001,"90-94",20,23.5,24.25,29.1,-3.5,0
"Panama",2350,"2018",1001,"95+",18,16,14.75,17.7,2,2
"Panama",2350,"2018",1026,"0-4",15,14,14.75,17.7,1,0
"Panama",2350,"2018",1026,"10-14",19,19.5,18.5,22.2,-0.5,0
"Panama",2350,"2018",1026,"15-19",29,29,27,32.4,0,0
"Panama",2350,"2018",1026,"20-24",28,28,26,31.2,0,0
"Panama",2350,"2018",1026,"25-29",34,32.5,31.25,37.5,1.5,0
"Panama",2350,"2018",1026,"30-34",49,47.5,49,58.8,1.5,0
"Panama",2350,"2018",1026,"35-39",69,64,65.75,78.9,5,0
"Panama",2350,"2018",1026,"40-44",101,97,95.75,114.9,4,0
"Panama",2350,"2018",1026,"45-49",144,143,149.75,179.7,1,0
"Panama",2350,"2018",1026,"5-9",14,15,14.75,17.7,-1,0
"Panama",2350,"2018",1026,"50-54",203,198,199,238.8,5,0
"Panama",2350,"2018",1026,"55-59",243,259.5,258.25,309.9,-16.5,0
"Panama",2350,"2018",1026,"60-64",317,302,296.25,355.5,15,0
"Panama",2350,"2018",1026,"65-69",374,375.5,378.25,453.9,-1.5,0
"Panama",2350,"2018",1026,"70-74",439,429,424,508.8,10,0
"Panama",2350,"2018",1026,"75-79",453,403,410.75,492.9,50,0
"Panama",2350,"2018",1026,"80-84",347,357.5,356.5,427.8,-10.5,0
"Panama",2350,"2018",1026,"85-89",272,275,272.5,327,-3,0
"Panama",2350,"2018",1026,"90-94",150,139,139.75,167.7,11,0
"Panama",2350,"2018",1026,"95+",62,62,60.25,72.3,0,0
"Panama",2350,"2018",1048,"0-4",6,10,11.5,13.8,-4,0
"Panama",2350,"2018",1048,"10-14",4,4,3.5,4.2,0,0
"Panama",2350,"2018",1048,"15-19",3,3,2.5,3,0,0
"Panama",2350,"2018",1048,"20-24",7,5.5,5,6,1.5,1.5
"Panama",2350,"2018",1048,"25-29",4,6,6,7.2,-2,0
"Panama",2350,"2018",1048,"30-34",5,4.5,5.25,6.3,0.5,0
"Panama",2350,"2018",1048,"35-39",3,5.5,5.25,6.3,-2.5,0
"Panama",2350,"2018",1048,"40-44",7,5,5.25,6.3,2,2
"Panama",2350,"2018",1048,"45-49",1,3,5.5,6.6,-2,0
"Panama",2350,"2018",1048,"5-9",1,2,1.75,2.1,-1,0
"Panama",2350,"2018",1048,"50-54",3,5,5,6,-2,0
"Panama",2350,"2018",1048,"55-59",4,6.5,7.25,8.7,-2.5,0
"Panama",2350,"2018",1048,"60-64",11,9,8.5,10.2,2,2
"Panama",2350,"2018",1048,"65-69",6,8,8,9.6,-2,0
"Panama",2350,"2018",1048,"70-74",8,7.5,8.75,10.5,0.5,0
"Panama",2350,"2018",1048,"75-79",12,10.5,10.75,12.9,1.5,0
"Panama",2350,"2018",1048,"80-84",10,12,12.25,14.7,-2,0
"Panama",2350,"2018",1048,"85-89",10,11,12.25,14.7,-1,0
"Panama",2350,"2018",1048,"90-94",9,8.5,9.25,11.1,0.5,0
"Panama",2350,"2018",1048,"95+",9,7.5,6.75,8.1,1.5,1.5
"Panama",2350,"2018",1051,"0-4",52,50,46.5,55.8,2,0
"Panama",2350,"2018",1051,"10-14",1,2,2.25,2.7,-1,0
"Panama",2350,"2018",1051,"15-19",4,4,3.5,4.2,0,0
"Panama",2350,"2018",1051,"20-24",7,4,4.25,5.1,3,3
"Panama",2350,"2018",1051,"25-29",6,5,5,6,1,0
"Panama",2350,"2018",1051,"30-34",10,7,7.25,8.7,3,3
"Panama",2350,"2018",1051,"35-39",12,12,13.5,16.2,0,0
"Panama",2350,"2018",1051,"40-44",28,23.5,23.75,28.5,4.5,0
"Panama",2350,"2018",1051,"45-49",48,44.5,40.5,48.6,3.5,0
"Panama",2350,"2018",1051,"5-9",5,2,2.75,3.3,3,3
"Panama",2350,"2018",1051,"50-54",59,64,67.75,81.3,-5,0
"Panama",2350,"2018",1051,"55-59",122,100.5,101.25,121.5,21.5,21.5
"Panama",2350,"2018",1051,"60-64",180,142,148.75,178.5,38,38
"Panama",2350,"2018",1051,"65-69",176,181,173.75,208.5,-5,0
"Panama",2350,"2018",1051,"70-74",189,184.5,184.5,221.4,4.5,0
"Panama",2350,"2018",1051,"75-79",217,215,210.25,252.3,2,0
"Panama",2350,"2018",1051,"80-84",182,210.5,206.5,247.8,-28.5,0
"Panama",2350,"2018",1051,"85-89",171,166,165.75,198.9,5,0
"Panama",2350,"2018",1051,"90-94",103,109,109,130.8,-6,0
"Panama",2350,"2018",1051,"95+",60,65.5,64,76.8,-5.5,0
"Panama",2350,"2018",1055,"0-4",0,0,0,0,0,0
"Panama",2350,"2018",1055,"10-14",0,0,0,0,0,0
"Panama",2350,"2018",1055,"15-19",0,0,0,0,0,0
"Panama",2350,"2018",1055,"20-24",1,0,0.25,0.3,1,1
"Panama",2350,"2018",1055,"25-29",0,1,1.5,1.8,-1,0
"Panama",2350,"2018",1055,"30-34",1,0.5,0.5,0.6,0.5,0.5
"Panama",2350,"2018",1055,"35-39",2,1.5,1.25,1.5,0.5,0.5
"Panama",2350,"2018",1055,"40-44",4,2,2,2.4,2,2
"Panama",2350,"2018",1055,"45-49",4,4.5,4.5,5.4,-0.5,0
"Panama",2350,"2018",1055,"5-9",1,0,0.25,0.3,1,1
"Panama",2350,"2018",1055,"50-54",2,5.5,5,6,-3.5,0
"Panama",2350,"2018",1055,"55-59",12,10,8.75,10.5,2,2
"Panama",2350,"2018",1055,"60-64",12,9,9.5,11.4,3,3
"Panama",2350,"2018",1055,"65-69",6,6.5,6.75,8.1,-0.5,0
"Panama",2350,"2018",1055,"70-74",8,8.5,8,9.6,-0.5,0
"Panama",2350,"2018",1055,"75-79",6,6.5,8,9.6,-0.5,0
"Panama",2350,"2018",1055,"80-84",17,18,18.25,21.9,-1,0
"Panama",2350,"2018",1055,"85-89",22,16.5,16.5,19.8,5.5,5.5
"Panama",2350,"2018",1055,"90-94",12,13.5,17,20.4,-1.5,0
"Panama",2350,"2018",1055,"95+",12,11,13.75,16.5,1,0
"Panama",2350,"2018",1058,"0-4",21,29,28.5,34.2,-8,0
"Panama",2350,"2018",1058,"10-14",12,8.5,8.75,10.5,3.5,3.5
"Panama",2350,"2018",1058,"15-19",15,15.5,15,18,-0.5,0
"Panama",2350,"2018",1058,"20-24",21,18.5,18,21.6,2.5,0
"Panama",2350,"2018",1058,"25-29",18,14,14.25,17.1,4,4
"Panama",2350,"2018",1058,"30-34",5,11.5,10.5,12.6,-6.5,0
"Panama",2350,"2018",1058,"35-39",10,10,9.75,11.7,0,0
"Panama",2350,"2018",1058,"40-44",8,10.5,11,13.2,-2.5,0
"Panama",2350,"2018",1058,"45-49",14,12,11.25,13.5,2,2
"Panama",2350,"2018",1058,"5-9",6,11.5,10.25,12.3,-5.5,0
"Panama",2350,"2018",1058,"50-54",20,16,16.25,19.5,4,4
"Panama",2350,"2018",1058,"55-59",16,16.5,17,20.4,-0.5,0
"Panama",2350,"2018",1058,"60-64",9,14.5,15,18,-5.5,0
"Panama",2350,"2018",1058,"65-69",26,30,30.25,36.3,-4,0
"Panama",2350,"2018",1058,"70-74",46,46.5,45.75,54.9,-0.5,0
"Panama",2350,"2018",1058,"75-79",65,62,61.5,73.8,3,0
"Panama",2350,"2018",1058,"80-84",67,70,74,88.8,-3,0
"Panama",2350,"2018",1058,"85-89",102,96.5,97.75,117.3,5.5,0
"Panama",2350,"2018",1058,"90-94",58,60,58.5,70.2,-2,0
"Panama",2350,"2018",1058,"95+",29,28,28.5,34.2,1,0
"Panama",2350,"2018",1064,"0-4",5,2.5,3.5,4.2,2.5,2.5
"Panama",2350,"2018",1064,"10-14",4,4.5,3.75,4.5,-0.5,0
"Panama",2350,"2018",1064,"15-19",10,11,10.5,12.6,-1,0
"Panama",2350,"2018",1064,"20-24",10,15.5,16.25,19.5,-5.5,0
"Panama",2350,"2018",1064,"25-29",12,19.5,18.25,21.9,-7.5,0
"Panama",2350,"2018",1064,"30-34",27,29.5,30.75,36.9,-2.5,0
"Panama",2350,"2018",1064,"35-39",53,42,43.5,52.2,11,11
"Panama",2350,"2018",1064,"40-44",79,74.5,74.5,89.4,4.5,0
"Panama",2350,"2018",1064,"45-49",135,124,125,150,11,0
"Panama",2350,"2018",1064,"5-9",6,1,2.25,2.7,5,5
"Panama",2350,"2018",1064,"50-54",173,183.5,184,220.8,-10.5,0
"Panama",2350,"2018",1064,"55-59",279,240.5,248,297.6,38.5,0
"Panama",2350,"2018",1064,"60-64",352,325,328.25,393.9,27,0
"Panama",2350,"2018",1064,"65-69",483,426.5,436,523.2,56.5,0
"Panama",2350,"2018",1064,"70-74",627,558,569.5,683.4,69,0
"Panama",2350,"2018",1064,"75-79",719,684,680.5,816.6,35,0
"Panama",2350,"2018",1064,"80-84",834,796.5,783,939.6,37.5,0
"Panama",2350,"2018",1064,"85-89",870,832,835.75,1002.9,38,0
"Panama",2350,"2018",1064,"90-94",733,685.5,671.5,805.8,47.5,0
"Panama",2350,"2018",1064,"95+",548,511,500.25,600.3,37,0
"Panama",2350,"2018",1072,"0-4",113,151.5,147.75,177.3,-38.5,0
"Panama",2350,"2018",1072,"10-14",0,6,5.25,6.3,-6,0
"Panama",2350,"2018",1072,"15-19",4,8.5,8.25,9.9,-4.5,0
"Panama",2350,"2018",1072,"20-24",13,10.5,10,12,2.5,2.5
"Panama",2350,"2018",1072,"25-29",8,13.5,12.25,14.7,-5.5,0
"Panama",2350,"2018",1072,"30-34",5,11.5,12.25,14.7,-6.5,0
"Panama",2350,"2018",1072,"35-39",13,14,13.5,16.2,-1,0
"Panama",2350,"2018",1072,"40-44",19,19,18.25,21.9,0,0
"Panama",2350,"2018",1072,"45-49",17,20.5,22.25,26.7,-3.5,0
"Panama",2350,"2018",1072,"5-9",0,8,6.75,8.1,-8,0
"Panama",2350,"2018",1072,"50-54",29,30.5,31,37.2,-1.5,0
"Panama",2350,"2018",1072,"55-59",40,55.5,52.5,63,-15.5,0
"Panama",2350,"2018",1072,"60-64",50,63.5,63,75.6,-13.5,0
"Panama",2350,"2018",1072,"65-69",92,82,82.5,99,10,0
"Panama",2350,"2018",1072,"70-74",127,124.5,121.25,145.5,2.5,0
"Panama",2350,"2018",1072,"75-79",155,176.5,176.5,211.8,-21.5,0
"Panama",2350,"2018",1072,"80-84",226,219.5,216.25,259.5,6.5,0
"Panama",2350,"2018",1072,"85-89",264,247.5,249.5,299.4,16.5,0
"Panama",2350,"2018",1072,"90-94",209,208.5,209.5,251.4,0.5,0
"Panama",2350,"2018",1072,"95+",179,167.5,165.25,198.3,11.5,0
"Panama",2350,"2018",1078,"0-4",24,18.5,20.75,24.9,5.5,0
"Panama",2350,"2018",1078,"10-14",6,5,4.75,5.7,1,1
"Panama",2350,"2018",1078,"15-19",7,7,7,8.4,0,0
"Panama",2350,"2018",1078,"20-24",9,6,6,7.2,3,3
"Panama",2350,"2018",1078,"25-29",9,5,5.75,6.9,4,4
"Panama",2350,"2018",1078,"30-34",10,9.5,9.25,11.1,0.5,0
"Panama",2350,"2018",1078,"35-39",10,11,10.75,12.9,-1,0
"Panama",2350,"2018",1078,"40-44",23,20.5,21.25,25.5,2.5,0
"Panama",2350,"2018",1078,"45-49",39,36.5,34.75,41.7,2.5,0
"Panama",2350,"2018",1078,"5-9",3,2,2,2.4,1,1
"Panama",2350,"2018",1078,"50-54",45,47.5,48.5,58.2,-2.5,0
"Panama",2350,"2018",1078,"55-59",54,61.5,62.75,75.3,-7.5,0
"Panama",2350,"2018",1078,"60-64",90,84,83.75,100.5,6,0
"Panama",2350,"2018",1078,"65-69",81,83,82,98.4,-2,0
"Panama",2350,"2018",1078,"70-74",105,102.5,101,121.2,2.5,0
"Panama",2350,"2018",1078,"75-79",105,103,103.75,124.5,2,0
"Panama",2350,"2018",1078,"80-84",104,94.5,91,109.2,9.5,0
"Panama",2350,"2018",1078,"85-89",87,77.5,79.75,95.7,9.5,0
"Panama",2350,"2018",1078,"90-94",52,52.5,52,62.4,-0.5,0
"Panama",2350,"2018",1078,"95+",37,30,31,37.2,7,0
"Panama",2350,"2018",1082,"0-4",0,1,1.25,1.5,-1,0
"Panama",2350,"2018",1082,"10-14",1,1,0.75,0.9,0,0
"Panama",2350,"2018",1082,"15-19",0,0,0.25,0.3,0,0
"Panama",2350,"2018",1082,"20-24",3,1.5,1.5,1.8,1.5,1.5
"Panama",2350,"2018",1082,"25-29",2,0.5,0.75,0.9,1.5,1.5
"Panama",2350,"2018",1082,"30-34",1,1,0.75,0.9,0,0
"Panama",2350,"2018",1082,"35-39",2,1,1,1.2,1,1
"Panama",2350,"2018",1082,"40-44",1,1,1.5,1.8,0,0
"Panama",2350,"2018",1082,"45-49",2,2.5,2.25,2.7,-0.5,0
"Panama",2350,"2018",1082,"5-9",0,0,0,0,0,0
"Panama",2350,"2018",1082,"50-54",2,3,3.75,4.5,-1,0
"Panama",2350,"2018",1082,"55-59",10,3,4.25,5.1,7,7
"Panama",2350,"2018",1082,"60-64",9,4.5,5.25,6.3,4.5,4.5
"Panama",2350,"2018",1082,"65-69",6,9,9,10.8,-3,0
"Panama",2350,"2018",1082,"70-74",10,10,8.75,10.5,0,0
"Panama",2350,"2018",1082,"75-79",13,12.5,11.5,13.8,0.5,0
"Panama",2350,"2018",1082,"80-84",25,12.5,15.5,18.6,12.5,12.5
"Panama",2350,"2018",1082,"85-89",26,21,21.25,25.5,5,5
"Panama",2350,"2018",1082,"90-94",22,20,20.25,24.3,2,0
"Panama",2350,"2018",1082,"95+",13,12.5,12.25,14.7,0.5,0
"Panama",2350,"2018",1083,"0-4",0,0,0.25,0.3,0,0
"Panama",2350,"2018",1083,"10-14",3,1.5,1.5,1.8,1.5,1.5
"Panama",2350,"2018",1083,"15-19",2,2.5,2.25,2.7,-0.5,0
"Panama",2350,"2018",1083,"20-24",0,2,1.75,2.1,-2,0
"Panama",2350,"2018",1083,"25-29",5,4.5,4,4.8,0.5,0.5
"Panama",2350,"2018",1083,"30-34",5,2,2.5,3,3,3
"Panama",2350,"2018",1083,"35-39",2,3,3.5,4.2,-1,0
"Panama",2350,"2018",1083,"40-44",2,4.5,4,4.8,-2.5,0
"Panama",2350,"2018",1083,"45-49",5,4.5,4.5,5.4,0.5,0
"Panama",2350,"2018",1083,"5-9",1,0,0.25,0.3,1,1
"Panama",2350,"2018",1083,"50-54",7,5,5.25,6.3,2,2
"Panama",2350,"2018",1083,"55-59",8,3.5,3.75,4.5,4.5,4.5
"Panama",2350,"2018",1083,"60-64",6,5,5.25,6.3,1,0
"Panama",2350,"2018",1083,"65-69",6,6.5,7,8.4,-0.5,0
"Panama",2350,"2018",1083,"70-74",11,6,6.75,8.1,5,5
"Panama",2350,"2018",1083,"75-79",11,9,9.25,11.1,2,0
"Panama",2350,"2018",1083,"80-84",15,12,11.5,13.8,3,3
"Panama",2350,"2018",1083,"85-89",10,10.5,11,13.2,-0.5,0
"Panama",2350,"2018",1083,"90-94",8,8.5,9,10.8,-0.5,0
"Panama",2350,"2018",1083,"95+",18,8,9.75,11.7,10,10
"Panama",2350,"2018",1084,"0-4",8,7.5,8.75,10.5,0.5,0
"Panama",2350,"2018",1084,"10-14",2,1.5,1.5,1.8,0.5,0.5
"Panama",2350,"2018",1084,"15-19",3,2,1.75,2.1,1,1
"Panama",2350,"2018",1084,"20-24",5,5,4.75,5.7,0,0
"Panama",2350,"2018",1084,"25-29",5,5.5,5.25,6.3,-0.5,0
"Panama",2350,"2018",1084,"30-34",5,6,6.5,7.8,-1,0
"Panama",2350,"2018",1084,"35-39",13,11,11.25,13.5,2,0
"Panama",2350,"2018",1084,"40-44",19,18.5,19.5,23.4,0.5,0
"Panama",2350,"2018",1084,"45-49",25,24,24,28.8,1,0
"Panama",2350,"2018",1084,"5-9",2,0.5,0.75,0.9,1.5,1.5
"Panama",2350,"2018",1084,"50-54",32,29.5,32,38.4,2.5,0
"Panama",2350,"2018",1084,"55-59",55,43.5,43.75,52.5,11.5,11.5
"Panama",2350,"2018",1084,"60-64",69,57,56.25,67.5,12,12
"Panama",2350,"2018",1084,"65-69",82,77.5,73.75,88.5,4.5,0
"Panama",2350,"2018",1084,"70-74",94,89.5,87.25,104.7,4.5,0
"Panama",2350,"2018",1084,"75-79",106,91,96.5,115.8,15,0
"Panama",2350,"2018",1084,"80-84",109,106.5,105,126,2.5,0
"Panama",2350,"2018",1084,"85-89",109,107.5,107,128.4,1.5,0
"Panama",2350,"2018",1084,"90-94",81,77,75.5,90.6,4,0
"Panama",2350,"2018",1084,"95+",46,42.5,40.5,48.6,3.5,0
"Panama",2350,"2018",1087,"0-4",0,0,0,0,0,0
"Panama",2350,"2018",1087,"10-14",0,0,0,0,0,0
"Panama",2350,"2018",1087,"15-19",3,6.5,6.25,7.5,-3.5,0
"Panama",2350,"2018",1087,"20-24",9,6.5,6.75,8.1,2.5,2.5
"Panama",2350,"2018",1087,"25-29",7,7.5,7.75,9.3,-0.5,0
"Panama",2350,"2018",1087,"30-34",4,5,5,6,-1,0
"Panama",2350,"2018",1087,"35-39",7,5.5,5.25,6.3,1.5,1.5
"Panama",2350,"2018",1087,"40-44",4,3,3.25,3.9,1,1
"Panama",2350,"2018",1087,"45-49",1,0.5,0.5,0.6,0.5,0.5
"Panama",2350,"2018",1087,"5-9",0,0,0,0,0,0
"Panama",2350,"2018",1087,"50-54",0,0,0,0,0,0
"Panama",2350,"2018",1087,"55-59",0,0,0,0,0,0
"Panama",2350,"2018",1087,"60-64",0,0,0,0,0,0
"Panama",2350,"2018",1087,"65-69",0,0,0,0,0,0
"Panama",2350,"2018",1087,"70-74",0,0,0,0,0,0
"Panama",2350,"2018",1087,"75-79",0,0,0,0,0,0
"Panama",2350,"2018",1087,"80-84",0,0,0,0,0,0
"Panama",2350,"2018",1087,"85-89",0,0,0,0,0,0
"Panama",2350,"2018",1087,"90-94",0,0,0,0,0,0
"Panama",2350,"2018",1087,"95+",0,0,0,0,0,0
"Panama",2350,"2018",1092,"0-4",521,435.5,444.25,533.1,85.5,0
"Panama",2350,"2018",1092,"10-14",0,0,0,0,0,0
"Panama",2350,"2018",1092,"15-19",0,0,0,0,0,0
"Panama",2350,"2018",1092,"20-24",0,0,0,0,0,0
"Panama",2350,"2018",1092,"25-29",0,0,0,0,0,0
"Panama",2350,"2018",1092,"30-34",0,0,0,0,0,0
"Panama",2350,"2018",1092,"35-39",0,0,0,0,0,0
"Panama",2350,"2018",1092,"40-44",0,0,0,0,0,0
"Panama",2350,"2018",1092,"45-49",0,0,0,0,0,0
"Panama",2350,"2018",1092,"5-9",0,0,0,0,0,0
"Panama",2350,"2018",1092,"50-54",0,0,0,0,0,0
"Panama",2350,"2018",1092,"55-59",0,0,0,0,0,0
"Panama",2350,"2018",1092,"60-64",0,0,0,0,0,0
"Panama",2350,"2018",1092,"65-69",0,0,0,0,0,0
"Panama",2350,"2018",1092,"70-74",0,0,0,0,0,0
"Panama",2350,"2018",1092,"75-79",0,0,0,0,0,0
"Panama",2350,"2018",1092,"80-84",0,0,0,0,0,0
"Panama",2350,"2018",1092,"85-89",0,0,0,0,0,0
"Panama",2350,"2018",1092,"90-94",0,0,0,0,0,0
"Panama",2350,"2018",1092,"95+",0,0,0,0,0,0
"Panama",2350,"2018",1093,"0-4",347,332,330.5,396.6,15,0
"Panama",2350,"2018",1093,"10-14",3,8,7.5,9,-5,0
"Panama",2350,"2018",1093,"15-19",3,6.5,6,7.2,-3.5,0
"Panama",2350,"2018",1093,"20-24",2,2.5,3.25,3.9,-0.5,0
"Panama",2350,"2018",1093,"25-29",4,4.5,4.5,5.4,-0.5,0
"Panama",2350,"2018",1093,"30-34",1,2,2.25,2.7,-1,0
"Panama",2350,"2018",1093,"35-39",1,1,1.5,1.8,0,0
"Panama",2350,"2018",1093,"40-44",0,0,0.5,0.6,0,0
"Panama",2350,"2018",1093,"45-49",0,0,0,0,0,0
"Panama",2350,"2018",1093,"5-9",8,8.5,9.5,11.4,-0.5,0
"Panama",2350,"2018",1093,"50-54",0,0,0,0,0,0
"Panama",2350,"2018",1093,"55-59",0,0,0,0,0,0
"Panama",2350,"2018",1093,"60-64",0,0,0,0,0,0
"Panama",2350,"2018",1093,"65-69",0,0,0,0,0,0
"Panama",2350,"2018",1093,"70-74",0,0,0,0,0,0
"Panama",2350,"2018",1093,"75-79",0,0,0,0,0,0
"Panama",2350,"2018",1093,"80-84",0,0,0,0,0,0
"Panama",2350,"2018",1093,"85-89",0,0,0,0,0,0
"Panama",2350,"2018",1093,"90-94",0,0,0,0,0,0
"Panama",2350,"2018",1093,"95+",0,0,0,0,0,0
"Panama",2350,"2018",1094,"0-4",96,93,88.25,105.9,3,0
"Panama",2350,"2018",1094,"10-14",8,7.5,7.5,9,0.5,0
"Panama",2350,"2018",1094,"15-19",9,13,12.75,15.3,-4,0
"Panama",2350,"2018",1094,"20-24",27,15,16.5,19.8,12,12
"Panama",2350,"2018",1094,"25-29",20,22,22.5,27,-2,0
"Panama",2350,"2018",1094,"30-34",19,19,18.75,22.5,0,0
"Panama",2350,"2018",1094,"35-39",17,18.5,19,22.8,-1.5,0
"Panama",2350,"2018",1094,"40-44",22,23.5,23.5,28.2,-1.5,0
"Panama",2350,"2018",1094,"45-49",29,23,22.75,27.3,6,6
"Panama",2350,"2018",1094,"5-9",13,9.5,8.75,10.5,3.5,3.5
"Panama",2350,"2018",1094,"50-54",30,23,24.25,29.1,7,7
"Panama",2350,"2018",1094,"55-59",29,30,27.75,33.3,-1,0
"Panama",2350,"2018",1094,"60-64",33,30.5,30.75,36.9,2.5,0
"Panama",2350,"2018",1094,"65-69",40,41.5,40,48,-1.5,0
"Panama",2350,"2018",1094,"70-74",32,47.5,46.25,55.5,-15.5,0
"Panama",2350,"2018",1094,"75-79",53,58,58.75,70.5,-5,0
"Panama",2350,"2018",1094,"80-84",61,67,70,84,-6,0
"Panama",2350,"2018",1094,"85-89",83,73,74.25,89.1,10,0
"Panama",2350,"2018",1094,"90-94",75,65,65.25,78.3,10,0
"Panama",2350,"2018",1094,"95+",61,64.5,65.5,78.6,-3.5,0
"Panama",2350,"2018",1096,"0-4",8,8.5,9.75,11.7,-0.5,0
"Panama",2350,"2018",1096,"10-14",7,9.5,10.75,12.9,-2.5,0
"Panama",2350,"2018",1096,"15-19",29,29,28,33.6,0,0
"Panama",2350,"2018",1096,"20-24",35,41.5,42.75,51.3,-6.5,0
"Panama",2350,"2018",1096,"25-29",41,46,50.5,60.6,-5,0
"Panama",2350,"2018",1096,"30-34",42,46,47.75,57.3,-4,0
"Panama",2350,"2018",1096,"35-39",31,31,32.5,39,0,0
"Panama",2350,"2018",1096,"40-44",30,31.5,34.25,41.1,-1.5,0
"Panama",2350,"2018",1096,"45-49",25,37,35,42,-12,0
"Panama",2350,"2018",1096,"5-9",6,7,7.75,9.3,-1,0
"Panama",2350,"2018",1096,"50-54",31,30.5,29.75,35.7,0.5,0
"Panama",2350,"2018",1096,"55-59",37,29,30,36,8,8
"Panama",2350,"2018",1096,"60-64",14,25.5,24.5,29.4,-11.5,0
"Panama",2350,"2018",1096,"65-69",24,23,22.75,27.3,1,0
"Panama",2350,"2018",1096,"70-74",13,16.5,17,20.4,-3.5,0
"Panama",2350,"2018",1096,"75-79",14,14,14.25,17.1,0,0
"Panama",2350,"2018",1096,"80-84",6,9,8.5,10.2,-3,0
"Panama",2350,"2018",1096,"85-89",9,6,6.5,7.8,3,3
"Panama",2350,"2018",1096,"90-94",0,1,2,2.4,-1,0
"Panama",2350,"2018",1096,"95+",0,0,0.25,0.3,0,0
"Panama",2350,"2018",1102,"0-4",4,3,3.25,3.9,1,1
"Panama",2350,"2018",1102,"10-14",5,4.5,4.5,5.4,0.5,0
"Panama",2350,"2018",1102,"15-19",51,54,56,67.2,-3,0
"Panama",2350,"2018",1102,"20-24",74,78.5,79.75,95.7,-4.5,0
"Panama",2350,"2018",1102,"25-29",88,79,77.5,93,9,0
"Panama",2350,"2018",1102,"30-34",51,59,57.25,68.7,-8,0
"Panama",2350,"2018",1102,"35-39",52,41,42,50.4,11,11
"Panama",2350,"2018",1102,"40-44",37,35,33.5,40.2,2,0
"Panama",2350,"2018",1102,"45-49",23,27,27,32.4,-4,0
"Panama",2350,"2018",1102,"5-9",1,1.5,1.75,2.1,-0.5,0
"Panama",2350,"2018",1102,"50-54",10,15.5,15,18,-5.5,0
"Panama",2350,"2018",1102,"55-59",17,11.5,11.75,14.1,5.5,5.5
"Panama",2350,"2018",1102,"60-64",8,11,11,13.2,-3,0
"Panama",2350,"2018",1102,"65-69",4,6.5,6.5,7.8,-2.5,0
"Panama",2350,"2018",1102,"70-74",4,3.5,3.5,4.2,0.5,0
"Panama",2350,"2018",1102,"75-79",0,3,2.5,3,-3,0
"Panama",2350,"2018",1102,"80-84",1,1,1.25,1.5,0,0
"Panama",2350,"2018",1102,"85-89",2,1,1.25,1.5,1,1
"Panama",2350,"2018",1102,"90-94",0,0,0.5,0.6,0,0
"Panama",2350,"2018",1102,"95+",0,0,0,0,0,0
